2025-08-20 14:11:07 DEBUG cache - Couldn't find template in cache for "spark/spark.spa.ftl"("en_IN", UTF-8, parsed); will try to load it.
2025-08-20 14:11:07 DEBUG cache - TemplateLoader.findTemplateSource("spark/spark.spa_en_IN.ftl"): Not found
2025-08-20 14:11:07 DEBUG cache - TemplateLoader.findTemplateSource("spark/spark.spa_en.ftl"): Not found
2025-08-20 14:11:07 DEBUG cache - TemplateLoader.findTemplateSource("spark/spark.spa.ftl"): Found
2025-08-20 14:11:07 DEBUG cache - Loading template for "spark/spark.spa.ftl"("en_IN", UTF-8, parsed) from "jar:file:/C:/Users/Ritesh%20Kumar%20Singh/.m2/repository/com/aventstack/extentreports/5.0.9/extentreports-5.0.9.jar!/com/aventstack/extentreports/templates/spark/spark.spa.ftl"
2025-08-20 14:11:07 DEBUG cache - Couldn't find template in cache for "commons/commons-variables.ftl"("en_IN", UTF-8, parsed); will try to load it.
2025-08-20 14:11:07 DEBUG cache - TemplateLoader.findTemplateSource("commons/commons-variables_en_IN.ftl"): Not found
2025-08-20 14:11:07 DEBUG cache - TemplateLoader.findTemplateSource("commons/commons-variables_en.ftl"): Not found
2025-08-20 14:11:07 DEBUG cache - TemplateLoader.findTemplateSource("commons/commons-variables.ftl"): Found
2025-08-20 14:11:07 DEBUG cache - Loading template for "commons/commons-variables.ftl"("en_IN", UTF-8, parsed) from "jar:file:/C:/Users/Ritesh%20Kumar%20Singh/.m2/repository/com/aventstack/extentreports/5.0.9/extentreports-5.0.9.jar!/com/aventstack/extentreports/templates/commons/commons-variables.ftl"
2025-08-20 14:11:07 DEBUG cache - Couldn't find template in cache for "commons/commons-macros.ftl"("en_IN", UTF-8, parsed); will try to load it.
2025-08-20 14:11:07 DEBUG cache - TemplateLoader.findTemplateSource("commons/commons-macros_en_IN.ftl"): Not found
2025-08-20 14:11:07 DEBUG cache - TemplateLoader.findTemplateSource("commons/commons-macros_en.ftl"): Not found
2025-08-20 14:11:07 DEBUG cache - TemplateLoader.findTemplateSource("commons/commons-macros.ftl"): Found
2025-08-20 14:11:07 DEBUG cache - Loading template for "commons/commons-macros.ftl"("en_IN", UTF-8, parsed) from "jar:file:/C:/Users/Ritesh%20Kumar%20Singh/.m2/repository/com/aventstack/extentreports/5.0.9/extentreports-5.0.9.jar!/com/aventstack/extentreports/templates/commons/commons-macros.ftl"
2025-08-20 14:11:07 DEBUG cache - Couldn't find template in cache for "spark/macros/attributes.ftl"("en_IN", UTF-8, parsed); will try to load it.
2025-08-20 14:11:07 DEBUG cache - TemplateLoader.findTemplateSource("spark/macros/attributes_en_IN.ftl"): Not found
2025-08-20 14:11:07 DEBUG cache - TemplateLoader.findTemplateSource("spark/macros/attributes_en.ftl"): Not found
2025-08-20 14:11:07 DEBUG cache - TemplateLoader.findTemplateSource("spark/macros/attributes.ftl"): Found
2025-08-20 14:11:07 DEBUG cache - Loading template for "spark/macros/attributes.ftl"("en_IN", UTF-8, parsed) from "jar:file:/C:/Users/Ritesh%20Kumar%20Singh/.m2/repository/com/aventstack/extentreports/5.0.9/extentreports-5.0.9.jar!/com/aventstack/extentreports/templates/spark/macros/attributes.ftl"
2025-08-20 14:11:07 DEBUG cache - Couldn't find template in cache for "spark/macros/log.ftl"("en_IN", UTF-8, parsed); will try to load it.
2025-08-20 14:11:07 DEBUG cache - TemplateLoader.findTemplateSource("spark/macros/log_en_IN.ftl"): Not found
2025-08-20 14:11:07 DEBUG cache - TemplateLoader.findTemplateSource("spark/macros/log_en.ftl"): Not found
2025-08-20 14:11:07 DEBUG cache - TemplateLoader.findTemplateSource("spark/macros/log.ftl"): Found
2025-08-20 14:11:07 DEBUG cache - Loading template for "spark/macros/log.ftl"("en_IN", UTF-8, parsed) from "jar:file:/C:/Users/Ritesh%20Kumar%20Singh/.m2/repository/com/aventstack/extentreports/5.0.9/extentreports-5.0.9.jar!/com/aventstack/extentreports/templates/spark/macros/log.ftl"
2025-08-20 14:11:07 DEBUG cache - Couldn't find template in cache for "spark/macros/recurse_nodes.ftl"("en_IN", UTF-8, parsed); will try to load it.
2025-08-20 14:11:07 DEBUG cache - TemplateLoader.findTemplateSource("spark/macros/recurse_nodes_en_IN.ftl"): Not found
2025-08-20 14:11:07 DEBUG cache - TemplateLoader.findTemplateSource("spark/macros/recurse_nodes_en.ftl"): Not found
2025-08-20 14:11:07 DEBUG cache - TemplateLoader.findTemplateSource("spark/macros/recurse_nodes.ftl"): Found
2025-08-20 14:11:07 DEBUG cache - Loading template for "spark/macros/recurse_nodes.ftl"("en_IN", UTF-8, parsed) from "jar:file:/C:/Users/Ritesh%20Kumar%20Singh/.m2/repository/com/aventstack/extentreports/5.0.9/extentreports-5.0.9.jar!/com/aventstack/extentreports/templates/spark/macros/recurse_nodes.ftl"
2025-08-20 14:11:07 DEBUG cache - "spark/macros/log.ftl"("en_IN", UTF-8, parsed) cached copy not yet stale; using cached.
2025-08-20 14:11:07 DEBUG cache - Couldn't find template in cache for "spark/macros/attr-common.ftl"("en_IN", UTF-8, parsed); will try to load it.
2025-08-20 14:11:07 DEBUG cache - TemplateLoader.findTemplateSource("spark/macros/attr-common_en_IN.ftl"): Not found
2025-08-20 14:11:07 DEBUG cache - TemplateLoader.findTemplateSource("spark/macros/attr-common_en.ftl"): Not found
2025-08-20 14:11:07 DEBUG cache - TemplateLoader.findTemplateSource("spark/macros/attr-common.ftl"): Found
2025-08-20 14:11:07 DEBUG cache - Loading template for "spark/macros/attr-common.ftl"("en_IN", UTF-8, parsed) from "jar:file:/C:/Users/Ritesh%20Kumar%20Singh/.m2/repository/com/aventstack/extentreports/5.0.9/extentreports-5.0.9.jar!/com/aventstack/extentreports/templates/spark/macros/attr-common.ftl"
2025-08-20 14:11:07 DEBUG cache - Couldn't find template in cache for "spark/partials/head.ftl"("en_IN", UTF-8, parsed); will try to load it.
2025-08-20 14:11:07 DEBUG cache - TemplateLoader.findTemplateSource("spark/partials/head_en_IN.ftl"): Not found
2025-08-20 14:11:07 DEBUG cache - TemplateLoader.findTemplateSource("spark/partials/head_en.ftl"): Not found
2025-08-20 14:11:07 DEBUG cache - TemplateLoader.findTemplateSource("spark/partials/head.ftl"): Found
2025-08-20 14:11:07 DEBUG cache - Loading template for "spark/partials/head.ftl"("en_IN", UTF-8, parsed) from "jar:file:/C:/Users/Ritesh%20Kumar%20Singh/.m2/repository/com/aventstack/extentreports/5.0.9/extentreports-5.0.9.jar!/com/aventstack/extentreports/templates/spark/partials/head.ftl"
2025-08-20 14:11:07 DEBUG cache - Couldn't find template in cache for "commons/commons-inject-css.ftl"("en_IN", UTF-8, parsed); will try to load it.
2025-08-20 14:11:07 DEBUG cache - TemplateLoader.findTemplateSource("commons/commons-inject-css_en_IN.ftl"): Not found
2025-08-20 14:11:07 DEBUG cache - TemplateLoader.findTemplateSource("commons/commons-inject-css_en.ftl"): Not found
2025-08-20 14:11:07 DEBUG cache - TemplateLoader.findTemplateSource("commons/commons-inject-css.ftl"): Found
2025-08-20 14:11:07 DEBUG cache - Loading template for "commons/commons-inject-css.ftl"("en_IN", UTF-8, parsed) from "jar:file:/C:/Users/Ritesh%20Kumar%20Singh/.m2/repository/com/aventstack/extentreports/5.0.9/extentreports-5.0.9.jar!/com/aventstack/extentreports/templates/commons/commons-inject-css.ftl"
2025-08-20 14:11:07 DEBUG cache - Couldn't find template in cache for "spark/partials/navbar.ftl"("en_IN", UTF-8, parsed); will try to load it.
2025-08-20 14:11:07 DEBUG cache - TemplateLoader.findTemplateSource("spark/partials/navbar_en_IN.ftl"): Not found
2025-08-20 14:11:07 DEBUG cache - TemplateLoader.findTemplateSource("spark/partials/navbar_en.ftl"): Not found
2025-08-20 14:11:07 DEBUG cache - TemplateLoader.findTemplateSource("spark/partials/navbar.ftl"): Found
2025-08-20 14:11:07 DEBUG cache - Loading template for "spark/partials/navbar.ftl"("en_IN", UTF-8, parsed) from "jar:file:/C:/Users/Ritesh%20Kumar%20Singh/.m2/repository/com/aventstack/extentreports/5.0.9/extentreports-5.0.9.jar!/com/aventstack/extentreports/templates/spark/partials/navbar.ftl"
2025-08-20 14:11:07 DEBUG cache - Couldn't find template in cache for "spark/partials/sidenav.ftl"("en_IN", UTF-8, parsed); will try to load it.
2025-08-20 14:11:07 DEBUG cache - TemplateLoader.findTemplateSource("spark/partials/sidenav_en_IN.ftl"): Not found
2025-08-20 14:11:07 DEBUG cache - TemplateLoader.findTemplateSource("spark/partials/sidenav_en.ftl"): Not found
2025-08-20 14:11:07 DEBUG cache - TemplateLoader.findTemplateSource("spark/partials/sidenav.ftl"): Found
2025-08-20 14:11:07 DEBUG cache - Loading template for "spark/partials/sidenav.ftl"("en_IN", UTF-8, parsed) from "jar:file:/C:/Users/Ritesh%20Kumar%20Singh/.m2/repository/com/aventstack/extentreports/5.0.9/extentreports-5.0.9.jar!/com/aventstack/extentreports/templates/spark/partials/sidenav.ftl"
2025-08-20 14:11:07 DEBUG cache - Couldn't find template in cache for "spark/partials/test.ftl"("en_IN", UTF-8, parsed); will try to load it.
2025-08-20 14:11:07 DEBUG cache - TemplateLoader.findTemplateSource("spark/partials/test_en_IN.ftl"): Not found
2025-08-20 14:11:07 DEBUG cache - TemplateLoader.findTemplateSource("spark/partials/test_en.ftl"): Not found
2025-08-20 14:11:07 DEBUG cache - TemplateLoader.findTemplateSource("spark/partials/test.ftl"): Found
2025-08-20 14:11:07 DEBUG cache - Loading template for "spark/partials/test.ftl"("en_IN", UTF-8, parsed) from "jar:file:/C:/Users/Ritesh%20Kumar%20Singh/.m2/repository/com/aventstack/extentreports/5.0.9/extentreports-5.0.9.jar!/com/aventstack/extentreports/templates/spark/partials/test.ftl"
2025-08-20 14:11:07 DEBUG cache - Couldn't find template in cache for "spark/partials/standard-content.ftl"("en_IN", UTF-8, parsed); will try to load it.
2025-08-20 14:11:07 DEBUG cache - TemplateLoader.findTemplateSource("spark/partials/standard-content_en_IN.ftl"): Not found
2025-08-20 14:11:07 DEBUG cache - TemplateLoader.findTemplateSource("spark/partials/standard-content_en.ftl"): Not found
2025-08-20 14:11:07 DEBUG cache - TemplateLoader.findTemplateSource("spark/partials/standard-content.ftl"): Found
2025-08-20 14:11:07 DEBUG cache - Loading template for "spark/partials/standard-content.ftl"("en_IN", UTF-8, parsed) from "jar:file:/C:/Users/Ritesh%20Kumar%20Singh/.m2/repository/com/aventstack/extentreports/5.0.9/extentreports-5.0.9.jar!/com/aventstack/extentreports/templates/spark/partials/standard-content.ftl"
2025-08-20 14:11:07 DEBUG cache - Couldn't find template in cache for "spark/partials/exception.ftl"("en_IN", UTF-8, parsed); will try to load it.
2025-08-20 14:11:07 DEBUG cache - TemplateLoader.findTemplateSource("spark/partials/exception_en_IN.ftl"): Not found
2025-08-20 14:11:07 DEBUG cache - TemplateLoader.findTemplateSource("spark/partials/exception_en.ftl"): Not found
2025-08-20 14:11:07 DEBUG cache - TemplateLoader.findTemplateSource("spark/partials/exception.ftl"): Found
2025-08-20 14:11:07 DEBUG cache - Loading template for "spark/partials/exception.ftl"("en_IN", UTF-8, parsed) from "jar:file:/C:/Users/Ritesh%20Kumar%20Singh/.m2/repository/com/aventstack/extentreports/5.0.9/extentreports-5.0.9.jar!/com/aventstack/extentreports/templates/spark/partials/exception.ftl"
2025-08-20 14:11:07 DEBUG cache - Couldn't find template in cache for "spark/partials/category.ftl"("en_IN", UTF-8, parsed); will try to load it.
2025-08-20 14:11:07 DEBUG cache - TemplateLoader.findTemplateSource("spark/partials/category_en_IN.ftl"): Not found
2025-08-20 14:11:07 DEBUG cache - TemplateLoader.findTemplateSource("spark/partials/category_en.ftl"): Not found
2025-08-20 14:11:07 DEBUG cache - TemplateLoader.findTemplateSource("spark/partials/category.ftl"): Found
2025-08-20 14:11:07 DEBUG cache - Loading template for "spark/partials/category.ftl"("en_IN", UTF-8, parsed) from "jar:file:/C:/Users/Ritesh%20Kumar%20Singh/.m2/repository/com/aventstack/extentreports/5.0.9/extentreports-5.0.9.jar!/com/aventstack/extentreports/templates/spark/partials/category.ftl"
2025-08-20 14:11:07 DEBUG cache - Couldn't find template in cache for "spark/partials/device.ftl"("en_IN", UTF-8, parsed); will try to load it.
2025-08-20 14:11:07 DEBUG cache - TemplateLoader.findTemplateSource("spark/partials/device_en_IN.ftl"): Not found
2025-08-20 14:11:07 DEBUG cache - TemplateLoader.findTemplateSource("spark/partials/device_en.ftl"): Not found
2025-08-20 14:11:07 DEBUG cache - TemplateLoader.findTemplateSource("spark/partials/device.ftl"): Found
2025-08-20 14:11:07 DEBUG cache - Loading template for "spark/partials/device.ftl"("en_IN", UTF-8, parsed) from "jar:file:/C:/Users/Ritesh%20Kumar%20Singh/.m2/repository/com/aventstack/extentreports/5.0.9/extentreports-5.0.9.jar!/com/aventstack/extentreports/templates/spark/partials/device.ftl"
2025-08-20 14:11:07 DEBUG cache - Couldn't find template in cache for "spark/partials/author.ftl"("en_IN", UTF-8, parsed); will try to load it.
2025-08-20 14:11:07 DEBUG cache - TemplateLoader.findTemplateSource("spark/partials/author_en_IN.ftl"): Not found
2025-08-20 14:11:07 DEBUG cache - TemplateLoader.findTemplateSource("spark/partials/author_en.ftl"): Not found
2025-08-20 14:11:07 DEBUG cache - TemplateLoader.findTemplateSource("spark/partials/author.ftl"): Found
2025-08-20 14:11:07 DEBUG cache - Loading template for "spark/partials/author.ftl"("en_IN", UTF-8, parsed) from "jar:file:/C:/Users/Ritesh%20Kumar%20Singh/.m2/repository/com/aventstack/extentreports/5.0.9/extentreports-5.0.9.jar!/com/aventstack/extentreports/templates/spark/partials/author.ftl"
2025-08-20 14:11:07 DEBUG cache - Couldn't find template in cache for "spark/partials/log.ftl"("en_IN", UTF-8, parsed); will try to load it.
2025-08-20 14:11:07 DEBUG cache - TemplateLoader.findTemplateSource("spark/partials/log_en_IN.ftl"): Not found
2025-08-20 14:11:07 DEBUG cache - TemplateLoader.findTemplateSource("spark/partials/log_en.ftl"): Not found
2025-08-20 14:11:07 DEBUG cache - TemplateLoader.findTemplateSource("spark/partials/log.ftl"): Found
2025-08-20 14:11:07 DEBUG cache - Loading template for "spark/partials/log.ftl"("en_IN", UTF-8, parsed) from "jar:file:/C:/Users/Ritesh%20Kumar%20Singh/.m2/repository/com/aventstack/extentreports/5.0.9/extentreports-5.0.9.jar!/com/aventstack/extentreports/templates/spark/partials/log.ftl"
2025-08-20 14:11:07 DEBUG cache - Couldn't find template in cache for "spark/partials/dashboard.ftl"("en_IN", UTF-8, parsed); will try to load it.
2025-08-20 14:11:07 DEBUG cache - TemplateLoader.findTemplateSource("spark/partials/dashboard_en_IN.ftl"): Not found
2025-08-20 14:11:07 DEBUG cache - TemplateLoader.findTemplateSource("spark/partials/dashboard_en.ftl"): Not found
2025-08-20 14:11:07 DEBUG cache - TemplateLoader.findTemplateSource("spark/partials/dashboard.ftl"): Found
2025-08-20 14:11:07 DEBUG cache - Loading template for "spark/partials/dashboard.ftl"("en_IN", UTF-8, parsed) from "jar:file:/C:/Users/Ritesh%20Kumar%20Singh/.m2/repository/com/aventstack/extentreports/5.0.9/extentreports-5.0.9.jar!/com/aventstack/extentreports/templates/spark/partials/dashboard.ftl"
2025-08-20 14:11:07 DEBUG cache - Couldn't find template in cache for "spark/partials/scripts.ftl"("en_IN", UTF-8, parsed); will try to load it.
2025-08-20 14:11:07 DEBUG cache - TemplateLoader.findTemplateSource("spark/partials/scripts_en_IN.ftl"): Not found
2025-08-20 14:11:07 DEBUG cache - TemplateLoader.findTemplateSource("spark/partials/scripts_en.ftl"): Not found
2025-08-20 14:11:07 DEBUG cache - TemplateLoader.findTemplateSource("spark/partials/scripts.ftl"): Found
2025-08-20 14:11:07 DEBUG cache - Loading template for "spark/partials/scripts.ftl"("en_IN", UTF-8, parsed) from "jar:file:/C:/Users/Ritesh%20Kumar%20Singh/.m2/repository/com/aventstack/extentreports/5.0.9/extentreports-5.0.9.jar!/com/aventstack/extentreports/templates/spark/partials/scripts.ftl"
2025-08-20 14:11:07 DEBUG cache - Couldn't find template in cache for "commons/commons-inject-js.ftl"("en_IN", UTF-8, parsed); will try to load it.
2025-08-20 14:11:07 DEBUG cache - TemplateLoader.findTemplateSource("commons/commons-inject-js_en_IN.ftl"): Not found
2025-08-20 14:11:07 DEBUG cache - TemplateLoader.findTemplateSource("commons/commons-inject-js_en.ftl"): Not found
2025-08-20 14:11:07 DEBUG cache - TemplateLoader.findTemplateSource("commons/commons-inject-js.ftl"): Found
2025-08-20 14:11:07 DEBUG cache - Loading template for "commons/commons-inject-js.ftl"("en_IN", UTF-8, parsed) from "jar:file:/C:/Users/Ritesh%20Kumar%20Singh/.m2/repository/com/aventstack/extentreports/5.0.9/extentreports-5.0.9.jar!/com/aventstack/extentreports/templates/commons/commons-inject-js.ftl"
2025-08-20 14:11:46 INFO  BaseTest - Driver initialized
2025-08-20 14:12:53 INFO  BaseTest - Driver closed
2025-08-20 14:12:53 DEBUG cache - Couldn't find template in cache for "spark/spark.spa.ftl"("en_IN", UTF-8, parsed); will try to load it.
2025-08-20 14:12:53 DEBUG cache - TemplateLoader.findTemplateSource("spark/spark.spa_en_IN.ftl"): Not found
2025-08-20 14:12:53 DEBUG cache - TemplateLoader.findTemplateSource("spark/spark.spa_en.ftl"): Not found
2025-08-20 14:12:53 DEBUG cache - TemplateLoader.findTemplateSource("spark/spark.spa.ftl"): Found
2025-08-20 14:12:53 DEBUG cache - Loading template for "spark/spark.spa.ftl"("en_IN", UTF-8, parsed) from "jar:file:/C:/Users/Ritesh%20Kumar%20Singh/.m2/repository/com/aventstack/extentreports/5.0.9/extentreports-5.0.9.jar!/com/aventstack/extentreports/templates/spark/spark.spa.ftl"
2025-08-20 14:12:53 DEBUG cache - Couldn't find template in cache for "commons/commons-variables.ftl"("en_IN", UTF-8, parsed); will try to load it.
2025-08-20 14:12:53 DEBUG cache - TemplateLoader.findTemplateSource("commons/commons-variables_en_IN.ftl"): Not found
2025-08-20 14:12:53 DEBUG cache - TemplateLoader.findTemplateSource("commons/commons-variables_en.ftl"): Not found
2025-08-20 14:12:53 DEBUG cache - TemplateLoader.findTemplateSource("commons/commons-variables.ftl"): Found
2025-08-20 14:12:53 DEBUG cache - Loading template for "commons/commons-variables.ftl"("en_IN", UTF-8, parsed) from "jar:file:/C:/Users/Ritesh%20Kumar%20Singh/.m2/repository/com/aventstack/extentreports/5.0.9/extentreports-5.0.9.jar!/com/aventstack/extentreports/templates/commons/commons-variables.ftl"
2025-08-20 14:12:53 DEBUG cache - Couldn't find template in cache for "commons/commons-macros.ftl"("en_IN", UTF-8, parsed); will try to load it.
2025-08-20 14:12:53 DEBUG cache - TemplateLoader.findTemplateSource("commons/commons-macros_en_IN.ftl"): Not found
2025-08-20 14:12:53 DEBUG cache - TemplateLoader.findTemplateSource("commons/commons-macros_en.ftl"): Not found
2025-08-20 14:12:53 DEBUG cache - TemplateLoader.findTemplateSource("commons/commons-macros.ftl"): Found
2025-08-20 14:12:53 DEBUG cache - Loading template for "commons/commons-macros.ftl"("en_IN", UTF-8, parsed) from "jar:file:/C:/Users/Ritesh%20Kumar%20Singh/.m2/repository/com/aventstack/extentreports/5.0.9/extentreports-5.0.9.jar!/com/aventstack/extentreports/templates/commons/commons-macros.ftl"
2025-08-20 14:12:53 DEBUG cache - Couldn't find template in cache for "spark/macros/attributes.ftl"("en_IN", UTF-8, parsed); will try to load it.
2025-08-20 14:12:53 DEBUG cache - TemplateLoader.findTemplateSource("spark/macros/attributes_en_IN.ftl"): Not found
2025-08-20 14:12:53 DEBUG cache - TemplateLoader.findTemplateSource("spark/macros/attributes_en.ftl"): Not found
2025-08-20 14:12:53 DEBUG cache - TemplateLoader.findTemplateSource("spark/macros/attributes.ftl"): Found
2025-08-20 14:12:53 DEBUG cache - Loading template for "spark/macros/attributes.ftl"("en_IN", UTF-8, parsed) from "jar:file:/C:/Users/Ritesh%20Kumar%20Singh/.m2/repository/com/aventstack/extentreports/5.0.9/extentreports-5.0.9.jar!/com/aventstack/extentreports/templates/spark/macros/attributes.ftl"
2025-08-20 14:12:53 DEBUG cache - Couldn't find template in cache for "spark/macros/log.ftl"("en_IN", UTF-8, parsed); will try to load it.
2025-08-20 14:12:53 DEBUG cache - TemplateLoader.findTemplateSource("spark/macros/log_en_IN.ftl"): Not found
2025-08-20 14:12:53 DEBUG cache - TemplateLoader.findTemplateSource("spark/macros/log_en.ftl"): Not found
2025-08-20 14:12:53 DEBUG cache - TemplateLoader.findTemplateSource("spark/macros/log.ftl"): Found
2025-08-20 14:12:53 DEBUG cache - Loading template for "spark/macros/log.ftl"("en_IN", UTF-8, parsed) from "jar:file:/C:/Users/Ritesh%20Kumar%20Singh/.m2/repository/com/aventstack/extentreports/5.0.9/extentreports-5.0.9.jar!/com/aventstack/extentreports/templates/spark/macros/log.ftl"
2025-08-20 14:12:53 DEBUG cache - Couldn't find template in cache for "spark/macros/recurse_nodes.ftl"("en_IN", UTF-8, parsed); will try to load it.
2025-08-20 14:12:53 DEBUG cache - TemplateLoader.findTemplateSource("spark/macros/recurse_nodes_en_IN.ftl"): Not found
2025-08-20 14:12:53 DEBUG cache - TemplateLoader.findTemplateSource("spark/macros/recurse_nodes_en.ftl"): Not found
2025-08-20 14:12:53 DEBUG cache - TemplateLoader.findTemplateSource("spark/macros/recurse_nodes.ftl"): Found
2025-08-20 14:12:53 DEBUG cache - Loading template for "spark/macros/recurse_nodes.ftl"("en_IN", UTF-8, parsed) from "jar:file:/C:/Users/Ritesh%20Kumar%20Singh/.m2/repository/com/aventstack/extentreports/5.0.9/extentreports-5.0.9.jar!/com/aventstack/extentreports/templates/spark/macros/recurse_nodes.ftl"
2025-08-20 14:12:53 DEBUG cache - "spark/macros/log.ftl"("en_IN", UTF-8, parsed) cached copy not yet stale; using cached.
2025-08-20 14:12:53 DEBUG cache - Couldn't find template in cache for "spark/macros/attr-common.ftl"("en_IN", UTF-8, parsed); will try to load it.
2025-08-20 14:12:53 DEBUG cache - TemplateLoader.findTemplateSource("spark/macros/attr-common_en_IN.ftl"): Not found
2025-08-20 14:12:53 DEBUG cache - TemplateLoader.findTemplateSource("spark/macros/attr-common_en.ftl"): Not found
2025-08-20 14:12:53 DEBUG cache - TemplateLoader.findTemplateSource("spark/macros/attr-common.ftl"): Found
2025-08-20 14:12:53 DEBUG cache - Loading template for "spark/macros/attr-common.ftl"("en_IN", UTF-8, parsed) from "jar:file:/C:/Users/Ritesh%20Kumar%20Singh/.m2/repository/com/aventstack/extentreports/5.0.9/extentreports-5.0.9.jar!/com/aventstack/extentreports/templates/spark/macros/attr-common.ftl"
2025-08-20 14:12:53 DEBUG cache - Couldn't find template in cache for "spark/partials/head.ftl"("en_IN", UTF-8, parsed); will try to load it.
2025-08-20 14:12:53 DEBUG cache - TemplateLoader.findTemplateSource("spark/partials/head_en_IN.ftl"): Not found
2025-08-20 14:12:53 DEBUG cache - TemplateLoader.findTemplateSource("spark/partials/head_en.ftl"): Not found
2025-08-20 14:12:53 DEBUG cache - TemplateLoader.findTemplateSource("spark/partials/head.ftl"): Found
2025-08-20 14:12:53 DEBUG cache - Loading template for "spark/partials/head.ftl"("en_IN", UTF-8, parsed) from "jar:file:/C:/Users/Ritesh%20Kumar%20Singh/.m2/repository/com/aventstack/extentreports/5.0.9/extentreports-5.0.9.jar!/com/aventstack/extentreports/templates/spark/partials/head.ftl"
2025-08-20 14:12:53 DEBUG cache - Couldn't find template in cache for "commons/commons-inject-css.ftl"("en_IN", UTF-8, parsed); will try to load it.
2025-08-20 14:12:53 DEBUG cache - TemplateLoader.findTemplateSource("commons/commons-inject-css_en_IN.ftl"): Not found
2025-08-20 14:12:53 DEBUG cache - TemplateLoader.findTemplateSource("commons/commons-inject-css_en.ftl"): Not found
2025-08-20 14:12:53 DEBUG cache - TemplateLoader.findTemplateSource("commons/commons-inject-css.ftl"): Found
2025-08-20 14:12:53 DEBUG cache - Loading template for "commons/commons-inject-css.ftl"("en_IN", UTF-8, parsed) from "jar:file:/C:/Users/Ritesh%20Kumar%20Singh/.m2/repository/com/aventstack/extentreports/5.0.9/extentreports-5.0.9.jar!/com/aventstack/extentreports/templates/commons/commons-inject-css.ftl"
2025-08-20 14:12:53 DEBUG cache - Couldn't find template in cache for "spark/partials/navbar.ftl"("en_IN", UTF-8, parsed); will try to load it.
2025-08-20 14:12:53 DEBUG cache - TemplateLoader.findTemplateSource("spark/partials/navbar_en_IN.ftl"): Not found
2025-08-20 14:12:53 DEBUG cache - TemplateLoader.findTemplateSource("spark/partials/navbar_en.ftl"): Not found
2025-08-20 14:12:53 DEBUG cache - TemplateLoader.findTemplateSource("spark/partials/navbar.ftl"): Found
2025-08-20 14:12:53 DEBUG cache - Loading template for "spark/partials/navbar.ftl"("en_IN", UTF-8, parsed) from "jar:file:/C:/Users/Ritesh%20Kumar%20Singh/.m2/repository/com/aventstack/extentreports/5.0.9/extentreports-5.0.9.jar!/com/aventstack/extentreports/templates/spark/partials/navbar.ftl"
2025-08-20 14:12:53 DEBUG cache - Couldn't find template in cache for "spark/partials/sidenav.ftl"("en_IN", UTF-8, parsed); will try to load it.
2025-08-20 14:12:53 DEBUG cache - TemplateLoader.findTemplateSource("spark/partials/sidenav_en_IN.ftl"): Not found
2025-08-20 14:12:53 DEBUG cache - TemplateLoader.findTemplateSource("spark/partials/sidenav_en.ftl"): Not found
2025-08-20 14:12:53 DEBUG cache - TemplateLoader.findTemplateSource("spark/partials/sidenav.ftl"): Found
2025-08-20 14:12:53 DEBUG cache - Loading template for "spark/partials/sidenav.ftl"("en_IN", UTF-8, parsed) from "jar:file:/C:/Users/Ritesh%20Kumar%20Singh/.m2/repository/com/aventstack/extentreports/5.0.9/extentreports-5.0.9.jar!/com/aventstack/extentreports/templates/spark/partials/sidenav.ftl"
2025-08-20 14:12:53 DEBUG cache - Couldn't find template in cache for "spark/partials/test.ftl"("en_IN", UTF-8, parsed); will try to load it.
2025-08-20 14:12:53 DEBUG cache - TemplateLoader.findTemplateSource("spark/partials/test_en_IN.ftl"): Not found
2025-08-20 14:12:53 DEBUG cache - TemplateLoader.findTemplateSource("spark/partials/test_en.ftl"): Not found
2025-08-20 14:12:53 DEBUG cache - TemplateLoader.findTemplateSource("spark/partials/test.ftl"): Found
2025-08-20 14:12:53 DEBUG cache - Loading template for "spark/partials/test.ftl"("en_IN", UTF-8, parsed) from "jar:file:/C:/Users/Ritesh%20Kumar%20Singh/.m2/repository/com/aventstack/extentreports/5.0.9/extentreports-5.0.9.jar!/com/aventstack/extentreports/templates/spark/partials/test.ftl"
2025-08-20 14:12:53 DEBUG cache - Couldn't find template in cache for "spark/partials/standard-content.ftl"("en_IN", UTF-8, parsed); will try to load it.
2025-08-20 14:12:53 DEBUG cache - TemplateLoader.findTemplateSource("spark/partials/standard-content_en_IN.ftl"): Not found
2025-08-20 14:12:53 DEBUG cache - TemplateLoader.findTemplateSource("spark/partials/standard-content_en.ftl"): Not found
2025-08-20 14:12:53 DEBUG cache - TemplateLoader.findTemplateSource("spark/partials/standard-content.ftl"): Found
2025-08-20 14:12:53 DEBUG cache - Loading template for "spark/partials/standard-content.ftl"("en_IN", UTF-8, parsed) from "jar:file:/C:/Users/Ritesh%20Kumar%20Singh/.m2/repository/com/aventstack/extentreports/5.0.9/extentreports-5.0.9.jar!/com/aventstack/extentreports/templates/spark/partials/standard-content.ftl"
2025-08-20 14:12:54 DEBUG cache - Couldn't find template in cache for "spark/partials/exception.ftl"("en_IN", UTF-8, parsed); will try to load it.
2025-08-20 14:12:54 DEBUG cache - TemplateLoader.findTemplateSource("spark/partials/exception_en_IN.ftl"): Not found
2025-08-20 14:12:54 DEBUG cache - TemplateLoader.findTemplateSource("spark/partials/exception_en.ftl"): Not found
2025-08-20 14:12:54 DEBUG cache - TemplateLoader.findTemplateSource("spark/partials/exception.ftl"): Found
2025-08-20 14:12:54 DEBUG cache - Loading template for "spark/partials/exception.ftl"("en_IN", UTF-8, parsed) from "jar:file:/C:/Users/Ritesh%20Kumar%20Singh/.m2/repository/com/aventstack/extentreports/5.0.9/extentreports-5.0.9.jar!/com/aventstack/extentreports/templates/spark/partials/exception.ftl"
2025-08-20 14:12:54 DEBUG cache - Couldn't find template in cache for "spark/partials/category.ftl"("en_IN", UTF-8, parsed); will try to load it.
2025-08-20 14:12:54 DEBUG cache - TemplateLoader.findTemplateSource("spark/partials/category_en_IN.ftl"): Not found
2025-08-20 14:12:54 DEBUG cache - TemplateLoader.findTemplateSource("spark/partials/category_en.ftl"): Not found
2025-08-20 14:12:54 DEBUG cache - TemplateLoader.findTemplateSource("spark/partials/category.ftl"): Found
2025-08-20 14:12:54 DEBUG cache - Loading template for "spark/partials/category.ftl"("en_IN", UTF-8, parsed) from "jar:file:/C:/Users/Ritesh%20Kumar%20Singh/.m2/repository/com/aventstack/extentreports/5.0.9/extentreports-5.0.9.jar!/com/aventstack/extentreports/templates/spark/partials/category.ftl"
2025-08-20 14:12:54 DEBUG cache - Couldn't find template in cache for "spark/partials/device.ftl"("en_IN", UTF-8, parsed); will try to load it.
2025-08-20 14:12:54 DEBUG cache - TemplateLoader.findTemplateSource("spark/partials/device_en_IN.ftl"): Not found
2025-08-20 14:12:54 DEBUG cache - TemplateLoader.findTemplateSource("spark/partials/device_en.ftl"): Not found
2025-08-20 14:12:54 DEBUG cache - TemplateLoader.findTemplateSource("spark/partials/device.ftl"): Found
2025-08-20 14:12:54 DEBUG cache - Loading template for "spark/partials/device.ftl"("en_IN", UTF-8, parsed) from "jar:file:/C:/Users/Ritesh%20Kumar%20Singh/.m2/repository/com/aventstack/extentreports/5.0.9/extentreports-5.0.9.jar!/com/aventstack/extentreports/templates/spark/partials/device.ftl"
2025-08-20 14:12:54 DEBUG cache - Couldn't find template in cache for "spark/partials/author.ftl"("en_IN", UTF-8, parsed); will try to load it.
2025-08-20 14:12:54 DEBUG cache - TemplateLoader.findTemplateSource("spark/partials/author_en_IN.ftl"): Not found
2025-08-20 14:12:54 DEBUG cache - TemplateLoader.findTemplateSource("spark/partials/author_en.ftl"): Not found
2025-08-20 14:12:54 DEBUG cache - TemplateLoader.findTemplateSource("spark/partials/author.ftl"): Found
2025-08-20 14:12:54 DEBUG cache - Loading template for "spark/partials/author.ftl"("en_IN", UTF-8, parsed) from "jar:file:/C:/Users/Ritesh%20Kumar%20Singh/.m2/repository/com/aventstack/extentreports/5.0.9/extentreports-5.0.9.jar!/com/aventstack/extentreports/templates/spark/partials/author.ftl"
2025-08-20 14:12:54 DEBUG cache - Couldn't find template in cache for "spark/partials/log.ftl"("en_IN", UTF-8, parsed); will try to load it.
2025-08-20 14:12:54 DEBUG cache - TemplateLoader.findTemplateSource("spark/partials/log_en_IN.ftl"): Not found
2025-08-20 14:12:54 DEBUG cache - TemplateLoader.findTemplateSource("spark/partials/log_en.ftl"): Not found
2025-08-20 14:12:54 DEBUG cache - TemplateLoader.findTemplateSource("spark/partials/log.ftl"): Found
2025-08-20 14:12:54 DEBUG cache - Loading template for "spark/partials/log.ftl"("en_IN", UTF-8, parsed) from "jar:file:/C:/Users/Ritesh%20Kumar%20Singh/.m2/repository/com/aventstack/extentreports/5.0.9/extentreports-5.0.9.jar!/com/aventstack/extentreports/templates/spark/partials/log.ftl"
2025-08-20 14:12:54 DEBUG cache - Couldn't find template in cache for "spark/partials/dashboard.ftl"("en_IN", UTF-8, parsed); will try to load it.
2025-08-20 14:12:54 DEBUG cache - TemplateLoader.findTemplateSource("spark/partials/dashboard_en_IN.ftl"): Not found
2025-08-20 14:12:54 DEBUG cache - TemplateLoader.findTemplateSource("spark/partials/dashboard_en.ftl"): Not found
2025-08-20 14:12:54 DEBUG cache - TemplateLoader.findTemplateSource("spark/partials/dashboard.ftl"): Found
2025-08-20 14:12:54 DEBUG cache - Loading template for "spark/partials/dashboard.ftl"("en_IN", UTF-8, parsed) from "jar:file:/C:/Users/Ritesh%20Kumar%20Singh/.m2/repository/com/aventstack/extentreports/5.0.9/extentreports-5.0.9.jar!/com/aventstack/extentreports/templates/spark/partials/dashboard.ftl"
2025-08-20 14:12:54 DEBUG cache - Couldn't find template in cache for "spark/partials/scripts.ftl"("en_IN", UTF-8, parsed); will try to load it.
2025-08-20 14:12:54 DEBUG cache - TemplateLoader.findTemplateSource("spark/partials/scripts_en_IN.ftl"): Not found
2025-08-20 14:12:54 DEBUG cache - TemplateLoader.findTemplateSource("spark/partials/scripts_en.ftl"): Not found
2025-08-20 14:12:54 DEBUG cache - TemplateLoader.findTemplateSource("spark/partials/scripts.ftl"): Found
2025-08-20 14:12:54 DEBUG cache - Loading template for "spark/partials/scripts.ftl"("en_IN", UTF-8, parsed) from "jar:file:/C:/Users/Ritesh%20Kumar%20Singh/.m2/repository/com/aventstack/extentreports/5.0.9/extentreports-5.0.9.jar!/com/aventstack/extentreports/templates/spark/partials/scripts.ftl"
2025-08-20 14:12:54 DEBUG cache - Couldn't find template in cache for "commons/commons-inject-js.ftl"("en_IN", UTF-8, parsed); will try to load it.
2025-08-20 14:12:54 DEBUG cache - TemplateLoader.findTemplateSource("commons/commons-inject-js_en_IN.ftl"): Not found
2025-08-20 14:12:54 DEBUG cache - TemplateLoader.findTemplateSource("commons/commons-inject-js_en.ftl"): Not found
2025-08-20 14:12:54 DEBUG cache - TemplateLoader.findTemplateSource("commons/commons-inject-js.ftl"): Found
2025-08-20 14:12:54 DEBUG cache - Loading template for "commons/commons-inject-js.ftl"("en_IN", UTF-8, parsed) from "jar:file:/C:/Users/Ritesh%20Kumar%20Singh/.m2/repository/com/aventstack/extentreports/5.0.9/extentreports-5.0.9.jar!/com/aventstack/extentreports/templates/commons/commons-inject-js.ftl"
2025-08-20 14:22:33 INFO  BaseTest - Driver initialized
2025-08-20 14:24:40 INFO  BaseTest - Driver initialized
2025-08-20 14:24:44 INFO  BaseTest - Driver closed
2025-08-20 14:24:44 DEBUG cache - Couldn't find template in cache for "spark/spark.spa.ftl"("en_IN", UTF-8, parsed); will try to load it.
2025-08-20 14:24:44 DEBUG cache - TemplateLoader.findTemplateSource("spark/spark.spa_en_IN.ftl"): Not found
2025-08-20 14:24:44 DEBUG cache - TemplateLoader.findTemplateSource("spark/spark.spa_en.ftl"): Not found
2025-08-20 14:24:44 DEBUG cache - TemplateLoader.findTemplateSource("spark/spark.spa.ftl"): Found
2025-08-20 14:24:44 DEBUG cache - Loading template for "spark/spark.spa.ftl"("en_IN", UTF-8, parsed) from "jar:file:/C:/Users/Ritesh%20Kumar%20Singh/.m2/repository/com/aventstack/extentreports/5.0.9/extentreports-5.0.9.jar!/com/aventstack/extentreports/templates/spark/spark.spa.ftl"
2025-08-20 14:24:44 DEBUG cache - Couldn't find template in cache for "commons/commons-variables.ftl"("en_IN", UTF-8, parsed); will try to load it.
2025-08-20 14:24:44 DEBUG cache - TemplateLoader.findTemplateSource("commons/commons-variables_en_IN.ftl"): Not found
2025-08-20 14:24:44 DEBUG cache - TemplateLoader.findTemplateSource("commons/commons-variables_en.ftl"): Not found
2025-08-20 14:24:44 DEBUG cache - TemplateLoader.findTemplateSource("commons/commons-variables.ftl"): Found
2025-08-20 14:24:44 DEBUG cache - Loading template for "commons/commons-variables.ftl"("en_IN", UTF-8, parsed) from "jar:file:/C:/Users/Ritesh%20Kumar%20Singh/.m2/repository/com/aventstack/extentreports/5.0.9/extentreports-5.0.9.jar!/com/aventstack/extentreports/templates/commons/commons-variables.ftl"
2025-08-20 14:24:44 DEBUG cache - Couldn't find template in cache for "commons/commons-macros.ftl"("en_IN", UTF-8, parsed); will try to load it.
2025-08-20 14:24:44 DEBUG cache - TemplateLoader.findTemplateSource("commons/commons-macros_en_IN.ftl"): Not found
2025-08-20 14:24:44 DEBUG cache - TemplateLoader.findTemplateSource("commons/commons-macros_en.ftl"): Not found
2025-08-20 14:24:44 DEBUG cache - TemplateLoader.findTemplateSource("commons/commons-macros.ftl"): Found
2025-08-20 14:24:44 DEBUG cache - Loading template for "commons/commons-macros.ftl"("en_IN", UTF-8, parsed) from "jar:file:/C:/Users/Ritesh%20Kumar%20Singh/.m2/repository/com/aventstack/extentreports/5.0.9/extentreports-5.0.9.jar!/com/aventstack/extentreports/templates/commons/commons-macros.ftl"
2025-08-20 14:24:44 DEBUG cache - Couldn't find template in cache for "spark/macros/attributes.ftl"("en_IN", UTF-8, parsed); will try to load it.
2025-08-20 14:24:44 DEBUG cache - TemplateLoader.findTemplateSource("spark/macros/attributes_en_IN.ftl"): Not found
2025-08-20 14:24:44 DEBUG cache - TemplateLoader.findTemplateSource("spark/macros/attributes_en.ftl"): Not found
2025-08-20 14:24:44 DEBUG cache - TemplateLoader.findTemplateSource("spark/macros/attributes.ftl"): Found
2025-08-20 14:24:44 DEBUG cache - Loading template for "spark/macros/attributes.ftl"("en_IN", UTF-8, parsed) from "jar:file:/C:/Users/Ritesh%20Kumar%20Singh/.m2/repository/com/aventstack/extentreports/5.0.9/extentreports-5.0.9.jar!/com/aventstack/extentreports/templates/spark/macros/attributes.ftl"
2025-08-20 14:24:44 DEBUG cache - Couldn't find template in cache for "spark/macros/log.ftl"("en_IN", UTF-8, parsed); will try to load it.
2025-08-20 14:24:44 DEBUG cache - TemplateLoader.findTemplateSource("spark/macros/log_en_IN.ftl"): Not found
2025-08-20 14:24:44 DEBUG cache - TemplateLoader.findTemplateSource("spark/macros/log_en.ftl"): Not found
2025-08-20 14:24:44 DEBUG cache - TemplateLoader.findTemplateSource("spark/macros/log.ftl"): Found
2025-08-20 14:24:44 DEBUG cache - Loading template for "spark/macros/log.ftl"("en_IN", UTF-8, parsed) from "jar:file:/C:/Users/Ritesh%20Kumar%20Singh/.m2/repository/com/aventstack/extentreports/5.0.9/extentreports-5.0.9.jar!/com/aventstack/extentreports/templates/spark/macros/log.ftl"
2025-08-20 14:24:44 DEBUG cache - Couldn't find template in cache for "spark/macros/recurse_nodes.ftl"("en_IN", UTF-8, parsed); will try to load it.
2025-08-20 14:24:44 DEBUG cache - TemplateLoader.findTemplateSource("spark/macros/recurse_nodes_en_IN.ftl"): Not found
2025-08-20 14:24:44 DEBUG cache - TemplateLoader.findTemplateSource("spark/macros/recurse_nodes_en.ftl"): Not found
2025-08-20 14:24:44 DEBUG cache - TemplateLoader.findTemplateSource("spark/macros/recurse_nodes.ftl"): Found
2025-08-20 14:24:44 DEBUG cache - Loading template for "spark/macros/recurse_nodes.ftl"("en_IN", UTF-8, parsed) from "jar:file:/C:/Users/Ritesh%20Kumar%20Singh/.m2/repository/com/aventstack/extentreports/5.0.9/extentreports-5.0.9.jar!/com/aventstack/extentreports/templates/spark/macros/recurse_nodes.ftl"
2025-08-20 14:24:44 DEBUG cache - "spark/macros/log.ftl"("en_IN", UTF-8, parsed) cached copy not yet stale; using cached.
2025-08-20 14:24:44 DEBUG cache - Couldn't find template in cache for "spark/macros/attr-common.ftl"("en_IN", UTF-8, parsed); will try to load it.
2025-08-20 14:24:44 DEBUG cache - TemplateLoader.findTemplateSource("spark/macros/attr-common_en_IN.ftl"): Not found
2025-08-20 14:24:44 DEBUG cache - TemplateLoader.findTemplateSource("spark/macros/attr-common_en.ftl"): Not found
2025-08-20 14:24:44 DEBUG cache - TemplateLoader.findTemplateSource("spark/macros/attr-common.ftl"): Found
2025-08-20 14:24:44 DEBUG cache - Loading template for "spark/macros/attr-common.ftl"("en_IN", UTF-8, parsed) from "jar:file:/C:/Users/Ritesh%20Kumar%20Singh/.m2/repository/com/aventstack/extentreports/5.0.9/extentreports-5.0.9.jar!/com/aventstack/extentreports/templates/spark/macros/attr-common.ftl"
2025-08-20 14:24:44 DEBUG cache - Couldn't find template in cache for "spark/partials/head.ftl"("en_IN", UTF-8, parsed); will try to load it.
2025-08-20 14:24:44 DEBUG cache - TemplateLoader.findTemplateSource("spark/partials/head_en_IN.ftl"): Not found
2025-08-20 14:24:44 DEBUG cache - TemplateLoader.findTemplateSource("spark/partials/head_en.ftl"): Not found
2025-08-20 14:24:44 DEBUG cache - TemplateLoader.findTemplateSource("spark/partials/head.ftl"): Found
2025-08-20 14:24:44 DEBUG cache - Loading template for "spark/partials/head.ftl"("en_IN", UTF-8, parsed) from "jar:file:/C:/Users/Ritesh%20Kumar%20Singh/.m2/repository/com/aventstack/extentreports/5.0.9/extentreports-5.0.9.jar!/com/aventstack/extentreports/templates/spark/partials/head.ftl"
2025-08-20 14:24:44 DEBUG cache - Couldn't find template in cache for "commons/commons-inject-css.ftl"("en_IN", UTF-8, parsed); will try to load it.
2025-08-20 14:24:44 DEBUG cache - TemplateLoader.findTemplateSource("commons/commons-inject-css_en_IN.ftl"): Not found
2025-08-20 14:24:44 DEBUG cache - TemplateLoader.findTemplateSource("commons/commons-inject-css_en.ftl"): Not found
2025-08-20 14:24:44 DEBUG cache - TemplateLoader.findTemplateSource("commons/commons-inject-css.ftl"): Found
2025-08-20 14:24:44 DEBUG cache - Loading template for "commons/commons-inject-css.ftl"("en_IN", UTF-8, parsed) from "jar:file:/C:/Users/Ritesh%20Kumar%20Singh/.m2/repository/com/aventstack/extentreports/5.0.9/extentreports-5.0.9.jar!/com/aventstack/extentreports/templates/commons/commons-inject-css.ftl"
2025-08-20 14:24:44 DEBUG cache - Couldn't find template in cache for "spark/partials/navbar.ftl"("en_IN", UTF-8, parsed); will try to load it.
2025-08-20 14:24:44 DEBUG cache - TemplateLoader.findTemplateSource("spark/partials/navbar_en_IN.ftl"): Not found
2025-08-20 14:24:44 DEBUG cache - TemplateLoader.findTemplateSource("spark/partials/navbar_en.ftl"): Not found
2025-08-20 14:24:44 DEBUG cache - TemplateLoader.findTemplateSource("spark/partials/navbar.ftl"): Found
2025-08-20 14:24:44 DEBUG cache - Loading template for "spark/partials/navbar.ftl"("en_IN", UTF-8, parsed) from "jar:file:/C:/Users/Ritesh%20Kumar%20Singh/.m2/repository/com/aventstack/extentreports/5.0.9/extentreports-5.0.9.jar!/com/aventstack/extentreports/templates/spark/partials/navbar.ftl"
2025-08-20 14:24:44 DEBUG cache - Couldn't find template in cache for "spark/partials/sidenav.ftl"("en_IN", UTF-8, parsed); will try to load it.
2025-08-20 14:24:44 DEBUG cache - TemplateLoader.findTemplateSource("spark/partials/sidenav_en_IN.ftl"): Not found
2025-08-20 14:24:44 DEBUG cache - TemplateLoader.findTemplateSource("spark/partials/sidenav_en.ftl"): Not found
2025-08-20 14:24:44 DEBUG cache - TemplateLoader.findTemplateSource("spark/partials/sidenav.ftl"): Found
2025-08-20 14:24:44 DEBUG cache - Loading template for "spark/partials/sidenav.ftl"("en_IN", UTF-8, parsed) from "jar:file:/C:/Users/Ritesh%20Kumar%20Singh/.m2/repository/com/aventstack/extentreports/5.0.9/extentreports-5.0.9.jar!/com/aventstack/extentreports/templates/spark/partials/sidenav.ftl"
2025-08-20 14:24:44 DEBUG cache - Couldn't find template in cache for "spark/partials/test.ftl"("en_IN", UTF-8, parsed); will try to load it.
2025-08-20 14:24:44 DEBUG cache - TemplateLoader.findTemplateSource("spark/partials/test_en_IN.ftl"): Not found
2025-08-20 14:24:44 DEBUG cache - TemplateLoader.findTemplateSource("spark/partials/test_en.ftl"): Not found
2025-08-20 14:24:44 DEBUG cache - TemplateLoader.findTemplateSource("spark/partials/test.ftl"): Found
2025-08-20 14:24:44 DEBUG cache - Loading template for "spark/partials/test.ftl"("en_IN", UTF-8, parsed) from "jar:file:/C:/Users/Ritesh%20Kumar%20Singh/.m2/repository/com/aventstack/extentreports/5.0.9/extentreports-5.0.9.jar!/com/aventstack/extentreports/templates/spark/partials/test.ftl"
2025-08-20 14:24:44 DEBUG cache - Couldn't find template in cache for "spark/partials/standard-content.ftl"("en_IN", UTF-8, parsed); will try to load it.
2025-08-20 14:24:44 DEBUG cache - TemplateLoader.findTemplateSource("spark/partials/standard-content_en_IN.ftl"): Not found
2025-08-20 14:24:44 DEBUG cache - TemplateLoader.findTemplateSource("spark/partials/standard-content_en.ftl"): Not found
2025-08-20 14:24:44 DEBUG cache - TemplateLoader.findTemplateSource("spark/partials/standard-content.ftl"): Found
2025-08-20 14:24:44 DEBUG cache - Loading template for "spark/partials/standard-content.ftl"("en_IN", UTF-8, parsed) from "jar:file:/C:/Users/Ritesh%20Kumar%20Singh/.m2/repository/com/aventstack/extentreports/5.0.9/extentreports-5.0.9.jar!/com/aventstack/extentreports/templates/spark/partials/standard-content.ftl"
2025-08-20 14:24:44 DEBUG cache - "spark/partials/standard-content.ftl"("en_IN", UTF-8, parsed) cached copy not yet stale; using cached.
2025-08-20 14:24:44 DEBUG cache - "spark/partials/standard-content.ftl"("en_IN", UTF-8, parsed) cached copy not yet stale; using cached.
2025-08-20 14:24:44 DEBUG cache - Couldn't find template in cache for "spark/partials/exception.ftl"("en_IN", UTF-8, parsed); will try to load it.
2025-08-20 14:24:44 DEBUG cache - TemplateLoader.findTemplateSource("spark/partials/exception_en_IN.ftl"): Not found
2025-08-20 14:24:44 DEBUG cache - TemplateLoader.findTemplateSource("spark/partials/exception_en.ftl"): Not found
2025-08-20 14:24:44 DEBUG cache - TemplateLoader.findTemplateSource("spark/partials/exception.ftl"): Found
2025-08-20 14:24:44 DEBUG cache - Loading template for "spark/partials/exception.ftl"("en_IN", UTF-8, parsed) from "jar:file:/C:/Users/Ritesh%20Kumar%20Singh/.m2/repository/com/aventstack/extentreports/5.0.9/extentreports-5.0.9.jar!/com/aventstack/extentreports/templates/spark/partials/exception.ftl"
2025-08-20 14:24:44 DEBUG cache - Couldn't find template in cache for "spark/partials/category.ftl"("en_IN", UTF-8, parsed); will try to load it.
2025-08-20 14:24:44 DEBUG cache - TemplateLoader.findTemplateSource("spark/partials/category_en_IN.ftl"): Not found
2025-08-20 14:24:44 DEBUG cache - TemplateLoader.findTemplateSource("spark/partials/category_en.ftl"): Not found
2025-08-20 14:24:44 DEBUG cache - TemplateLoader.findTemplateSource("spark/partials/category.ftl"): Found
2025-08-20 14:24:44 DEBUG cache - Loading template for "spark/partials/category.ftl"("en_IN", UTF-8, parsed) from "jar:file:/C:/Users/Ritesh%20Kumar%20Singh/.m2/repository/com/aventstack/extentreports/5.0.9/extentreports-5.0.9.jar!/com/aventstack/extentreports/templates/spark/partials/category.ftl"
2025-08-20 14:24:44 DEBUG cache - Couldn't find template in cache for "spark/partials/device.ftl"("en_IN", UTF-8, parsed); will try to load it.
2025-08-20 14:24:44 DEBUG cache - TemplateLoader.findTemplateSource("spark/partials/device_en_IN.ftl"): Not found
2025-08-20 14:24:44 DEBUG cache - TemplateLoader.findTemplateSource("spark/partials/device_en.ftl"): Not found
2025-08-20 14:24:44 DEBUG cache - TemplateLoader.findTemplateSource("spark/partials/device.ftl"): Found
2025-08-20 14:24:44 DEBUG cache - Loading template for "spark/partials/device.ftl"("en_IN", UTF-8, parsed) from "jar:file:/C:/Users/Ritesh%20Kumar%20Singh/.m2/repository/com/aventstack/extentreports/5.0.9/extentreports-5.0.9.jar!/com/aventstack/extentreports/templates/spark/partials/device.ftl"
2025-08-20 14:24:44 DEBUG cache - Couldn't find template in cache for "spark/partials/author.ftl"("en_IN", UTF-8, parsed); will try to load it.
2025-08-20 14:24:44 DEBUG cache - TemplateLoader.findTemplateSource("spark/partials/author_en_IN.ftl"): Not found
2025-08-20 14:24:44 DEBUG cache - TemplateLoader.findTemplateSource("spark/partials/author_en.ftl"): Not found
2025-08-20 14:24:44 DEBUG cache - TemplateLoader.findTemplateSource("spark/partials/author.ftl"): Found
2025-08-20 14:24:44 DEBUG cache - Loading template for "spark/partials/author.ftl"("en_IN", UTF-8, parsed) from "jar:file:/C:/Users/Ritesh%20Kumar%20Singh/.m2/repository/com/aventstack/extentreports/5.0.9/extentreports-5.0.9.jar!/com/aventstack/extentreports/templates/spark/partials/author.ftl"
2025-08-20 14:24:44 DEBUG cache - Couldn't find template in cache for "spark/partials/log.ftl"("en_IN", UTF-8, parsed); will try to load it.
2025-08-20 14:24:44 DEBUG cache - TemplateLoader.findTemplateSource("spark/partials/log_en_IN.ftl"): Not found
2025-08-20 14:24:44 DEBUG cache - TemplateLoader.findTemplateSource("spark/partials/log_en.ftl"): Not found
2025-08-20 14:24:44 DEBUG cache - TemplateLoader.findTemplateSource("spark/partials/log.ftl"): Found
2025-08-20 14:24:44 DEBUG cache - Loading template for "spark/partials/log.ftl"("en_IN", UTF-8, parsed) from "jar:file:/C:/Users/Ritesh%20Kumar%20Singh/.m2/repository/com/aventstack/extentreports/5.0.9/extentreports-5.0.9.jar!/com/aventstack/extentreports/templates/spark/partials/log.ftl"
2025-08-20 14:24:44 DEBUG cache - Couldn't find template in cache for "spark/partials/dashboard.ftl"("en_IN", UTF-8, parsed); will try to load it.
2025-08-20 14:24:44 DEBUG cache - TemplateLoader.findTemplateSource("spark/partials/dashboard_en_IN.ftl"): Not found
2025-08-20 14:24:44 DEBUG cache - TemplateLoader.findTemplateSource("spark/partials/dashboard_en.ftl"): Not found
2025-08-20 14:24:44 DEBUG cache - TemplateLoader.findTemplateSource("spark/partials/dashboard.ftl"): Found
2025-08-20 14:24:44 DEBUG cache - Loading template for "spark/partials/dashboard.ftl"("en_IN", UTF-8, parsed) from "jar:file:/C:/Users/Ritesh%20Kumar%20Singh/.m2/repository/com/aventstack/extentreports/5.0.9/extentreports-5.0.9.jar!/com/aventstack/extentreports/templates/spark/partials/dashboard.ftl"
2025-08-20 14:24:44 DEBUG cache - Couldn't find template in cache for "spark/partials/scripts.ftl"("en_IN", UTF-8, parsed); will try to load it.
2025-08-20 14:24:44 DEBUG cache - TemplateLoader.findTemplateSource("spark/partials/scripts_en_IN.ftl"): Not found
2025-08-20 14:24:44 DEBUG cache - TemplateLoader.findTemplateSource("spark/partials/scripts_en.ftl"): Not found
2025-08-20 14:24:44 DEBUG cache - TemplateLoader.findTemplateSource("spark/partials/scripts.ftl"): Found
2025-08-20 14:24:44 DEBUG cache - Loading template for "spark/partials/scripts.ftl"("en_IN", UTF-8, parsed) from "jar:file:/C:/Users/Ritesh%20Kumar%20Singh/.m2/repository/com/aventstack/extentreports/5.0.9/extentreports-5.0.9.jar!/com/aventstack/extentreports/templates/spark/partials/scripts.ftl"
2025-08-20 14:24:44 DEBUG cache - Couldn't find template in cache for "commons/commons-inject-js.ftl"("en_IN", UTF-8, parsed); will try to load it.
2025-08-20 14:24:44 DEBUG cache - TemplateLoader.findTemplateSource("commons/commons-inject-js_en_IN.ftl"): Not found
2025-08-20 14:24:44 DEBUG cache - TemplateLoader.findTemplateSource("commons/commons-inject-js_en.ftl"): Not found
2025-08-20 14:24:44 DEBUG cache - TemplateLoader.findTemplateSource("commons/commons-inject-js.ftl"): Found
2025-08-20 14:24:44 DEBUG cache - Loading template for "commons/commons-inject-js.ftl"("en_IN", UTF-8, parsed) from "jar:file:/C:/Users/Ritesh%20Kumar%20Singh/.m2/repository/com/aventstack/extentreports/5.0.9/extentreports-5.0.9.jar!/com/aventstack/extentreports/templates/commons/commons-inject-js.ftl"
2025-08-20 14:26:18 INFO  BaseTest - Driver initialized
2025-08-20 14:26:22 INFO  BaseTest - Driver closed
2025-08-20 14:26:22 DEBUG cache - Couldn't find template in cache for "spark/spark.spa.ftl"("en_IN", UTF-8, parsed); will try to load it.
2025-08-20 14:26:22 DEBUG cache - TemplateLoader.findTemplateSource("spark/spark.spa_en_IN.ftl"): Not found
2025-08-20 14:26:22 DEBUG cache - TemplateLoader.findTemplateSource("spark/spark.spa_en.ftl"): Not found
2025-08-20 14:26:22 DEBUG cache - TemplateLoader.findTemplateSource("spark/spark.spa.ftl"): Found
2025-08-20 14:26:22 DEBUG cache - Loading template for "spark/spark.spa.ftl"("en_IN", UTF-8, parsed) from "jar:file:/C:/Users/Ritesh%20Kumar%20Singh/.m2/repository/com/aventstack/extentreports/5.0.9/extentreports-5.0.9.jar!/com/aventstack/extentreports/templates/spark/spark.spa.ftl"
2025-08-20 14:26:22 DEBUG cache - Couldn't find template in cache for "commons/commons-variables.ftl"("en_IN", UTF-8, parsed); will try to load it.
2025-08-20 14:26:22 DEBUG cache - TemplateLoader.findTemplateSource("commons/commons-variables_en_IN.ftl"): Not found
2025-08-20 14:26:22 DEBUG cache - TemplateLoader.findTemplateSource("commons/commons-variables_en.ftl"): Not found
2025-08-20 14:26:22 DEBUG cache - TemplateLoader.findTemplateSource("commons/commons-variables.ftl"): Found
2025-08-20 14:26:22 DEBUG cache - Loading template for "commons/commons-variables.ftl"("en_IN", UTF-8, parsed) from "jar:file:/C:/Users/Ritesh%20Kumar%20Singh/.m2/repository/com/aventstack/extentreports/5.0.9/extentreports-5.0.9.jar!/com/aventstack/extentreports/templates/commons/commons-variables.ftl"
2025-08-20 14:26:23 DEBUG cache - Couldn't find template in cache for "commons/commons-macros.ftl"("en_IN", UTF-8, parsed); will try to load it.
2025-08-20 14:26:23 DEBUG cache - TemplateLoader.findTemplateSource("commons/commons-macros_en_IN.ftl"): Not found
2025-08-20 14:26:23 DEBUG cache - TemplateLoader.findTemplateSource("commons/commons-macros_en.ftl"): Not found
2025-08-20 14:26:23 DEBUG cache - TemplateLoader.findTemplateSource("commons/commons-macros.ftl"): Found
2025-08-20 14:26:23 DEBUG cache - Loading template for "commons/commons-macros.ftl"("en_IN", UTF-8, parsed) from "jar:file:/C:/Users/Ritesh%20Kumar%20Singh/.m2/repository/com/aventstack/extentreports/5.0.9/extentreports-5.0.9.jar!/com/aventstack/extentreports/templates/commons/commons-macros.ftl"
2025-08-20 14:26:23 DEBUG cache - Couldn't find template in cache for "spark/macros/attributes.ftl"("en_IN", UTF-8, parsed); will try to load it.
2025-08-20 14:26:23 DEBUG cache - TemplateLoader.findTemplateSource("spark/macros/attributes_en_IN.ftl"): Not found
2025-08-20 14:26:23 DEBUG cache - TemplateLoader.findTemplateSource("spark/macros/attributes_en.ftl"): Not found
2025-08-20 14:26:23 DEBUG cache - TemplateLoader.findTemplateSource("spark/macros/attributes.ftl"): Found
2025-08-20 14:26:23 DEBUG cache - Loading template for "spark/macros/attributes.ftl"("en_IN", UTF-8, parsed) from "jar:file:/C:/Users/Ritesh%20Kumar%20Singh/.m2/repository/com/aventstack/extentreports/5.0.9/extentreports-5.0.9.jar!/com/aventstack/extentreports/templates/spark/macros/attributes.ftl"
2025-08-20 14:26:23 DEBUG cache - Couldn't find template in cache for "spark/macros/log.ftl"("en_IN", UTF-8, parsed); will try to load it.
2025-08-20 14:26:23 DEBUG cache - TemplateLoader.findTemplateSource("spark/macros/log_en_IN.ftl"): Not found
2025-08-20 14:26:23 DEBUG cache - TemplateLoader.findTemplateSource("spark/macros/log_en.ftl"): Not found
2025-08-20 14:26:23 DEBUG cache - TemplateLoader.findTemplateSource("spark/macros/log.ftl"): Found
2025-08-20 14:26:23 DEBUG cache - Loading template for "spark/macros/log.ftl"("en_IN", UTF-8, parsed) from "jar:file:/C:/Users/Ritesh%20Kumar%20Singh/.m2/repository/com/aventstack/extentreports/5.0.9/extentreports-5.0.9.jar!/com/aventstack/extentreports/templates/spark/macros/log.ftl"
2025-08-20 14:26:23 DEBUG cache - Couldn't find template in cache for "spark/macros/recurse_nodes.ftl"("en_IN", UTF-8, parsed); will try to load it.
2025-08-20 14:26:23 DEBUG cache - TemplateLoader.findTemplateSource("spark/macros/recurse_nodes_en_IN.ftl"): Not found
2025-08-20 14:26:23 DEBUG cache - TemplateLoader.findTemplateSource("spark/macros/recurse_nodes_en.ftl"): Not found
2025-08-20 14:26:23 DEBUG cache - TemplateLoader.findTemplateSource("spark/macros/recurse_nodes.ftl"): Found
2025-08-20 14:26:23 DEBUG cache - Loading template for "spark/macros/recurse_nodes.ftl"("en_IN", UTF-8, parsed) from "jar:file:/C:/Users/Ritesh%20Kumar%20Singh/.m2/repository/com/aventstack/extentreports/5.0.9/extentreports-5.0.9.jar!/com/aventstack/extentreports/templates/spark/macros/recurse_nodes.ftl"
2025-08-20 14:26:23 DEBUG cache - "spark/macros/log.ftl"("en_IN", UTF-8, parsed) cached copy not yet stale; using cached.
2025-08-20 14:26:23 DEBUG cache - Couldn't find template in cache for "spark/macros/attr-common.ftl"("en_IN", UTF-8, parsed); will try to load it.
2025-08-20 14:26:23 DEBUG cache - TemplateLoader.findTemplateSource("spark/macros/attr-common_en_IN.ftl"): Not found
2025-08-20 14:26:23 DEBUG cache - TemplateLoader.findTemplateSource("spark/macros/attr-common_en.ftl"): Not found
2025-08-20 14:26:23 DEBUG cache - TemplateLoader.findTemplateSource("spark/macros/attr-common.ftl"): Found
2025-08-20 14:26:23 DEBUG cache - Loading template for "spark/macros/attr-common.ftl"("en_IN", UTF-8, parsed) from "jar:file:/C:/Users/Ritesh%20Kumar%20Singh/.m2/repository/com/aventstack/extentreports/5.0.9/extentreports-5.0.9.jar!/com/aventstack/extentreports/templates/spark/macros/attr-common.ftl"
2025-08-20 14:26:23 DEBUG cache - Couldn't find template in cache for "spark/partials/head.ftl"("en_IN", UTF-8, parsed); will try to load it.
2025-08-20 14:26:23 DEBUG cache - TemplateLoader.findTemplateSource("spark/partials/head_en_IN.ftl"): Not found
2025-08-20 14:26:23 DEBUG cache - TemplateLoader.findTemplateSource("spark/partials/head_en.ftl"): Not found
2025-08-20 14:26:23 DEBUG cache - TemplateLoader.findTemplateSource("spark/partials/head.ftl"): Found
2025-08-20 14:26:23 DEBUG cache - Loading template for "spark/partials/head.ftl"("en_IN", UTF-8, parsed) from "jar:file:/C:/Users/Ritesh%20Kumar%20Singh/.m2/repository/com/aventstack/extentreports/5.0.9/extentreports-5.0.9.jar!/com/aventstack/extentreports/templates/spark/partials/head.ftl"
2025-08-20 14:26:23 DEBUG cache - Couldn't find template in cache for "commons/commons-inject-css.ftl"("en_IN", UTF-8, parsed); will try to load it.
2025-08-20 14:26:23 DEBUG cache - TemplateLoader.findTemplateSource("commons/commons-inject-css_en_IN.ftl"): Not found
2025-08-20 14:26:23 DEBUG cache - TemplateLoader.findTemplateSource("commons/commons-inject-css_en.ftl"): Not found
2025-08-20 14:26:23 DEBUG cache - TemplateLoader.findTemplateSource("commons/commons-inject-css.ftl"): Found
2025-08-20 14:26:23 DEBUG cache - Loading template for "commons/commons-inject-css.ftl"("en_IN", UTF-8, parsed) from "jar:file:/C:/Users/Ritesh%20Kumar%20Singh/.m2/repository/com/aventstack/extentreports/5.0.9/extentreports-5.0.9.jar!/com/aventstack/extentreports/templates/commons/commons-inject-css.ftl"
2025-08-20 14:26:23 DEBUG cache - Couldn't find template in cache for "spark/partials/navbar.ftl"("en_IN", UTF-8, parsed); will try to load it.
2025-08-20 14:26:23 DEBUG cache - TemplateLoader.findTemplateSource("spark/partials/navbar_en_IN.ftl"): Not found
2025-08-20 14:26:23 DEBUG cache - TemplateLoader.findTemplateSource("spark/partials/navbar_en.ftl"): Not found
2025-08-20 14:26:23 DEBUG cache - TemplateLoader.findTemplateSource("spark/partials/navbar.ftl"): Found
2025-08-20 14:26:23 DEBUG cache - Loading template for "spark/partials/navbar.ftl"("en_IN", UTF-8, parsed) from "jar:file:/C:/Users/Ritesh%20Kumar%20Singh/.m2/repository/com/aventstack/extentreports/5.0.9/extentreports-5.0.9.jar!/com/aventstack/extentreports/templates/spark/partials/navbar.ftl"
2025-08-20 14:26:23 DEBUG cache - Couldn't find template in cache for "spark/partials/sidenav.ftl"("en_IN", UTF-8, parsed); will try to load it.
2025-08-20 14:26:23 DEBUG cache - TemplateLoader.findTemplateSource("spark/partials/sidenav_en_IN.ftl"): Not found
2025-08-20 14:26:23 DEBUG cache - TemplateLoader.findTemplateSource("spark/partials/sidenav_en.ftl"): Not found
2025-08-20 14:26:23 DEBUG cache - TemplateLoader.findTemplateSource("spark/partials/sidenav.ftl"): Found
2025-08-20 14:26:23 DEBUG cache - Loading template for "spark/partials/sidenav.ftl"("en_IN", UTF-8, parsed) from "jar:file:/C:/Users/Ritesh%20Kumar%20Singh/.m2/repository/com/aventstack/extentreports/5.0.9/extentreports-5.0.9.jar!/com/aventstack/extentreports/templates/spark/partials/sidenav.ftl"
2025-08-20 14:26:23 DEBUG cache - Couldn't find template in cache for "spark/partials/test.ftl"("en_IN", UTF-8, parsed); will try to load it.
2025-08-20 14:26:23 DEBUG cache - TemplateLoader.findTemplateSource("spark/partials/test_en_IN.ftl"): Not found
2025-08-20 14:26:23 DEBUG cache - TemplateLoader.findTemplateSource("spark/partials/test_en.ftl"): Not found
2025-08-20 14:26:23 DEBUG cache - TemplateLoader.findTemplateSource("spark/partials/test.ftl"): Found
2025-08-20 14:26:23 DEBUG cache - Loading template for "spark/partials/test.ftl"("en_IN", UTF-8, parsed) from "jar:file:/C:/Users/Ritesh%20Kumar%20Singh/.m2/repository/com/aventstack/extentreports/5.0.9/extentreports-5.0.9.jar!/com/aventstack/extentreports/templates/spark/partials/test.ftl"
2025-08-20 14:26:23 DEBUG cache - Couldn't find template in cache for "spark/partials/standard-content.ftl"("en_IN", UTF-8, parsed); will try to load it.
2025-08-20 14:26:23 DEBUG cache - TemplateLoader.findTemplateSource("spark/partials/standard-content_en_IN.ftl"): Not found
2025-08-20 14:26:23 DEBUG cache - TemplateLoader.findTemplateSource("spark/partials/standard-content_en.ftl"): Not found
2025-08-20 14:26:23 DEBUG cache - TemplateLoader.findTemplateSource("spark/partials/standard-content.ftl"): Found
2025-08-20 14:26:23 DEBUG cache - Loading template for "spark/partials/standard-content.ftl"("en_IN", UTF-8, parsed) from "jar:file:/C:/Users/Ritesh%20Kumar%20Singh/.m2/repository/com/aventstack/extentreports/5.0.9/extentreports-5.0.9.jar!/com/aventstack/extentreports/templates/spark/partials/standard-content.ftl"
2025-08-20 14:26:23 DEBUG cache - "spark/partials/standard-content.ftl"("en_IN", UTF-8, parsed) cached copy not yet stale; using cached.
2025-08-20 14:26:23 DEBUG cache - "spark/partials/standard-content.ftl"("en_IN", UTF-8, parsed) cached copy not yet stale; using cached.
2025-08-20 14:26:23 DEBUG cache - Couldn't find template in cache for "spark/partials/exception.ftl"("en_IN", UTF-8, parsed); will try to load it.
2025-08-20 14:26:23 DEBUG cache - TemplateLoader.findTemplateSource("spark/partials/exception_en_IN.ftl"): Not found
2025-08-20 14:26:23 DEBUG cache - TemplateLoader.findTemplateSource("spark/partials/exception_en.ftl"): Not found
2025-08-20 14:26:23 DEBUG cache - TemplateLoader.findTemplateSource("spark/partials/exception.ftl"): Found
2025-08-20 14:26:23 DEBUG cache - Loading template for "spark/partials/exception.ftl"("en_IN", UTF-8, parsed) from "jar:file:/C:/Users/Ritesh%20Kumar%20Singh/.m2/repository/com/aventstack/extentreports/5.0.9/extentreports-5.0.9.jar!/com/aventstack/extentreports/templates/spark/partials/exception.ftl"
2025-08-20 14:26:23 DEBUG cache - Couldn't find template in cache for "spark/partials/category.ftl"("en_IN", UTF-8, parsed); will try to load it.
2025-08-20 14:26:23 DEBUG cache - TemplateLoader.findTemplateSource("spark/partials/category_en_IN.ftl"): Not found
2025-08-20 14:26:23 DEBUG cache - TemplateLoader.findTemplateSource("spark/partials/category_en.ftl"): Not found
2025-08-20 14:26:23 DEBUG cache - TemplateLoader.findTemplateSource("spark/partials/category.ftl"): Found
2025-08-20 14:26:23 DEBUG cache - Loading template for "spark/partials/category.ftl"("en_IN", UTF-8, parsed) from "jar:file:/C:/Users/Ritesh%20Kumar%20Singh/.m2/repository/com/aventstack/extentreports/5.0.9/extentreports-5.0.9.jar!/com/aventstack/extentreports/templates/spark/partials/category.ftl"
2025-08-20 14:26:23 DEBUG cache - Couldn't find template in cache for "spark/partials/device.ftl"("en_IN", UTF-8, parsed); will try to load it.
2025-08-20 14:26:23 DEBUG cache - TemplateLoader.findTemplateSource("spark/partials/device_en_IN.ftl"): Not found
2025-08-20 14:26:23 DEBUG cache - TemplateLoader.findTemplateSource("spark/partials/device_en.ftl"): Not found
2025-08-20 14:26:23 DEBUG cache - TemplateLoader.findTemplateSource("spark/partials/device.ftl"): Found
2025-08-20 14:26:23 DEBUG cache - Loading template for "spark/partials/device.ftl"("en_IN", UTF-8, parsed) from "jar:file:/C:/Users/Ritesh%20Kumar%20Singh/.m2/repository/com/aventstack/extentreports/5.0.9/extentreports-5.0.9.jar!/com/aventstack/extentreports/templates/spark/partials/device.ftl"
2025-08-20 14:26:23 DEBUG cache - Couldn't find template in cache for "spark/partials/author.ftl"("en_IN", UTF-8, parsed); will try to load it.
2025-08-20 14:26:23 DEBUG cache - TemplateLoader.findTemplateSource("spark/partials/author_en_IN.ftl"): Not found
2025-08-20 14:26:23 DEBUG cache - TemplateLoader.findTemplateSource("spark/partials/author_en.ftl"): Not found
2025-08-20 14:26:23 DEBUG cache - TemplateLoader.findTemplateSource("spark/partials/author.ftl"): Found
2025-08-20 14:26:23 DEBUG cache - Loading template for "spark/partials/author.ftl"("en_IN", UTF-8, parsed) from "jar:file:/C:/Users/Ritesh%20Kumar%20Singh/.m2/repository/com/aventstack/extentreports/5.0.9/extentreports-5.0.9.jar!/com/aventstack/extentreports/templates/spark/partials/author.ftl"
2025-08-20 14:26:23 DEBUG cache - Couldn't find template in cache for "spark/partials/log.ftl"("en_IN", UTF-8, parsed); will try to load it.
2025-08-20 14:26:23 DEBUG cache - TemplateLoader.findTemplateSource("spark/partials/log_en_IN.ftl"): Not found
2025-08-20 14:26:23 DEBUG cache - TemplateLoader.findTemplateSource("spark/partials/log_en.ftl"): Not found
2025-08-20 14:26:23 DEBUG cache - TemplateLoader.findTemplateSource("spark/partials/log.ftl"): Found
2025-08-20 14:26:23 DEBUG cache - Loading template for "spark/partials/log.ftl"("en_IN", UTF-8, parsed) from "jar:file:/C:/Users/Ritesh%20Kumar%20Singh/.m2/repository/com/aventstack/extentreports/5.0.9/extentreports-5.0.9.jar!/com/aventstack/extentreports/templates/spark/partials/log.ftl"
2025-08-20 14:26:23 DEBUG cache - Couldn't find template in cache for "spark/partials/dashboard.ftl"("en_IN", UTF-8, parsed); will try to load it.
2025-08-20 14:26:23 DEBUG cache - TemplateLoader.findTemplateSource("spark/partials/dashboard_en_IN.ftl"): Not found
2025-08-20 14:26:23 DEBUG cache - TemplateLoader.findTemplateSource("spark/partials/dashboard_en.ftl"): Not found
2025-08-20 14:26:23 DEBUG cache - TemplateLoader.findTemplateSource("spark/partials/dashboard.ftl"): Found
2025-08-20 14:26:23 DEBUG cache - Loading template for "spark/partials/dashboard.ftl"("en_IN", UTF-8, parsed) from "jar:file:/C:/Users/Ritesh%20Kumar%20Singh/.m2/repository/com/aventstack/extentreports/5.0.9/extentreports-5.0.9.jar!/com/aventstack/extentreports/templates/spark/partials/dashboard.ftl"
2025-08-20 14:26:23 DEBUG cache - Couldn't find template in cache for "spark/partials/scripts.ftl"("en_IN", UTF-8, parsed); will try to load it.
2025-08-20 14:26:23 DEBUG cache - TemplateLoader.findTemplateSource("spark/partials/scripts_en_IN.ftl"): Not found
2025-08-20 14:26:23 DEBUG cache - TemplateLoader.findTemplateSource("spark/partials/scripts_en.ftl"): Not found
2025-08-20 14:26:23 DEBUG cache - TemplateLoader.findTemplateSource("spark/partials/scripts.ftl"): Found
2025-08-20 14:26:23 DEBUG cache - Loading template for "spark/partials/scripts.ftl"("en_IN", UTF-8, parsed) from "jar:file:/C:/Users/Ritesh%20Kumar%20Singh/.m2/repository/com/aventstack/extentreports/5.0.9/extentreports-5.0.9.jar!/com/aventstack/extentreports/templates/spark/partials/scripts.ftl"
2025-08-20 14:26:23 DEBUG cache - Couldn't find template in cache for "commons/commons-inject-js.ftl"("en_IN", UTF-8, parsed); will try to load it.
2025-08-20 14:26:23 DEBUG cache - TemplateLoader.findTemplateSource("commons/commons-inject-js_en_IN.ftl"): Not found
2025-08-20 14:26:23 DEBUG cache - TemplateLoader.findTemplateSource("commons/commons-inject-js_en.ftl"): Not found
2025-08-20 14:26:23 DEBUG cache - TemplateLoader.findTemplateSource("commons/commons-inject-js.ftl"): Found
2025-08-20 14:26:23 DEBUG cache - Loading template for "commons/commons-inject-js.ftl"("en_IN", UTF-8, parsed) from "jar:file:/C:/Users/Ritesh%20Kumar%20Singh/.m2/repository/com/aventstack/extentreports/5.0.9/extentreports-5.0.9.jar!/com/aventstack/extentreports/templates/commons/commons-inject-js.ftl"
2025-08-20 14:27:46 INFO  BaseTest - Driver initialized
2025-08-20 14:28:09 INFO  BaseTest - Driver closed
2025-08-20 14:28:09 DEBUG cache - Couldn't find template in cache for "spark/spark.spa.ftl"("en_IN", UTF-8, parsed); will try to load it.
2025-08-20 14:28:09 DEBUG cache - TemplateLoader.findTemplateSource("spark/spark.spa_en_IN.ftl"): Not found
2025-08-20 14:28:09 DEBUG cache - TemplateLoader.findTemplateSource("spark/spark.spa_en.ftl"): Not found
2025-08-20 14:28:09 DEBUG cache - TemplateLoader.findTemplateSource("spark/spark.spa.ftl"): Found
2025-08-20 14:28:09 DEBUG cache - Loading template for "spark/spark.spa.ftl"("en_IN", UTF-8, parsed) from "jar:file:/C:/Users/Ritesh%20Kumar%20Singh/.m2/repository/com/aventstack/extentreports/5.0.9/extentreports-5.0.9.jar!/com/aventstack/extentreports/templates/spark/spark.spa.ftl"
2025-08-20 14:28:09 DEBUG cache - Couldn't find template in cache for "commons/commons-variables.ftl"("en_IN", UTF-8, parsed); will try to load it.
2025-08-20 14:28:09 DEBUG cache - TemplateLoader.findTemplateSource("commons/commons-variables_en_IN.ftl"): Not found
2025-08-20 14:28:09 DEBUG cache - TemplateLoader.findTemplateSource("commons/commons-variables_en.ftl"): Not found
2025-08-20 14:28:09 DEBUG cache - TemplateLoader.findTemplateSource("commons/commons-variables.ftl"): Found
2025-08-20 14:28:09 DEBUG cache - Loading template for "commons/commons-variables.ftl"("en_IN", UTF-8, parsed) from "jar:file:/C:/Users/Ritesh%20Kumar%20Singh/.m2/repository/com/aventstack/extentreports/5.0.9/extentreports-5.0.9.jar!/com/aventstack/extentreports/templates/commons/commons-variables.ftl"
2025-08-20 14:28:09 DEBUG cache - Couldn't find template in cache for "commons/commons-macros.ftl"("en_IN", UTF-8, parsed); will try to load it.
2025-08-20 14:28:09 DEBUG cache - TemplateLoader.findTemplateSource("commons/commons-macros_en_IN.ftl"): Not found
2025-08-20 14:28:09 DEBUG cache - TemplateLoader.findTemplateSource("commons/commons-macros_en.ftl"): Not found
2025-08-20 14:28:09 DEBUG cache - TemplateLoader.findTemplateSource("commons/commons-macros.ftl"): Found
2025-08-20 14:28:09 DEBUG cache - Loading template for "commons/commons-macros.ftl"("en_IN", UTF-8, parsed) from "jar:file:/C:/Users/Ritesh%20Kumar%20Singh/.m2/repository/com/aventstack/extentreports/5.0.9/extentreports-5.0.9.jar!/com/aventstack/extentreports/templates/commons/commons-macros.ftl"
2025-08-20 14:28:09 DEBUG cache - Couldn't find template in cache for "spark/macros/attributes.ftl"("en_IN", UTF-8, parsed); will try to load it.
2025-08-20 14:28:09 DEBUG cache - TemplateLoader.findTemplateSource("spark/macros/attributes_en_IN.ftl"): Not found
2025-08-20 14:28:09 DEBUG cache - TemplateLoader.findTemplateSource("spark/macros/attributes_en.ftl"): Not found
2025-08-20 14:28:09 DEBUG cache - TemplateLoader.findTemplateSource("spark/macros/attributes.ftl"): Found
2025-08-20 14:28:09 DEBUG cache - Loading template for "spark/macros/attributes.ftl"("en_IN", UTF-8, parsed) from "jar:file:/C:/Users/Ritesh%20Kumar%20Singh/.m2/repository/com/aventstack/extentreports/5.0.9/extentreports-5.0.9.jar!/com/aventstack/extentreports/templates/spark/macros/attributes.ftl"
2025-08-20 14:28:09 DEBUG cache - Couldn't find template in cache for "spark/macros/log.ftl"("en_IN", UTF-8, parsed); will try to load it.
2025-08-20 14:28:09 DEBUG cache - TemplateLoader.findTemplateSource("spark/macros/log_en_IN.ftl"): Not found
2025-08-20 14:28:09 DEBUG cache - TemplateLoader.findTemplateSource("spark/macros/log_en.ftl"): Not found
2025-08-20 14:28:09 DEBUG cache - TemplateLoader.findTemplateSource("spark/macros/log.ftl"): Found
2025-08-20 14:28:09 DEBUG cache - Loading template for "spark/macros/log.ftl"("en_IN", UTF-8, parsed) from "jar:file:/C:/Users/Ritesh%20Kumar%20Singh/.m2/repository/com/aventstack/extentreports/5.0.9/extentreports-5.0.9.jar!/com/aventstack/extentreports/templates/spark/macros/log.ftl"
2025-08-20 14:28:09 DEBUG cache - Couldn't find template in cache for "spark/macros/recurse_nodes.ftl"("en_IN", UTF-8, parsed); will try to load it.
2025-08-20 14:28:09 DEBUG cache - TemplateLoader.findTemplateSource("spark/macros/recurse_nodes_en_IN.ftl"): Not found
2025-08-20 14:28:09 DEBUG cache - TemplateLoader.findTemplateSource("spark/macros/recurse_nodes_en.ftl"): Not found
2025-08-20 14:28:09 DEBUG cache - TemplateLoader.findTemplateSource("spark/macros/recurse_nodes.ftl"): Found
2025-08-20 14:28:09 DEBUG cache - Loading template for "spark/macros/recurse_nodes.ftl"("en_IN", UTF-8, parsed) from "jar:file:/C:/Users/Ritesh%20Kumar%20Singh/.m2/repository/com/aventstack/extentreports/5.0.9/extentreports-5.0.9.jar!/com/aventstack/extentreports/templates/spark/macros/recurse_nodes.ftl"
2025-08-20 14:28:09 DEBUG cache - "spark/macros/log.ftl"("en_IN", UTF-8, parsed) cached copy not yet stale; using cached.
2025-08-20 14:28:09 DEBUG cache - Couldn't find template in cache for "spark/macros/attr-common.ftl"("en_IN", UTF-8, parsed); will try to load it.
2025-08-20 14:28:09 DEBUG cache - TemplateLoader.findTemplateSource("spark/macros/attr-common_en_IN.ftl"): Not found
2025-08-20 14:28:09 DEBUG cache - TemplateLoader.findTemplateSource("spark/macros/attr-common_en.ftl"): Not found
2025-08-20 14:28:09 DEBUG cache - TemplateLoader.findTemplateSource("spark/macros/attr-common.ftl"): Found
2025-08-20 14:28:09 DEBUG cache - Loading template for "spark/macros/attr-common.ftl"("en_IN", UTF-8, parsed) from "jar:file:/C:/Users/Ritesh%20Kumar%20Singh/.m2/repository/com/aventstack/extentreports/5.0.9/extentreports-5.0.9.jar!/com/aventstack/extentreports/templates/spark/macros/attr-common.ftl"
2025-08-20 14:28:09 DEBUG cache - Couldn't find template in cache for "spark/partials/head.ftl"("en_IN", UTF-8, parsed); will try to load it.
2025-08-20 14:28:09 DEBUG cache - TemplateLoader.findTemplateSource("spark/partials/head_en_IN.ftl"): Not found
2025-08-20 14:28:09 DEBUG cache - TemplateLoader.findTemplateSource("spark/partials/head_en.ftl"): Not found
2025-08-20 14:28:09 DEBUG cache - TemplateLoader.findTemplateSource("spark/partials/head.ftl"): Found
2025-08-20 14:28:09 DEBUG cache - Loading template for "spark/partials/head.ftl"("en_IN", UTF-8, parsed) from "jar:file:/C:/Users/Ritesh%20Kumar%20Singh/.m2/repository/com/aventstack/extentreports/5.0.9/extentreports-5.0.9.jar!/com/aventstack/extentreports/templates/spark/partials/head.ftl"
2025-08-20 14:28:09 DEBUG cache - Couldn't find template in cache for "commons/commons-inject-css.ftl"("en_IN", UTF-8, parsed); will try to load it.
2025-08-20 14:28:09 DEBUG cache - TemplateLoader.findTemplateSource("commons/commons-inject-css_en_IN.ftl"): Not found
2025-08-20 14:28:09 DEBUG cache - TemplateLoader.findTemplateSource("commons/commons-inject-css_en.ftl"): Not found
2025-08-20 14:28:09 DEBUG cache - TemplateLoader.findTemplateSource("commons/commons-inject-css.ftl"): Found
2025-08-20 14:28:09 DEBUG cache - Loading template for "commons/commons-inject-css.ftl"("en_IN", UTF-8, parsed) from "jar:file:/C:/Users/Ritesh%20Kumar%20Singh/.m2/repository/com/aventstack/extentreports/5.0.9/extentreports-5.0.9.jar!/com/aventstack/extentreports/templates/commons/commons-inject-css.ftl"
2025-08-20 14:28:09 DEBUG cache - Couldn't find template in cache for "spark/partials/navbar.ftl"("en_IN", UTF-8, parsed); will try to load it.
2025-08-20 14:28:09 DEBUG cache - TemplateLoader.findTemplateSource("spark/partials/navbar_en_IN.ftl"): Not found
2025-08-20 14:28:09 DEBUG cache - TemplateLoader.findTemplateSource("spark/partials/navbar_en.ftl"): Not found
2025-08-20 14:28:09 DEBUG cache - TemplateLoader.findTemplateSource("spark/partials/navbar.ftl"): Found
2025-08-20 14:28:09 DEBUG cache - Loading template for "spark/partials/navbar.ftl"("en_IN", UTF-8, parsed) from "jar:file:/C:/Users/Ritesh%20Kumar%20Singh/.m2/repository/com/aventstack/extentreports/5.0.9/extentreports-5.0.9.jar!/com/aventstack/extentreports/templates/spark/partials/navbar.ftl"
2025-08-20 14:28:09 DEBUG cache - Couldn't find template in cache for "spark/partials/sidenav.ftl"("en_IN", UTF-8, parsed); will try to load it.
2025-08-20 14:28:09 DEBUG cache - TemplateLoader.findTemplateSource("spark/partials/sidenav_en_IN.ftl"): Not found
2025-08-20 14:28:09 DEBUG cache - TemplateLoader.findTemplateSource("spark/partials/sidenav_en.ftl"): Not found
2025-08-20 14:28:09 DEBUG cache - TemplateLoader.findTemplateSource("spark/partials/sidenav.ftl"): Found
2025-08-20 14:28:09 DEBUG cache - Loading template for "spark/partials/sidenav.ftl"("en_IN", UTF-8, parsed) from "jar:file:/C:/Users/Ritesh%20Kumar%20Singh/.m2/repository/com/aventstack/extentreports/5.0.9/extentreports-5.0.9.jar!/com/aventstack/extentreports/templates/spark/partials/sidenav.ftl"
2025-08-20 14:28:09 DEBUG cache - Couldn't find template in cache for "spark/partials/test.ftl"("en_IN", UTF-8, parsed); will try to load it.
2025-08-20 14:28:09 DEBUG cache - TemplateLoader.findTemplateSource("spark/partials/test_en_IN.ftl"): Not found
2025-08-20 14:28:09 DEBUG cache - TemplateLoader.findTemplateSource("spark/partials/test_en.ftl"): Not found
2025-08-20 14:28:09 DEBUG cache - TemplateLoader.findTemplateSource("spark/partials/test.ftl"): Found
2025-08-20 14:28:09 DEBUG cache - Loading template for "spark/partials/test.ftl"("en_IN", UTF-8, parsed) from "jar:file:/C:/Users/Ritesh%20Kumar%20Singh/.m2/repository/com/aventstack/extentreports/5.0.9/extentreports-5.0.9.jar!/com/aventstack/extentreports/templates/spark/partials/test.ftl"
2025-08-20 14:28:09 DEBUG cache - Couldn't find template in cache for "spark/partials/standard-content.ftl"("en_IN", UTF-8, parsed); will try to load it.
2025-08-20 14:28:09 DEBUG cache - TemplateLoader.findTemplateSource("spark/partials/standard-content_en_IN.ftl"): Not found
2025-08-20 14:28:09 DEBUG cache - TemplateLoader.findTemplateSource("spark/partials/standard-content_en.ftl"): Not found
2025-08-20 14:28:09 DEBUG cache - TemplateLoader.findTemplateSource("spark/partials/standard-content.ftl"): Found
2025-08-20 14:28:09 DEBUG cache - Loading template for "spark/partials/standard-content.ftl"("en_IN", UTF-8, parsed) from "jar:file:/C:/Users/Ritesh%20Kumar%20Singh/.m2/repository/com/aventstack/extentreports/5.0.9/extentreports-5.0.9.jar!/com/aventstack/extentreports/templates/spark/partials/standard-content.ftl"
2025-08-20 14:28:09 DEBUG cache - "spark/partials/standard-content.ftl"("en_IN", UTF-8, parsed) cached copy not yet stale; using cached.
2025-08-20 14:28:09 DEBUG cache - "spark/partials/standard-content.ftl"("en_IN", UTF-8, parsed) cached copy not yet stale; using cached.
2025-08-20 14:28:09 DEBUG cache - Couldn't find template in cache for "spark/partials/exception.ftl"("en_IN", UTF-8, parsed); will try to load it.
2025-08-20 14:28:09 DEBUG cache - TemplateLoader.findTemplateSource("spark/partials/exception_en_IN.ftl"): Not found
2025-08-20 14:28:09 DEBUG cache - TemplateLoader.findTemplateSource("spark/partials/exception_en.ftl"): Not found
2025-08-20 14:28:09 DEBUG cache - TemplateLoader.findTemplateSource("spark/partials/exception.ftl"): Found
2025-08-20 14:28:09 DEBUG cache - Loading template for "spark/partials/exception.ftl"("en_IN", UTF-8, parsed) from "jar:file:/C:/Users/Ritesh%20Kumar%20Singh/.m2/repository/com/aventstack/extentreports/5.0.9/extentreports-5.0.9.jar!/com/aventstack/extentreports/templates/spark/partials/exception.ftl"
2025-08-20 14:28:09 DEBUG cache - Couldn't find template in cache for "spark/partials/category.ftl"("en_IN", UTF-8, parsed); will try to load it.
2025-08-20 14:28:09 DEBUG cache - TemplateLoader.findTemplateSource("spark/partials/category_en_IN.ftl"): Not found
2025-08-20 14:28:09 DEBUG cache - TemplateLoader.findTemplateSource("spark/partials/category_en.ftl"): Not found
2025-08-20 14:28:09 DEBUG cache - TemplateLoader.findTemplateSource("spark/partials/category.ftl"): Found
2025-08-20 14:28:09 DEBUG cache - Loading template for "spark/partials/category.ftl"("en_IN", UTF-8, parsed) from "jar:file:/C:/Users/Ritesh%20Kumar%20Singh/.m2/repository/com/aventstack/extentreports/5.0.9/extentreports-5.0.9.jar!/com/aventstack/extentreports/templates/spark/partials/category.ftl"
2025-08-20 14:28:09 DEBUG cache - Couldn't find template in cache for "spark/partials/device.ftl"("en_IN", UTF-8, parsed); will try to load it.
2025-08-20 14:28:09 DEBUG cache - TemplateLoader.findTemplateSource("spark/partials/device_en_IN.ftl"): Not found
2025-08-20 14:28:09 DEBUG cache - TemplateLoader.findTemplateSource("spark/partials/device_en.ftl"): Not found
2025-08-20 14:28:09 DEBUG cache - TemplateLoader.findTemplateSource("spark/partials/device.ftl"): Found
2025-08-20 14:28:09 DEBUG cache - Loading template for "spark/partials/device.ftl"("en_IN", UTF-8, parsed) from "jar:file:/C:/Users/Ritesh%20Kumar%20Singh/.m2/repository/com/aventstack/extentreports/5.0.9/extentreports-5.0.9.jar!/com/aventstack/extentreports/templates/spark/partials/device.ftl"
2025-08-20 14:28:09 DEBUG cache - Couldn't find template in cache for "spark/partials/author.ftl"("en_IN", UTF-8, parsed); will try to load it.
2025-08-20 14:28:09 DEBUG cache - TemplateLoader.findTemplateSource("spark/partials/author_en_IN.ftl"): Not found
2025-08-20 14:28:09 DEBUG cache - TemplateLoader.findTemplateSource("spark/partials/author_en.ftl"): Not found
2025-08-20 14:28:09 DEBUG cache - TemplateLoader.findTemplateSource("spark/partials/author.ftl"): Found
2025-08-20 14:28:09 DEBUG cache - Loading template for "spark/partials/author.ftl"("en_IN", UTF-8, parsed) from "jar:file:/C:/Users/Ritesh%20Kumar%20Singh/.m2/repository/com/aventstack/extentreports/5.0.9/extentreports-5.0.9.jar!/com/aventstack/extentreports/templates/spark/partials/author.ftl"
2025-08-20 14:28:09 DEBUG cache - Couldn't find template in cache for "spark/partials/log.ftl"("en_IN", UTF-8, parsed); will try to load it.
2025-08-20 14:28:09 DEBUG cache - TemplateLoader.findTemplateSource("spark/partials/log_en_IN.ftl"): Not found
2025-08-20 14:28:09 DEBUG cache - TemplateLoader.findTemplateSource("spark/partials/log_en.ftl"): Not found
2025-08-20 14:28:09 DEBUG cache - TemplateLoader.findTemplateSource("spark/partials/log.ftl"): Found
2025-08-20 14:28:09 DEBUG cache - Loading template for "spark/partials/log.ftl"("en_IN", UTF-8, parsed) from "jar:file:/C:/Users/Ritesh%20Kumar%20Singh/.m2/repository/com/aventstack/extentreports/5.0.9/extentreports-5.0.9.jar!/com/aventstack/extentreports/templates/spark/partials/log.ftl"
2025-08-20 14:28:09 DEBUG cache - Couldn't find template in cache for "spark/partials/dashboard.ftl"("en_IN", UTF-8, parsed); will try to load it.
2025-08-20 14:28:09 DEBUG cache - TemplateLoader.findTemplateSource("spark/partials/dashboard_en_IN.ftl"): Not found
2025-08-20 14:28:10 DEBUG cache - TemplateLoader.findTemplateSource("spark/partials/dashboard_en.ftl"): Not found
2025-08-20 14:28:10 DEBUG cache - TemplateLoader.findTemplateSource("spark/partials/dashboard.ftl"): Found
2025-08-20 14:28:10 DEBUG cache - Loading template for "spark/partials/dashboard.ftl"("en_IN", UTF-8, parsed) from "jar:file:/C:/Users/Ritesh%20Kumar%20Singh/.m2/repository/com/aventstack/extentreports/5.0.9/extentreports-5.0.9.jar!/com/aventstack/extentreports/templates/spark/partials/dashboard.ftl"
2025-08-20 14:28:10 DEBUG cache - Couldn't find template in cache for "spark/partials/scripts.ftl"("en_IN", UTF-8, parsed); will try to load it.
2025-08-20 14:28:10 DEBUG cache - TemplateLoader.findTemplateSource("spark/partials/scripts_en_IN.ftl"): Not found
2025-08-20 14:28:10 DEBUG cache - TemplateLoader.findTemplateSource("spark/partials/scripts_en.ftl"): Not found
2025-08-20 14:28:10 DEBUG cache - TemplateLoader.findTemplateSource("spark/partials/scripts.ftl"): Found
2025-08-20 14:28:10 DEBUG cache - Loading template for "spark/partials/scripts.ftl"("en_IN", UTF-8, parsed) from "jar:file:/C:/Users/Ritesh%20Kumar%20Singh/.m2/repository/com/aventstack/extentreports/5.0.9/extentreports-5.0.9.jar!/com/aventstack/extentreports/templates/spark/partials/scripts.ftl"
2025-08-20 14:28:10 DEBUG cache - Couldn't find template in cache for "commons/commons-inject-js.ftl"("en_IN", UTF-8, parsed); will try to load it.
2025-08-20 14:28:10 DEBUG cache - TemplateLoader.findTemplateSource("commons/commons-inject-js_en_IN.ftl"): Not found
2025-08-20 14:28:10 DEBUG cache - TemplateLoader.findTemplateSource("commons/commons-inject-js_en.ftl"): Not found
2025-08-20 14:28:10 DEBUG cache - TemplateLoader.findTemplateSource("commons/commons-inject-js.ftl"): Found
2025-08-20 14:28:10 DEBUG cache - Loading template for "commons/commons-inject-js.ftl"("en_IN", UTF-8, parsed) from "jar:file:/C:/Users/Ritesh%20Kumar%20Singh/.m2/repository/com/aventstack/extentreports/5.0.9/extentreports-5.0.9.jar!/com/aventstack/extentreports/templates/commons/commons-inject-js.ftl"
2025-08-20 14:33:58 INFO  BaseTest - Driver initialized
2025-08-20 14:34:18 INFO  BaseTest - Driver closed
2025-08-20 14:34:18 DEBUG cache - Couldn't find template in cache for "spark/spark.spa.ftl"("en_IN", UTF-8, parsed); will try to load it.
2025-08-20 14:34:18 DEBUG cache - TemplateLoader.findTemplateSource("spark/spark.spa_en_IN.ftl"): Not found
2025-08-20 14:34:18 DEBUG cache - TemplateLoader.findTemplateSource("spark/spark.spa_en.ftl"): Not found
2025-08-20 14:34:18 DEBUG cache - TemplateLoader.findTemplateSource("spark/spark.spa.ftl"): Found
2025-08-20 14:34:18 DEBUG cache - Loading template for "spark/spark.spa.ftl"("en_IN", UTF-8, parsed) from "jar:file:/C:/Users/Ritesh%20Kumar%20Singh/.m2/repository/com/aventstack/extentreports/5.0.9/extentreports-5.0.9.jar!/com/aventstack/extentreports/templates/spark/spark.spa.ftl"
2025-08-20 14:34:18 DEBUG cache - Couldn't find template in cache for "commons/commons-variables.ftl"("en_IN", UTF-8, parsed); will try to load it.
2025-08-20 14:34:18 DEBUG cache - TemplateLoader.findTemplateSource("commons/commons-variables_en_IN.ftl"): Not found
2025-08-20 14:34:18 DEBUG cache - TemplateLoader.findTemplateSource("commons/commons-variables_en.ftl"): Not found
2025-08-20 14:34:18 DEBUG cache - TemplateLoader.findTemplateSource("commons/commons-variables.ftl"): Found
2025-08-20 14:34:18 DEBUG cache - Loading template for "commons/commons-variables.ftl"("en_IN", UTF-8, parsed) from "jar:file:/C:/Users/Ritesh%20Kumar%20Singh/.m2/repository/com/aventstack/extentreports/5.0.9/extentreports-5.0.9.jar!/com/aventstack/extentreports/templates/commons/commons-variables.ftl"
2025-08-20 14:34:18 DEBUG cache - Couldn't find template in cache for "commons/commons-macros.ftl"("en_IN", UTF-8, parsed); will try to load it.
2025-08-20 14:34:18 DEBUG cache - TemplateLoader.findTemplateSource("commons/commons-macros_en_IN.ftl"): Not found
2025-08-20 14:34:18 DEBUG cache - TemplateLoader.findTemplateSource("commons/commons-macros_en.ftl"): Not found
2025-08-20 14:34:18 DEBUG cache - TemplateLoader.findTemplateSource("commons/commons-macros.ftl"): Found
2025-08-20 14:34:18 DEBUG cache - Loading template for "commons/commons-macros.ftl"("en_IN", UTF-8, parsed) from "jar:file:/C:/Users/Ritesh%20Kumar%20Singh/.m2/repository/com/aventstack/extentreports/5.0.9/extentreports-5.0.9.jar!/com/aventstack/extentreports/templates/commons/commons-macros.ftl"
2025-08-20 14:34:18 DEBUG cache - Couldn't find template in cache for "spark/macros/attributes.ftl"("en_IN", UTF-8, parsed); will try to load it.
2025-08-20 14:34:18 DEBUG cache - TemplateLoader.findTemplateSource("spark/macros/attributes_en_IN.ftl"): Not found
2025-08-20 14:34:18 DEBUG cache - TemplateLoader.findTemplateSource("spark/macros/attributes_en.ftl"): Not found
2025-08-20 14:34:18 DEBUG cache - TemplateLoader.findTemplateSource("spark/macros/attributes.ftl"): Found
2025-08-20 14:34:18 DEBUG cache - Loading template for "spark/macros/attributes.ftl"("en_IN", UTF-8, parsed) from "jar:file:/C:/Users/Ritesh%20Kumar%20Singh/.m2/repository/com/aventstack/extentreports/5.0.9/extentreports-5.0.9.jar!/com/aventstack/extentreports/templates/spark/macros/attributes.ftl"
2025-08-20 14:34:18 DEBUG cache - Couldn't find template in cache for "spark/macros/log.ftl"("en_IN", UTF-8, parsed); will try to load it.
2025-08-20 14:34:18 DEBUG cache - TemplateLoader.findTemplateSource("spark/macros/log_en_IN.ftl"): Not found
2025-08-20 14:34:18 DEBUG cache - TemplateLoader.findTemplateSource("spark/macros/log_en.ftl"): Not found
2025-08-20 14:34:18 DEBUG cache - TemplateLoader.findTemplateSource("spark/macros/log.ftl"): Found
2025-08-20 14:34:18 DEBUG cache - Loading template for "spark/macros/log.ftl"("en_IN", UTF-8, parsed) from "jar:file:/C:/Users/Ritesh%20Kumar%20Singh/.m2/repository/com/aventstack/extentreports/5.0.9/extentreports-5.0.9.jar!/com/aventstack/extentreports/templates/spark/macros/log.ftl"
2025-08-20 14:34:18 DEBUG cache - Couldn't find template in cache for "spark/macros/recurse_nodes.ftl"("en_IN", UTF-8, parsed); will try to load it.
2025-08-20 14:34:18 DEBUG cache - TemplateLoader.findTemplateSource("spark/macros/recurse_nodes_en_IN.ftl"): Not found
2025-08-20 14:34:18 DEBUG cache - TemplateLoader.findTemplateSource("spark/macros/recurse_nodes_en.ftl"): Not found
2025-08-20 14:34:18 DEBUG cache - TemplateLoader.findTemplateSource("spark/macros/recurse_nodes.ftl"): Found
2025-08-20 14:34:18 DEBUG cache - Loading template for "spark/macros/recurse_nodes.ftl"("en_IN", UTF-8, parsed) from "jar:file:/C:/Users/Ritesh%20Kumar%20Singh/.m2/repository/com/aventstack/extentreports/5.0.9/extentreports-5.0.9.jar!/com/aventstack/extentreports/templates/spark/macros/recurse_nodes.ftl"
2025-08-20 14:34:18 DEBUG cache - "spark/macros/log.ftl"("en_IN", UTF-8, parsed) cached copy not yet stale; using cached.
2025-08-20 14:34:18 DEBUG cache - Couldn't find template in cache for "spark/macros/attr-common.ftl"("en_IN", UTF-8, parsed); will try to load it.
2025-08-20 14:34:18 DEBUG cache - TemplateLoader.findTemplateSource("spark/macros/attr-common_en_IN.ftl"): Not found
2025-08-20 14:34:18 DEBUG cache - TemplateLoader.findTemplateSource("spark/macros/attr-common_en.ftl"): Not found
2025-08-20 14:34:18 DEBUG cache - TemplateLoader.findTemplateSource("spark/macros/attr-common.ftl"): Found
2025-08-20 14:34:18 DEBUG cache - Loading template for "spark/macros/attr-common.ftl"("en_IN", UTF-8, parsed) from "jar:file:/C:/Users/Ritesh%20Kumar%20Singh/.m2/repository/com/aventstack/extentreports/5.0.9/extentreports-5.0.9.jar!/com/aventstack/extentreports/templates/spark/macros/attr-common.ftl"
2025-08-20 14:34:18 DEBUG cache - Couldn't find template in cache for "spark/partials/head.ftl"("en_IN", UTF-8, parsed); will try to load it.
2025-08-20 14:34:18 DEBUG cache - TemplateLoader.findTemplateSource("spark/partials/head_en_IN.ftl"): Not found
2025-08-20 14:34:18 DEBUG cache - TemplateLoader.findTemplateSource("spark/partials/head_en.ftl"): Not found
2025-08-20 14:34:18 DEBUG cache - TemplateLoader.findTemplateSource("spark/partials/head.ftl"): Found
2025-08-20 14:34:18 DEBUG cache - Loading template for "spark/partials/head.ftl"("en_IN", UTF-8, parsed) from "jar:file:/C:/Users/Ritesh%20Kumar%20Singh/.m2/repository/com/aventstack/extentreports/5.0.9/extentreports-5.0.9.jar!/com/aventstack/extentreports/templates/spark/partials/head.ftl"
2025-08-20 14:34:18 DEBUG cache - Couldn't find template in cache for "commons/commons-inject-css.ftl"("en_IN", UTF-8, parsed); will try to load it.
2025-08-20 14:34:18 DEBUG cache - TemplateLoader.findTemplateSource("commons/commons-inject-css_en_IN.ftl"): Not found
2025-08-20 14:34:18 DEBUG cache - TemplateLoader.findTemplateSource("commons/commons-inject-css_en.ftl"): Not found
2025-08-20 14:34:18 DEBUG cache - TemplateLoader.findTemplateSource("commons/commons-inject-css.ftl"): Found
2025-08-20 14:34:18 DEBUG cache - Loading template for "commons/commons-inject-css.ftl"("en_IN", UTF-8, parsed) from "jar:file:/C:/Users/Ritesh%20Kumar%20Singh/.m2/repository/com/aventstack/extentreports/5.0.9/extentreports-5.0.9.jar!/com/aventstack/extentreports/templates/commons/commons-inject-css.ftl"
2025-08-20 14:34:18 DEBUG cache - Couldn't find template in cache for "spark/partials/navbar.ftl"("en_IN", UTF-8, parsed); will try to load it.
2025-08-20 14:34:18 DEBUG cache - TemplateLoader.findTemplateSource("spark/partials/navbar_en_IN.ftl"): Not found
2025-08-20 14:34:18 DEBUG cache - TemplateLoader.findTemplateSource("spark/partials/navbar_en.ftl"): Not found
2025-08-20 14:34:18 DEBUG cache - TemplateLoader.findTemplateSource("spark/partials/navbar.ftl"): Found
2025-08-20 14:34:18 DEBUG cache - Loading template for "spark/partials/navbar.ftl"("en_IN", UTF-8, parsed) from "jar:file:/C:/Users/Ritesh%20Kumar%20Singh/.m2/repository/com/aventstack/extentreports/5.0.9/extentreports-5.0.9.jar!/com/aventstack/extentreports/templates/spark/partials/navbar.ftl"
2025-08-20 14:34:18 DEBUG cache - Couldn't find template in cache for "spark/partials/sidenav.ftl"("en_IN", UTF-8, parsed); will try to load it.
2025-08-20 14:34:18 DEBUG cache - TemplateLoader.findTemplateSource("spark/partials/sidenav_en_IN.ftl"): Not found
2025-08-20 14:34:18 DEBUG cache - TemplateLoader.findTemplateSource("spark/partials/sidenav_en.ftl"): Not found
2025-08-20 14:34:18 DEBUG cache - TemplateLoader.findTemplateSource("spark/partials/sidenav.ftl"): Found
2025-08-20 14:34:18 DEBUG cache - Loading template for "spark/partials/sidenav.ftl"("en_IN", UTF-8, parsed) from "jar:file:/C:/Users/Ritesh%20Kumar%20Singh/.m2/repository/com/aventstack/extentreports/5.0.9/extentreports-5.0.9.jar!/com/aventstack/extentreports/templates/spark/partials/sidenav.ftl"
2025-08-20 14:34:18 DEBUG cache - Couldn't find template in cache for "spark/partials/test.ftl"("en_IN", UTF-8, parsed); will try to load it.
2025-08-20 14:34:18 DEBUG cache - TemplateLoader.findTemplateSource("spark/partials/test_en_IN.ftl"): Not found
2025-08-20 14:34:18 DEBUG cache - TemplateLoader.findTemplateSource("spark/partials/test_en.ftl"): Not found
2025-08-20 14:34:18 DEBUG cache - TemplateLoader.findTemplateSource("spark/partials/test.ftl"): Found
2025-08-20 14:34:18 DEBUG cache - Loading template for "spark/partials/test.ftl"("en_IN", UTF-8, parsed) from "jar:file:/C:/Users/Ritesh%20Kumar%20Singh/.m2/repository/com/aventstack/extentreports/5.0.9/extentreports-5.0.9.jar!/com/aventstack/extentreports/templates/spark/partials/test.ftl"
2025-08-20 14:34:18 DEBUG cache - Couldn't find template in cache for "spark/partials/standard-content.ftl"("en_IN", UTF-8, parsed); will try to load it.
2025-08-20 14:34:18 DEBUG cache - TemplateLoader.findTemplateSource("spark/partials/standard-content_en_IN.ftl"): Not found
2025-08-20 14:34:18 DEBUG cache - TemplateLoader.findTemplateSource("spark/partials/standard-content_en.ftl"): Not found
2025-08-20 14:34:18 DEBUG cache - TemplateLoader.findTemplateSource("spark/partials/standard-content.ftl"): Found
2025-08-20 14:34:18 DEBUG cache - Loading template for "spark/partials/standard-content.ftl"("en_IN", UTF-8, parsed) from "jar:file:/C:/Users/Ritesh%20Kumar%20Singh/.m2/repository/com/aventstack/extentreports/5.0.9/extentreports-5.0.9.jar!/com/aventstack/extentreports/templates/spark/partials/standard-content.ftl"
2025-08-20 14:34:18 DEBUG cache - "spark/partials/standard-content.ftl"("en_IN", UTF-8, parsed) cached copy not yet stale; using cached.
2025-08-20 14:34:18 DEBUG cache - "spark/partials/standard-content.ftl"("en_IN", UTF-8, parsed) cached copy not yet stale; using cached.
2025-08-20 14:34:18 DEBUG cache - Couldn't find template in cache for "spark/partials/exception.ftl"("en_IN", UTF-8, parsed); will try to load it.
2025-08-20 14:34:18 DEBUG cache - TemplateLoader.findTemplateSource("spark/partials/exception_en_IN.ftl"): Not found
2025-08-20 14:34:18 DEBUG cache - TemplateLoader.findTemplateSource("spark/partials/exception_en.ftl"): Not found
2025-08-20 14:34:18 DEBUG cache - TemplateLoader.findTemplateSource("spark/partials/exception.ftl"): Found
2025-08-20 14:34:18 DEBUG cache - Loading template for "spark/partials/exception.ftl"("en_IN", UTF-8, parsed) from "jar:file:/C:/Users/Ritesh%20Kumar%20Singh/.m2/repository/com/aventstack/extentreports/5.0.9/extentreports-5.0.9.jar!/com/aventstack/extentreports/templates/spark/partials/exception.ftl"
2025-08-20 14:34:18 DEBUG cache - Couldn't find template in cache for "spark/partials/category.ftl"("en_IN", UTF-8, parsed); will try to load it.
2025-08-20 14:34:18 DEBUG cache - TemplateLoader.findTemplateSource("spark/partials/category_en_IN.ftl"): Not found
2025-08-20 14:34:18 DEBUG cache - TemplateLoader.findTemplateSource("spark/partials/category_en.ftl"): Not found
2025-08-20 14:34:18 DEBUG cache - TemplateLoader.findTemplateSource("spark/partials/category.ftl"): Found
2025-08-20 14:34:18 DEBUG cache - Loading template for "spark/partials/category.ftl"("en_IN", UTF-8, parsed) from "jar:file:/C:/Users/Ritesh%20Kumar%20Singh/.m2/repository/com/aventstack/extentreports/5.0.9/extentreports-5.0.9.jar!/com/aventstack/extentreports/templates/spark/partials/category.ftl"
2025-08-20 14:34:18 DEBUG cache - Couldn't find template in cache for "spark/partials/device.ftl"("en_IN", UTF-8, parsed); will try to load it.
2025-08-20 14:34:18 DEBUG cache - TemplateLoader.findTemplateSource("spark/partials/device_en_IN.ftl"): Not found
2025-08-20 14:34:18 DEBUG cache - TemplateLoader.findTemplateSource("spark/partials/device_en.ftl"): Not found
2025-08-20 14:34:18 DEBUG cache - TemplateLoader.findTemplateSource("spark/partials/device.ftl"): Found
2025-08-20 14:34:18 DEBUG cache - Loading template for "spark/partials/device.ftl"("en_IN", UTF-8, parsed) from "jar:file:/C:/Users/Ritesh%20Kumar%20Singh/.m2/repository/com/aventstack/extentreports/5.0.9/extentreports-5.0.9.jar!/com/aventstack/extentreports/templates/spark/partials/device.ftl"
2025-08-20 14:34:18 DEBUG cache - Couldn't find template in cache for "spark/partials/author.ftl"("en_IN", UTF-8, parsed); will try to load it.
2025-08-20 14:34:18 DEBUG cache - TemplateLoader.findTemplateSource("spark/partials/author_en_IN.ftl"): Not found
2025-08-20 14:34:18 DEBUG cache - TemplateLoader.findTemplateSource("spark/partials/author_en.ftl"): Not found
2025-08-20 14:34:18 DEBUG cache - TemplateLoader.findTemplateSource("spark/partials/author.ftl"): Found
2025-08-20 14:34:18 DEBUG cache - Loading template for "spark/partials/author.ftl"("en_IN", UTF-8, parsed) from "jar:file:/C:/Users/Ritesh%20Kumar%20Singh/.m2/repository/com/aventstack/extentreports/5.0.9/extentreports-5.0.9.jar!/com/aventstack/extentreports/templates/spark/partials/author.ftl"
2025-08-20 14:34:18 DEBUG cache - Couldn't find template in cache for "spark/partials/log.ftl"("en_IN", UTF-8, parsed); will try to load it.
2025-08-20 14:34:18 DEBUG cache - TemplateLoader.findTemplateSource("spark/partials/log_en_IN.ftl"): Not found
2025-08-20 14:34:18 DEBUG cache - TemplateLoader.findTemplateSource("spark/partials/log_en.ftl"): Not found
2025-08-20 14:34:18 DEBUG cache - TemplateLoader.findTemplateSource("spark/partials/log.ftl"): Found
2025-08-20 14:34:18 DEBUG cache - Loading template for "spark/partials/log.ftl"("en_IN", UTF-8, parsed) from "jar:file:/C:/Users/Ritesh%20Kumar%20Singh/.m2/repository/com/aventstack/extentreports/5.0.9/extentreports-5.0.9.jar!/com/aventstack/extentreports/templates/spark/partials/log.ftl"
2025-08-20 14:34:18 DEBUG cache - Couldn't find template in cache for "spark/partials/dashboard.ftl"("en_IN", UTF-8, parsed); will try to load it.
2025-08-20 14:34:18 DEBUG cache - TemplateLoader.findTemplateSource("spark/partials/dashboard_en_IN.ftl"): Not found
2025-08-20 14:34:18 DEBUG cache - TemplateLoader.findTemplateSource("spark/partials/dashboard_en.ftl"): Not found
2025-08-20 14:34:18 DEBUG cache - TemplateLoader.findTemplateSource("spark/partials/dashboard.ftl"): Found
2025-08-20 14:34:18 DEBUG cache - Loading template for "spark/partials/dashboard.ftl"("en_IN", UTF-8, parsed) from "jar:file:/C:/Users/Ritesh%20Kumar%20Singh/.m2/repository/com/aventstack/extentreports/5.0.9/extentreports-5.0.9.jar!/com/aventstack/extentreports/templates/spark/partials/dashboard.ftl"
2025-08-20 14:34:19 DEBUG cache - Couldn't find template in cache for "spark/partials/scripts.ftl"("en_IN", UTF-8, parsed); will try to load it.
2025-08-20 14:34:19 DEBUG cache - TemplateLoader.findTemplateSource("spark/partials/scripts_en_IN.ftl"): Not found
2025-08-20 14:34:19 DEBUG cache - TemplateLoader.findTemplateSource("spark/partials/scripts_en.ftl"): Not found
2025-08-20 14:34:19 DEBUG cache - TemplateLoader.findTemplateSource("spark/partials/scripts.ftl"): Found
2025-08-20 14:34:19 DEBUG cache - Loading template for "spark/partials/scripts.ftl"("en_IN", UTF-8, parsed) from "jar:file:/C:/Users/Ritesh%20Kumar%20Singh/.m2/repository/com/aventstack/extentreports/5.0.9/extentreports-5.0.9.jar!/com/aventstack/extentreports/templates/spark/partials/scripts.ftl"
2025-08-20 14:34:19 DEBUG cache - Couldn't find template in cache for "commons/commons-inject-js.ftl"("en_IN", UTF-8, parsed); will try to load it.
2025-08-20 14:34:19 DEBUG cache - TemplateLoader.findTemplateSource("commons/commons-inject-js_en_IN.ftl"): Not found
2025-08-20 14:34:19 DEBUG cache - TemplateLoader.findTemplateSource("commons/commons-inject-js_en.ftl"): Not found
2025-08-20 14:34:19 DEBUG cache - TemplateLoader.findTemplateSource("commons/commons-inject-js.ftl"): Found
2025-08-20 14:34:19 DEBUG cache - Loading template for "commons/commons-inject-js.ftl"("en_IN", UTF-8, parsed) from "jar:file:/C:/Users/Ritesh%20Kumar%20Singh/.m2/repository/com/aventstack/extentreports/5.0.9/extentreports-5.0.9.jar!/com/aventstack/extentreports/templates/commons/commons-inject-js.ftl"
2025-08-20 14:46:19 DEBUG cache - Couldn't find template in cache for "spark/spark.spa.ftl"("en_IN", UTF-8, parsed); will try to load it.
2025-08-20 14:46:19 DEBUG cache - TemplateLoader.findTemplateSource("spark/spark.spa_en_IN.ftl"): Not found
2025-08-20 14:46:19 DEBUG cache - TemplateLoader.findTemplateSource("spark/spark.spa_en.ftl"): Not found
2025-08-20 14:46:19 DEBUG cache - TemplateLoader.findTemplateSource("spark/spark.spa.ftl"): Found
2025-08-20 14:46:19 DEBUG cache - Loading template for "spark/spark.spa.ftl"("en_IN", UTF-8, parsed) from "jar:file:/C:/Users/Ritesh%20Kumar%20Singh/.m2/repository/com/aventstack/extentreports/5.0.9/extentreports-5.0.9.jar!/com/aventstack/extentreports/templates/spark/spark.spa.ftl"
2025-08-20 14:46:19 DEBUG cache - Couldn't find template in cache for "commons/commons-variables.ftl"("en_IN", UTF-8, parsed); will try to load it.
2025-08-20 14:46:19 DEBUG cache - TemplateLoader.findTemplateSource("commons/commons-variables_en_IN.ftl"): Not found
2025-08-20 14:46:19 DEBUG cache - TemplateLoader.findTemplateSource("commons/commons-variables_en.ftl"): Not found
2025-08-20 14:46:19 DEBUG cache - TemplateLoader.findTemplateSource("commons/commons-variables.ftl"): Found
2025-08-20 14:46:19 DEBUG cache - Loading template for "commons/commons-variables.ftl"("en_IN", UTF-8, parsed) from "jar:file:/C:/Users/Ritesh%20Kumar%20Singh/.m2/repository/com/aventstack/extentreports/5.0.9/extentreports-5.0.9.jar!/com/aventstack/extentreports/templates/commons/commons-variables.ftl"
2025-08-20 14:46:19 DEBUG cache - Couldn't find template in cache for "commons/commons-macros.ftl"("en_IN", UTF-8, parsed); will try to load it.
2025-08-20 14:46:19 DEBUG cache - TemplateLoader.findTemplateSource("commons/commons-macros_en_IN.ftl"): Not found
2025-08-20 14:46:19 DEBUG cache - TemplateLoader.findTemplateSource("commons/commons-macros_en.ftl"): Not found
2025-08-20 14:46:19 DEBUG cache - TemplateLoader.findTemplateSource("commons/commons-macros.ftl"): Found
2025-08-20 14:46:19 DEBUG cache - Loading template for "commons/commons-macros.ftl"("en_IN", UTF-8, parsed) from "jar:file:/C:/Users/Ritesh%20Kumar%20Singh/.m2/repository/com/aventstack/extentreports/5.0.9/extentreports-5.0.9.jar!/com/aventstack/extentreports/templates/commons/commons-macros.ftl"
2025-08-20 14:46:19 DEBUG cache - Couldn't find template in cache for "spark/macros/attributes.ftl"("en_IN", UTF-8, parsed); will try to load it.
2025-08-20 14:46:19 DEBUG cache - TemplateLoader.findTemplateSource("spark/macros/attributes_en_IN.ftl"): Not found
2025-08-20 14:46:19 DEBUG cache - TemplateLoader.findTemplateSource("spark/macros/attributes_en.ftl"): Not found
2025-08-20 14:46:19 DEBUG cache - TemplateLoader.findTemplateSource("spark/macros/attributes.ftl"): Found
2025-08-20 14:46:19 DEBUG cache - Loading template for "spark/macros/attributes.ftl"("en_IN", UTF-8, parsed) from "jar:file:/C:/Users/Ritesh%20Kumar%20Singh/.m2/repository/com/aventstack/extentreports/5.0.9/extentreports-5.0.9.jar!/com/aventstack/extentreports/templates/spark/macros/attributes.ftl"
2025-08-20 14:46:19 DEBUG cache - Couldn't find template in cache for "spark/macros/log.ftl"("en_IN", UTF-8, parsed); will try to load it.
2025-08-20 14:46:19 DEBUG cache - TemplateLoader.findTemplateSource("spark/macros/log_en_IN.ftl"): Not found
2025-08-20 14:46:19 DEBUG cache - TemplateLoader.findTemplateSource("spark/macros/log_en.ftl"): Not found
2025-08-20 14:46:19 DEBUG cache - TemplateLoader.findTemplateSource("spark/macros/log.ftl"): Found
2025-08-20 14:46:19 DEBUG cache - Loading template for "spark/macros/log.ftl"("en_IN", UTF-8, parsed) from "jar:file:/C:/Users/Ritesh%20Kumar%20Singh/.m2/repository/com/aventstack/extentreports/5.0.9/extentreports-5.0.9.jar!/com/aventstack/extentreports/templates/spark/macros/log.ftl"
2025-08-20 14:46:19 DEBUG cache - Couldn't find template in cache for "spark/macros/recurse_nodes.ftl"("en_IN", UTF-8, parsed); will try to load it.
2025-08-20 14:46:19 DEBUG cache - TemplateLoader.findTemplateSource("spark/macros/recurse_nodes_en_IN.ftl"): Not found
2025-08-20 14:46:19 DEBUG cache - TemplateLoader.findTemplateSource("spark/macros/recurse_nodes_en.ftl"): Not found
2025-08-20 14:46:19 DEBUG cache - TemplateLoader.findTemplateSource("spark/macros/recurse_nodes.ftl"): Found
2025-08-20 14:46:19 DEBUG cache - Loading template for "spark/macros/recurse_nodes.ftl"("en_IN", UTF-8, parsed) from "jar:file:/C:/Users/Ritesh%20Kumar%20Singh/.m2/repository/com/aventstack/extentreports/5.0.9/extentreports-5.0.9.jar!/com/aventstack/extentreports/templates/spark/macros/recurse_nodes.ftl"
2025-08-20 14:46:19 DEBUG cache - "spark/macros/log.ftl"("en_IN", UTF-8, parsed) cached copy not yet stale; using cached.
2025-08-20 14:46:19 DEBUG cache - Couldn't find template in cache for "spark/macros/attr-common.ftl"("en_IN", UTF-8, parsed); will try to load it.
2025-08-20 14:46:19 DEBUG cache - TemplateLoader.findTemplateSource("spark/macros/attr-common_en_IN.ftl"): Not found
2025-08-20 14:46:19 DEBUG cache - TemplateLoader.findTemplateSource("spark/macros/attr-common_en.ftl"): Not found
2025-08-20 14:46:19 DEBUG cache - TemplateLoader.findTemplateSource("spark/macros/attr-common.ftl"): Found
2025-08-20 14:46:19 DEBUG cache - Loading template for "spark/macros/attr-common.ftl"("en_IN", UTF-8, parsed) from "jar:file:/C:/Users/Ritesh%20Kumar%20Singh/.m2/repository/com/aventstack/extentreports/5.0.9/extentreports-5.0.9.jar!/com/aventstack/extentreports/templates/spark/macros/attr-common.ftl"
2025-08-20 14:46:19 DEBUG cache - Couldn't find template in cache for "spark/partials/head.ftl"("en_IN", UTF-8, parsed); will try to load it.
2025-08-20 14:46:19 DEBUG cache - TemplateLoader.findTemplateSource("spark/partials/head_en_IN.ftl"): Not found
2025-08-20 14:46:19 DEBUG cache - TemplateLoader.findTemplateSource("spark/partials/head_en.ftl"): Not found
2025-08-20 14:46:19 DEBUG cache - TemplateLoader.findTemplateSource("spark/partials/head.ftl"): Found
2025-08-20 14:46:19 DEBUG cache - Loading template for "spark/partials/head.ftl"("en_IN", UTF-8, parsed) from "jar:file:/C:/Users/Ritesh%20Kumar%20Singh/.m2/repository/com/aventstack/extentreports/5.0.9/extentreports-5.0.9.jar!/com/aventstack/extentreports/templates/spark/partials/head.ftl"
2025-08-20 14:46:19 DEBUG cache - Couldn't find template in cache for "commons/commons-inject-css.ftl"("en_IN", UTF-8, parsed); will try to load it.
2025-08-20 14:46:19 DEBUG cache - TemplateLoader.findTemplateSource("commons/commons-inject-css_en_IN.ftl"): Not found
2025-08-20 14:46:19 DEBUG cache - TemplateLoader.findTemplateSource("commons/commons-inject-css_en.ftl"): Not found
2025-08-20 14:46:19 DEBUG cache - TemplateLoader.findTemplateSource("commons/commons-inject-css.ftl"): Found
2025-08-20 14:46:19 DEBUG cache - Loading template for "commons/commons-inject-css.ftl"("en_IN", UTF-8, parsed) from "jar:file:/C:/Users/Ritesh%20Kumar%20Singh/.m2/repository/com/aventstack/extentreports/5.0.9/extentreports-5.0.9.jar!/com/aventstack/extentreports/templates/commons/commons-inject-css.ftl"
2025-08-20 14:46:19 DEBUG cache - Couldn't find template in cache for "spark/partials/navbar.ftl"("en_IN", UTF-8, parsed); will try to load it.
2025-08-20 14:46:19 DEBUG cache - TemplateLoader.findTemplateSource("spark/partials/navbar_en_IN.ftl"): Not found
2025-08-20 14:46:19 DEBUG cache - TemplateLoader.findTemplateSource("spark/partials/navbar_en.ftl"): Not found
2025-08-20 14:46:19 DEBUG cache - TemplateLoader.findTemplateSource("spark/partials/navbar.ftl"): Found
2025-08-20 14:46:19 DEBUG cache - Loading template for "spark/partials/navbar.ftl"("en_IN", UTF-8, parsed) from "jar:file:/C:/Users/Ritesh%20Kumar%20Singh/.m2/repository/com/aventstack/extentreports/5.0.9/extentreports-5.0.9.jar!/com/aventstack/extentreports/templates/spark/partials/navbar.ftl"
2025-08-20 14:46:19 DEBUG cache - Couldn't find template in cache for "spark/partials/sidenav.ftl"("en_IN", UTF-8, parsed); will try to load it.
2025-08-20 14:46:19 DEBUG cache - TemplateLoader.findTemplateSource("spark/partials/sidenav_en_IN.ftl"): Not found
2025-08-20 14:46:19 DEBUG cache - TemplateLoader.findTemplateSource("spark/partials/sidenav_en.ftl"): Not found
2025-08-20 14:46:19 DEBUG cache - TemplateLoader.findTemplateSource("spark/partials/sidenav.ftl"): Found
2025-08-20 14:46:19 DEBUG cache - Loading template for "spark/partials/sidenav.ftl"("en_IN", UTF-8, parsed) from "jar:file:/C:/Users/Ritesh%20Kumar%20Singh/.m2/repository/com/aventstack/extentreports/5.0.9/extentreports-5.0.9.jar!/com/aventstack/extentreports/templates/spark/partials/sidenav.ftl"
2025-08-20 14:46:19 DEBUG cache - Couldn't find template in cache for "spark/partials/test.ftl"("en_IN", UTF-8, parsed); will try to load it.
2025-08-20 14:46:19 DEBUG cache - TemplateLoader.findTemplateSource("spark/partials/test_en_IN.ftl"): Not found
2025-08-20 14:46:19 DEBUG cache - TemplateLoader.findTemplateSource("spark/partials/test_en.ftl"): Not found
2025-08-20 14:46:19 DEBUG cache - TemplateLoader.findTemplateSource("spark/partials/test.ftl"): Found
2025-08-20 14:46:19 DEBUG cache - Loading template for "spark/partials/test.ftl"("en_IN", UTF-8, parsed) from "jar:file:/C:/Users/Ritesh%20Kumar%20Singh/.m2/repository/com/aventstack/extentreports/5.0.9/extentreports-5.0.9.jar!/com/aventstack/extentreports/templates/spark/partials/test.ftl"
2025-08-20 14:46:19 DEBUG cache - Couldn't find template in cache for "spark/partials/standard-content.ftl"("en_IN", UTF-8, parsed); will try to load it.
2025-08-20 14:46:19 DEBUG cache - TemplateLoader.findTemplateSource("spark/partials/standard-content_en_IN.ftl"): Not found
2025-08-20 14:46:19 DEBUG cache - TemplateLoader.findTemplateSource("spark/partials/standard-content_en.ftl"): Not found
2025-08-20 14:46:19 DEBUG cache - TemplateLoader.findTemplateSource("spark/partials/standard-content.ftl"): Found
2025-08-20 14:46:19 DEBUG cache - Loading template for "spark/partials/standard-content.ftl"("en_IN", UTF-8, parsed) from "jar:file:/C:/Users/Ritesh%20Kumar%20Singh/.m2/repository/com/aventstack/extentreports/5.0.9/extentreports-5.0.9.jar!/com/aventstack/extentreports/templates/spark/partials/standard-content.ftl"
2025-08-20 14:46:19 DEBUG cache - "spark/partials/standard-content.ftl"("en_IN", UTF-8, parsed) cached copy not yet stale; using cached.
2025-08-20 14:46:19 DEBUG cache - "spark/partials/standard-content.ftl"("en_IN", UTF-8, parsed) cached copy not yet stale; using cached.
2025-08-20 14:46:19 DEBUG cache - Couldn't find template in cache for "spark/partials/exception.ftl"("en_IN", UTF-8, parsed); will try to load it.
2025-08-20 14:46:19 DEBUG cache - TemplateLoader.findTemplateSource("spark/partials/exception_en_IN.ftl"): Not found
2025-08-20 14:46:19 DEBUG cache - TemplateLoader.findTemplateSource("spark/partials/exception_en.ftl"): Not found
2025-08-20 14:46:19 DEBUG cache - TemplateLoader.findTemplateSource("spark/partials/exception.ftl"): Found
2025-08-20 14:46:19 DEBUG cache - Loading template for "spark/partials/exception.ftl"("en_IN", UTF-8, parsed) from "jar:file:/C:/Users/Ritesh%20Kumar%20Singh/.m2/repository/com/aventstack/extentreports/5.0.9/extentreports-5.0.9.jar!/com/aventstack/extentreports/templates/spark/partials/exception.ftl"
2025-08-20 14:46:19 DEBUG cache - Couldn't find template in cache for "spark/partials/category.ftl"("en_IN", UTF-8, parsed); will try to load it.
2025-08-20 14:46:19 DEBUG cache - TemplateLoader.findTemplateSource("spark/partials/category_en_IN.ftl"): Not found
2025-08-20 14:46:19 DEBUG cache - TemplateLoader.findTemplateSource("spark/partials/category_en.ftl"): Not found
2025-08-20 14:46:19 DEBUG cache - TemplateLoader.findTemplateSource("spark/partials/category.ftl"): Found
2025-08-20 14:46:19 DEBUG cache - Loading template for "spark/partials/category.ftl"("en_IN", UTF-8, parsed) from "jar:file:/C:/Users/Ritesh%20Kumar%20Singh/.m2/repository/com/aventstack/extentreports/5.0.9/extentreports-5.0.9.jar!/com/aventstack/extentreports/templates/spark/partials/category.ftl"
2025-08-20 14:46:19 DEBUG cache - Couldn't find template in cache for "spark/partials/device.ftl"("en_IN", UTF-8, parsed); will try to load it.
2025-08-20 14:46:19 DEBUG cache - TemplateLoader.findTemplateSource("spark/partials/device_en_IN.ftl"): Not found
2025-08-20 14:46:19 DEBUG cache - TemplateLoader.findTemplateSource("spark/partials/device_en.ftl"): Not found
2025-08-20 14:46:19 DEBUG cache - TemplateLoader.findTemplateSource("spark/partials/device.ftl"): Found
2025-08-20 14:46:19 DEBUG cache - Loading template for "spark/partials/device.ftl"("en_IN", UTF-8, parsed) from "jar:file:/C:/Users/Ritesh%20Kumar%20Singh/.m2/repository/com/aventstack/extentreports/5.0.9/extentreports-5.0.9.jar!/com/aventstack/extentreports/templates/spark/partials/device.ftl"
2025-08-20 14:46:19 DEBUG cache - Couldn't find template in cache for "spark/partials/author.ftl"("en_IN", UTF-8, parsed); will try to load it.
2025-08-20 14:46:19 DEBUG cache - TemplateLoader.findTemplateSource("spark/partials/author_en_IN.ftl"): Not found
2025-08-20 14:46:19 DEBUG cache - TemplateLoader.findTemplateSource("spark/partials/author_en.ftl"): Not found
2025-08-20 14:46:19 DEBUG cache - TemplateLoader.findTemplateSource("spark/partials/author.ftl"): Found
2025-08-20 14:46:19 DEBUG cache - Loading template for "spark/partials/author.ftl"("en_IN", UTF-8, parsed) from "jar:file:/C:/Users/Ritesh%20Kumar%20Singh/.m2/repository/com/aventstack/extentreports/5.0.9/extentreports-5.0.9.jar!/com/aventstack/extentreports/templates/spark/partials/author.ftl"
2025-08-20 14:46:19 DEBUG cache - Couldn't find template in cache for "spark/partials/log.ftl"("en_IN", UTF-8, parsed); will try to load it.
2025-08-20 14:46:19 DEBUG cache - TemplateLoader.findTemplateSource("spark/partials/log_en_IN.ftl"): Not found
2025-08-20 14:46:19 DEBUG cache - TemplateLoader.findTemplateSource("spark/partials/log_en.ftl"): Not found
2025-08-20 14:46:19 DEBUG cache - TemplateLoader.findTemplateSource("spark/partials/log.ftl"): Found
2025-08-20 14:46:19 DEBUG cache - Loading template for "spark/partials/log.ftl"("en_IN", UTF-8, parsed) from "jar:file:/C:/Users/Ritesh%20Kumar%20Singh/.m2/repository/com/aventstack/extentreports/5.0.9/extentreports-5.0.9.jar!/com/aventstack/extentreports/templates/spark/partials/log.ftl"
2025-08-20 14:46:19 DEBUG cache - Couldn't find template in cache for "spark/partials/dashboard.ftl"("en_IN", UTF-8, parsed); will try to load it.
2025-08-20 14:46:19 DEBUG cache - TemplateLoader.findTemplateSource("spark/partials/dashboard_en_IN.ftl"): Not found
2025-08-20 14:46:19 DEBUG cache - TemplateLoader.findTemplateSource("spark/partials/dashboard_en.ftl"): Not found
2025-08-20 14:46:19 DEBUG cache - TemplateLoader.findTemplateSource("spark/partials/dashboard.ftl"): Found
2025-08-20 14:46:19 DEBUG cache - Loading template for "spark/partials/dashboard.ftl"("en_IN", UTF-8, parsed) from "jar:file:/C:/Users/Ritesh%20Kumar%20Singh/.m2/repository/com/aventstack/extentreports/5.0.9/extentreports-5.0.9.jar!/com/aventstack/extentreports/templates/spark/partials/dashboard.ftl"
2025-08-20 14:46:19 DEBUG cache - Couldn't find template in cache for "spark/partials/scripts.ftl"("en_IN", UTF-8, parsed); will try to load it.
2025-08-20 14:46:19 DEBUG cache - TemplateLoader.findTemplateSource("spark/partials/scripts_en_IN.ftl"): Not found
2025-08-20 14:46:19 DEBUG cache - TemplateLoader.findTemplateSource("spark/partials/scripts_en.ftl"): Not found
2025-08-20 14:46:19 DEBUG cache - TemplateLoader.findTemplateSource("spark/partials/scripts.ftl"): Found
2025-08-20 14:46:19 DEBUG cache - Loading template for "spark/partials/scripts.ftl"("en_IN", UTF-8, parsed) from "jar:file:/C:/Users/Ritesh%20Kumar%20Singh/.m2/repository/com/aventstack/extentreports/5.0.9/extentreports-5.0.9.jar!/com/aventstack/extentreports/templates/spark/partials/scripts.ftl"
2025-08-20 14:46:19 DEBUG cache - Couldn't find template in cache for "commons/commons-inject-js.ftl"("en_IN", UTF-8, parsed); will try to load it.
2025-08-20 14:46:19 DEBUG cache - TemplateLoader.findTemplateSource("commons/commons-inject-js_en_IN.ftl"): Not found
2025-08-20 14:46:19 DEBUG cache - TemplateLoader.findTemplateSource("commons/commons-inject-js_en.ftl"): Not found
2025-08-20 14:46:19 DEBUG cache - TemplateLoader.findTemplateSource("commons/commons-inject-js.ftl"): Found
2025-08-20 14:46:19 DEBUG cache - Loading template for "commons/commons-inject-js.ftl"("en_IN", UTF-8, parsed) from "jar:file:/C:/Users/Ritesh%20Kumar%20Singh/.m2/repository/com/aventstack/extentreports/5.0.9/extentreports-5.0.9.jar!/com/aventstack/extentreports/templates/commons/commons-inject-js.ftl"
2025-08-20 14:57:38 INFO  BaseTest - Driver initialized
2025-08-20 14:58:19 INFO  BaseTest - Driver closed
2025-08-20 14:58:19 DEBUG cache - Couldn't find template in cache for "spark/spark.spa.ftl"("en_IN", UTF-8, parsed); will try to load it.
2025-08-20 14:58:19 DEBUG cache - TemplateLoader.findTemplateSource("spark/spark.spa_en_IN.ftl"): Not found
2025-08-20 14:58:19 DEBUG cache - TemplateLoader.findTemplateSource("spark/spark.spa_en.ftl"): Not found
2025-08-20 14:58:19 DEBUG cache - TemplateLoader.findTemplateSource("spark/spark.spa.ftl"): Found
2025-08-20 14:58:19 DEBUG cache - Loading template for "spark/spark.spa.ftl"("en_IN", UTF-8, parsed) from "jar:file:/C:/Users/Ritesh%20Kumar%20Singh/.m2/repository/com/aventstack/extentreports/5.0.9/extentreports-5.0.9.jar!/com/aventstack/extentreports/templates/spark/spark.spa.ftl"
2025-08-20 14:58:19 DEBUG cache - Couldn't find template in cache for "commons/commons-variables.ftl"("en_IN", UTF-8, parsed); will try to load it.
2025-08-20 14:58:19 DEBUG cache - TemplateLoader.findTemplateSource("commons/commons-variables_en_IN.ftl"): Not found
2025-08-20 14:58:19 DEBUG cache - TemplateLoader.findTemplateSource("commons/commons-variables_en.ftl"): Not found
2025-08-20 14:58:19 DEBUG cache - TemplateLoader.findTemplateSource("commons/commons-variables.ftl"): Found
2025-08-20 14:58:19 DEBUG cache - Loading template for "commons/commons-variables.ftl"("en_IN", UTF-8, parsed) from "jar:file:/C:/Users/Ritesh%20Kumar%20Singh/.m2/repository/com/aventstack/extentreports/5.0.9/extentreports-5.0.9.jar!/com/aventstack/extentreports/templates/commons/commons-variables.ftl"
2025-08-20 14:58:20 DEBUG cache - Couldn't find template in cache for "commons/commons-macros.ftl"("en_IN", UTF-8, parsed); will try to load it.
2025-08-20 14:58:20 DEBUG cache - TemplateLoader.findTemplateSource("commons/commons-macros_en_IN.ftl"): Not found
2025-08-20 14:58:20 DEBUG cache - TemplateLoader.findTemplateSource("commons/commons-macros_en.ftl"): Not found
2025-08-20 14:58:20 DEBUG cache - TemplateLoader.findTemplateSource("commons/commons-macros.ftl"): Found
2025-08-20 14:58:20 DEBUG cache - Loading template for "commons/commons-macros.ftl"("en_IN", UTF-8, parsed) from "jar:file:/C:/Users/Ritesh%20Kumar%20Singh/.m2/repository/com/aventstack/extentreports/5.0.9/extentreports-5.0.9.jar!/com/aventstack/extentreports/templates/commons/commons-macros.ftl"
2025-08-20 14:58:20 DEBUG cache - Couldn't find template in cache for "spark/macros/attributes.ftl"("en_IN", UTF-8, parsed); will try to load it.
2025-08-20 14:58:20 DEBUG cache - TemplateLoader.findTemplateSource("spark/macros/attributes_en_IN.ftl"): Not found
2025-08-20 14:58:20 DEBUG cache - TemplateLoader.findTemplateSource("spark/macros/attributes_en.ftl"): Not found
2025-08-20 14:58:20 DEBUG cache - TemplateLoader.findTemplateSource("spark/macros/attributes.ftl"): Found
2025-08-20 14:58:20 DEBUG cache - Loading template for "spark/macros/attributes.ftl"("en_IN", UTF-8, parsed) from "jar:file:/C:/Users/Ritesh%20Kumar%20Singh/.m2/repository/com/aventstack/extentreports/5.0.9/extentreports-5.0.9.jar!/com/aventstack/extentreports/templates/spark/macros/attributes.ftl"
2025-08-20 14:58:20 DEBUG cache - Couldn't find template in cache for "spark/macros/log.ftl"("en_IN", UTF-8, parsed); will try to load it.
2025-08-20 14:58:20 DEBUG cache - TemplateLoader.findTemplateSource("spark/macros/log_en_IN.ftl"): Not found
2025-08-20 14:58:20 DEBUG cache - TemplateLoader.findTemplateSource("spark/macros/log_en.ftl"): Not found
2025-08-20 14:58:20 DEBUG cache - TemplateLoader.findTemplateSource("spark/macros/log.ftl"): Found
2025-08-20 14:58:20 DEBUG cache - Loading template for "spark/macros/log.ftl"("en_IN", UTF-8, parsed) from "jar:file:/C:/Users/Ritesh%20Kumar%20Singh/.m2/repository/com/aventstack/extentreports/5.0.9/extentreports-5.0.9.jar!/com/aventstack/extentreports/templates/spark/macros/log.ftl"
2025-08-20 14:58:20 DEBUG cache - Couldn't find template in cache for "spark/macros/recurse_nodes.ftl"("en_IN", UTF-8, parsed); will try to load it.
2025-08-20 14:58:20 DEBUG cache - TemplateLoader.findTemplateSource("spark/macros/recurse_nodes_en_IN.ftl"): Not found
2025-08-20 14:58:20 DEBUG cache - TemplateLoader.findTemplateSource("spark/macros/recurse_nodes_en.ftl"): Not found
2025-08-20 14:58:20 DEBUG cache - TemplateLoader.findTemplateSource("spark/macros/recurse_nodes.ftl"): Found
2025-08-20 14:58:20 DEBUG cache - Loading template for "spark/macros/recurse_nodes.ftl"("en_IN", UTF-8, parsed) from "jar:file:/C:/Users/Ritesh%20Kumar%20Singh/.m2/repository/com/aventstack/extentreports/5.0.9/extentreports-5.0.9.jar!/com/aventstack/extentreports/templates/spark/macros/recurse_nodes.ftl"
2025-08-20 14:58:20 DEBUG cache - "spark/macros/log.ftl"("en_IN", UTF-8, parsed) cached copy not yet stale; using cached.
2025-08-20 14:58:20 DEBUG cache - Couldn't find template in cache for "spark/macros/attr-common.ftl"("en_IN", UTF-8, parsed); will try to load it.
2025-08-20 14:58:20 DEBUG cache - TemplateLoader.findTemplateSource("spark/macros/attr-common_en_IN.ftl"): Not found
2025-08-20 14:58:20 DEBUG cache - TemplateLoader.findTemplateSource("spark/macros/attr-common_en.ftl"): Not found
2025-08-20 14:58:20 DEBUG cache - TemplateLoader.findTemplateSource("spark/macros/attr-common.ftl"): Found
2025-08-20 14:58:20 DEBUG cache - Loading template for "spark/macros/attr-common.ftl"("en_IN", UTF-8, parsed) from "jar:file:/C:/Users/Ritesh%20Kumar%20Singh/.m2/repository/com/aventstack/extentreports/5.0.9/extentreports-5.0.9.jar!/com/aventstack/extentreports/templates/spark/macros/attr-common.ftl"
2025-08-20 14:58:20 DEBUG cache - Couldn't find template in cache for "spark/partials/head.ftl"("en_IN", UTF-8, parsed); will try to load it.
2025-08-20 14:58:20 DEBUG cache - TemplateLoader.findTemplateSource("spark/partials/head_en_IN.ftl"): Not found
2025-08-20 14:58:20 DEBUG cache - TemplateLoader.findTemplateSource("spark/partials/head_en.ftl"): Not found
2025-08-20 14:58:20 DEBUG cache - TemplateLoader.findTemplateSource("spark/partials/head.ftl"): Found
2025-08-20 14:58:20 DEBUG cache - Loading template for "spark/partials/head.ftl"("en_IN", UTF-8, parsed) from "jar:file:/C:/Users/Ritesh%20Kumar%20Singh/.m2/repository/com/aventstack/extentreports/5.0.9/extentreports-5.0.9.jar!/com/aventstack/extentreports/templates/spark/partials/head.ftl"
2025-08-20 14:58:20 DEBUG cache - Couldn't find template in cache for "commons/commons-inject-css.ftl"("en_IN", UTF-8, parsed); will try to load it.
2025-08-20 14:58:20 DEBUG cache - TemplateLoader.findTemplateSource("commons/commons-inject-css_en_IN.ftl"): Not found
2025-08-20 14:58:20 DEBUG cache - TemplateLoader.findTemplateSource("commons/commons-inject-css_en.ftl"): Not found
2025-08-20 14:58:20 DEBUG cache - TemplateLoader.findTemplateSource("commons/commons-inject-css.ftl"): Found
2025-08-20 14:58:20 DEBUG cache - Loading template for "commons/commons-inject-css.ftl"("en_IN", UTF-8, parsed) from "jar:file:/C:/Users/Ritesh%20Kumar%20Singh/.m2/repository/com/aventstack/extentreports/5.0.9/extentreports-5.0.9.jar!/com/aventstack/extentreports/templates/commons/commons-inject-css.ftl"
2025-08-20 14:58:20 DEBUG cache - Couldn't find template in cache for "spark/partials/navbar.ftl"("en_IN", UTF-8, parsed); will try to load it.
2025-08-20 14:58:20 DEBUG cache - TemplateLoader.findTemplateSource("spark/partials/navbar_en_IN.ftl"): Not found
2025-08-20 14:58:20 DEBUG cache - TemplateLoader.findTemplateSource("spark/partials/navbar_en.ftl"): Not found
2025-08-20 14:58:20 DEBUG cache - TemplateLoader.findTemplateSource("spark/partials/navbar.ftl"): Found
2025-08-20 14:58:20 DEBUG cache - Loading template for "spark/partials/navbar.ftl"("en_IN", UTF-8, parsed) from "jar:file:/C:/Users/Ritesh%20Kumar%20Singh/.m2/repository/com/aventstack/extentreports/5.0.9/extentreports-5.0.9.jar!/com/aventstack/extentreports/templates/spark/partials/navbar.ftl"
2025-08-20 14:58:20 DEBUG cache - Couldn't find template in cache for "spark/partials/sidenav.ftl"("en_IN", UTF-8, parsed); will try to load it.
2025-08-20 14:58:20 DEBUG cache - TemplateLoader.findTemplateSource("spark/partials/sidenav_en_IN.ftl"): Not found
2025-08-20 14:58:20 DEBUG cache - TemplateLoader.findTemplateSource("spark/partials/sidenav_en.ftl"): Not found
2025-08-20 14:58:20 DEBUG cache - TemplateLoader.findTemplateSource("spark/partials/sidenav.ftl"): Found
2025-08-20 14:58:20 DEBUG cache - Loading template for "spark/partials/sidenav.ftl"("en_IN", UTF-8, parsed) from "jar:file:/C:/Users/Ritesh%20Kumar%20Singh/.m2/repository/com/aventstack/extentreports/5.0.9/extentreports-5.0.9.jar!/com/aventstack/extentreports/templates/spark/partials/sidenav.ftl"
2025-08-20 14:58:20 DEBUG cache - Couldn't find template in cache for "spark/partials/test.ftl"("en_IN", UTF-8, parsed); will try to load it.
2025-08-20 14:58:20 DEBUG cache - TemplateLoader.findTemplateSource("spark/partials/test_en_IN.ftl"): Not found
2025-08-20 14:58:20 DEBUG cache - TemplateLoader.findTemplateSource("spark/partials/test_en.ftl"): Not found
2025-08-20 14:58:20 DEBUG cache - TemplateLoader.findTemplateSource("spark/partials/test.ftl"): Found
2025-08-20 14:58:20 DEBUG cache - Loading template for "spark/partials/test.ftl"("en_IN", UTF-8, parsed) from "jar:file:/C:/Users/Ritesh%20Kumar%20Singh/.m2/repository/com/aventstack/extentreports/5.0.9/extentreports-5.0.9.jar!/com/aventstack/extentreports/templates/spark/partials/test.ftl"
2025-08-20 14:58:20 DEBUG cache - Couldn't find template in cache for "spark/partials/standard-content.ftl"("en_IN", UTF-8, parsed); will try to load it.
2025-08-20 14:58:20 DEBUG cache - TemplateLoader.findTemplateSource("spark/partials/standard-content_en_IN.ftl"): Not found
2025-08-20 14:58:20 DEBUG cache - TemplateLoader.findTemplateSource("spark/partials/standard-content_en.ftl"): Not found
2025-08-20 14:58:20 DEBUG cache - TemplateLoader.findTemplateSource("spark/partials/standard-content.ftl"): Found
2025-08-20 14:58:20 DEBUG cache - Loading template for "spark/partials/standard-content.ftl"("en_IN", UTF-8, parsed) from "jar:file:/C:/Users/Ritesh%20Kumar%20Singh/.m2/repository/com/aventstack/extentreports/5.0.9/extentreports-5.0.9.jar!/com/aventstack/extentreports/templates/spark/partials/standard-content.ftl"
2025-08-20 14:58:20 DEBUG cache - "spark/partials/standard-content.ftl"("en_IN", UTF-8, parsed) cached copy not yet stale; using cached.
2025-08-20 14:58:20 DEBUG cache - "spark/partials/standard-content.ftl"("en_IN", UTF-8, parsed) cached copy not yet stale; using cached.
2025-08-20 14:58:20 DEBUG cache - Couldn't find template in cache for "spark/partials/exception.ftl"("en_IN", UTF-8, parsed); will try to load it.
2025-08-20 14:58:20 DEBUG cache - TemplateLoader.findTemplateSource("spark/partials/exception_en_IN.ftl"): Not found
2025-08-20 14:58:20 DEBUG cache - TemplateLoader.findTemplateSource("spark/partials/exception_en.ftl"): Not found
2025-08-20 14:58:20 DEBUG cache - TemplateLoader.findTemplateSource("spark/partials/exception.ftl"): Found
2025-08-20 14:58:20 DEBUG cache - Loading template for "spark/partials/exception.ftl"("en_IN", UTF-8, parsed) from "jar:file:/C:/Users/Ritesh%20Kumar%20Singh/.m2/repository/com/aventstack/extentreports/5.0.9/extentreports-5.0.9.jar!/com/aventstack/extentreports/templates/spark/partials/exception.ftl"
2025-08-20 14:58:20 DEBUG cache - Couldn't find template in cache for "spark/partials/category.ftl"("en_IN", UTF-8, parsed); will try to load it.
2025-08-20 14:58:20 DEBUG cache - TemplateLoader.findTemplateSource("spark/partials/category_en_IN.ftl"): Not found
2025-08-20 14:58:20 DEBUG cache - TemplateLoader.findTemplateSource("spark/partials/category_en.ftl"): Not found
2025-08-20 14:58:20 DEBUG cache - TemplateLoader.findTemplateSource("spark/partials/category.ftl"): Found
2025-08-20 14:58:20 DEBUG cache - Loading template for "spark/partials/category.ftl"("en_IN", UTF-8, parsed) from "jar:file:/C:/Users/Ritesh%20Kumar%20Singh/.m2/repository/com/aventstack/extentreports/5.0.9/extentreports-5.0.9.jar!/com/aventstack/extentreports/templates/spark/partials/category.ftl"
2025-08-20 14:58:20 DEBUG cache - Couldn't find template in cache for "spark/partials/device.ftl"("en_IN", UTF-8, parsed); will try to load it.
2025-08-20 14:58:20 DEBUG cache - TemplateLoader.findTemplateSource("spark/partials/device_en_IN.ftl"): Not found
2025-08-20 14:58:20 DEBUG cache - TemplateLoader.findTemplateSource("spark/partials/device_en.ftl"): Not found
2025-08-20 14:58:20 DEBUG cache - TemplateLoader.findTemplateSource("spark/partials/device.ftl"): Found
2025-08-20 14:58:20 DEBUG cache - Loading template for "spark/partials/device.ftl"("en_IN", UTF-8, parsed) from "jar:file:/C:/Users/Ritesh%20Kumar%20Singh/.m2/repository/com/aventstack/extentreports/5.0.9/extentreports-5.0.9.jar!/com/aventstack/extentreports/templates/spark/partials/device.ftl"
2025-08-20 14:58:20 DEBUG cache - Couldn't find template in cache for "spark/partials/author.ftl"("en_IN", UTF-8, parsed); will try to load it.
2025-08-20 14:58:20 DEBUG cache - TemplateLoader.findTemplateSource("spark/partials/author_en_IN.ftl"): Not found
2025-08-20 14:58:20 DEBUG cache - TemplateLoader.findTemplateSource("spark/partials/author_en.ftl"): Not found
2025-08-20 14:58:20 DEBUG cache - TemplateLoader.findTemplateSource("spark/partials/author.ftl"): Found
2025-08-20 14:58:20 DEBUG cache - Loading template for "spark/partials/author.ftl"("en_IN", UTF-8, parsed) from "jar:file:/C:/Users/Ritesh%20Kumar%20Singh/.m2/repository/com/aventstack/extentreports/5.0.9/extentreports-5.0.9.jar!/com/aventstack/extentreports/templates/spark/partials/author.ftl"
2025-08-20 14:58:20 DEBUG cache - Couldn't find template in cache for "spark/partials/log.ftl"("en_IN", UTF-8, parsed); will try to load it.
2025-08-20 14:58:20 DEBUG cache - TemplateLoader.findTemplateSource("spark/partials/log_en_IN.ftl"): Not found
2025-08-20 14:58:20 DEBUG cache - TemplateLoader.findTemplateSource("spark/partials/log_en.ftl"): Not found
2025-08-20 14:58:20 DEBUG cache - TemplateLoader.findTemplateSource("spark/partials/log.ftl"): Found
2025-08-20 14:58:20 DEBUG cache - Loading template for "spark/partials/log.ftl"("en_IN", UTF-8, parsed) from "jar:file:/C:/Users/Ritesh%20Kumar%20Singh/.m2/repository/com/aventstack/extentreports/5.0.9/extentreports-5.0.9.jar!/com/aventstack/extentreports/templates/spark/partials/log.ftl"
2025-08-20 14:58:20 DEBUG cache - Couldn't find template in cache for "spark/partials/dashboard.ftl"("en_IN", UTF-8, parsed); will try to load it.
2025-08-20 14:58:20 DEBUG cache - TemplateLoader.findTemplateSource("spark/partials/dashboard_en_IN.ftl"): Not found
2025-08-20 14:58:20 DEBUG cache - TemplateLoader.findTemplateSource("spark/partials/dashboard_en.ftl"): Not found
2025-08-20 14:58:20 DEBUG cache - TemplateLoader.findTemplateSource("spark/partials/dashboard.ftl"): Found
2025-08-20 14:58:20 DEBUG cache - Loading template for "spark/partials/dashboard.ftl"("en_IN", UTF-8, parsed) from "jar:file:/C:/Users/Ritesh%20Kumar%20Singh/.m2/repository/com/aventstack/extentreports/5.0.9/extentreports-5.0.9.jar!/com/aventstack/extentreports/templates/spark/partials/dashboard.ftl"
2025-08-20 14:58:20 DEBUG cache - Couldn't find template in cache for "spark/partials/scripts.ftl"("en_IN", UTF-8, parsed); will try to load it.
2025-08-20 14:58:20 DEBUG cache - TemplateLoader.findTemplateSource("spark/partials/scripts_en_IN.ftl"): Not found
2025-08-20 14:58:20 DEBUG cache - TemplateLoader.findTemplateSource("spark/partials/scripts_en.ftl"): Not found
2025-08-20 14:58:20 DEBUG cache - TemplateLoader.findTemplateSource("spark/partials/scripts.ftl"): Found
2025-08-20 14:58:20 DEBUG cache - Loading template for "spark/partials/scripts.ftl"("en_IN", UTF-8, parsed) from "jar:file:/C:/Users/Ritesh%20Kumar%20Singh/.m2/repository/com/aventstack/extentreports/5.0.9/extentreports-5.0.9.jar!/com/aventstack/extentreports/templates/spark/partials/scripts.ftl"
2025-08-20 14:58:20 DEBUG cache - Couldn't find template in cache for "commons/commons-inject-js.ftl"("en_IN", UTF-8, parsed); will try to load it.
2025-08-20 14:58:20 DEBUG cache - TemplateLoader.findTemplateSource("commons/commons-inject-js_en_IN.ftl"): Not found
2025-08-20 14:58:20 DEBUG cache - TemplateLoader.findTemplateSource("commons/commons-inject-js_en.ftl"): Not found
2025-08-20 14:58:20 DEBUG cache - TemplateLoader.findTemplateSource("commons/commons-inject-js.ftl"): Found
2025-08-20 14:58:20 DEBUG cache - Loading template for "commons/commons-inject-js.ftl"("en_IN", UTF-8, parsed) from "jar:file:/C:/Users/Ritesh%20Kumar%20Singh/.m2/repository/com/aventstack/extentreports/5.0.9/extentreports-5.0.9.jar!/com/aventstack/extentreports/templates/commons/commons-inject-js.ftl"
2025-08-20 14:59:05 INFO  BaseTest - Driver initialized
2025-08-20 14:59:29 INFO  BaseTest - Driver closed
2025-08-20 14:59:29 DEBUG cache - Couldn't find template in cache for "spark/spark.spa.ftl"("en_IN", UTF-8, parsed); will try to load it.
2025-08-20 14:59:29 DEBUG cache - TemplateLoader.findTemplateSource("spark/spark.spa_en_IN.ftl"): Not found
2025-08-20 14:59:29 DEBUG cache - TemplateLoader.findTemplateSource("spark/spark.spa_en.ftl"): Not found
2025-08-20 14:59:29 DEBUG cache - TemplateLoader.findTemplateSource("spark/spark.spa.ftl"): Found
2025-08-20 14:59:29 DEBUG cache - Loading template for "spark/spark.spa.ftl"("en_IN", UTF-8, parsed) from "jar:file:/C:/Users/Ritesh%20Kumar%20Singh/.m2/repository/com/aventstack/extentreports/5.0.9/extentreports-5.0.9.jar!/com/aventstack/extentreports/templates/spark/spark.spa.ftl"
2025-08-20 14:59:29 DEBUG cache - Couldn't find template in cache for "commons/commons-variables.ftl"("en_IN", UTF-8, parsed); will try to load it.
2025-08-20 14:59:29 DEBUG cache - TemplateLoader.findTemplateSource("commons/commons-variables_en_IN.ftl"): Not found
2025-08-20 14:59:29 DEBUG cache - TemplateLoader.findTemplateSource("commons/commons-variables_en.ftl"): Not found
2025-08-20 14:59:29 DEBUG cache - TemplateLoader.findTemplateSource("commons/commons-variables.ftl"): Found
2025-08-20 14:59:29 DEBUG cache - Loading template for "commons/commons-variables.ftl"("en_IN", UTF-8, parsed) from "jar:file:/C:/Users/Ritesh%20Kumar%20Singh/.m2/repository/com/aventstack/extentreports/5.0.9/extentreports-5.0.9.jar!/com/aventstack/extentreports/templates/commons/commons-variables.ftl"
2025-08-20 14:59:29 DEBUG cache - Couldn't find template in cache for "commons/commons-macros.ftl"("en_IN", UTF-8, parsed); will try to load it.
2025-08-20 14:59:29 DEBUG cache - TemplateLoader.findTemplateSource("commons/commons-macros_en_IN.ftl"): Not found
2025-08-20 14:59:29 DEBUG cache - TemplateLoader.findTemplateSource("commons/commons-macros_en.ftl"): Not found
2025-08-20 14:59:29 DEBUG cache - TemplateLoader.findTemplateSource("commons/commons-macros.ftl"): Found
2025-08-20 14:59:29 DEBUG cache - Loading template for "commons/commons-macros.ftl"("en_IN", UTF-8, parsed) from "jar:file:/C:/Users/Ritesh%20Kumar%20Singh/.m2/repository/com/aventstack/extentreports/5.0.9/extentreports-5.0.9.jar!/com/aventstack/extentreports/templates/commons/commons-macros.ftl"
2025-08-20 14:59:29 DEBUG cache - Couldn't find template in cache for "spark/macros/attributes.ftl"("en_IN", UTF-8, parsed); will try to load it.
2025-08-20 14:59:29 DEBUG cache - TemplateLoader.findTemplateSource("spark/macros/attributes_en_IN.ftl"): Not found
2025-08-20 14:59:29 DEBUG cache - TemplateLoader.findTemplateSource("spark/macros/attributes_en.ftl"): Not found
2025-08-20 14:59:29 DEBUG cache - TemplateLoader.findTemplateSource("spark/macros/attributes.ftl"): Found
2025-08-20 14:59:29 DEBUG cache - Loading template for "spark/macros/attributes.ftl"("en_IN", UTF-8, parsed) from "jar:file:/C:/Users/Ritesh%20Kumar%20Singh/.m2/repository/com/aventstack/extentreports/5.0.9/extentreports-5.0.9.jar!/com/aventstack/extentreports/templates/spark/macros/attributes.ftl"
2025-08-20 14:59:29 DEBUG cache - Couldn't find template in cache for "spark/macros/log.ftl"("en_IN", UTF-8, parsed); will try to load it.
2025-08-20 14:59:29 DEBUG cache - TemplateLoader.findTemplateSource("spark/macros/log_en_IN.ftl"): Not found
2025-08-20 14:59:29 DEBUG cache - TemplateLoader.findTemplateSource("spark/macros/log_en.ftl"): Not found
2025-08-20 14:59:29 DEBUG cache - TemplateLoader.findTemplateSource("spark/macros/log.ftl"): Found
2025-08-20 14:59:29 DEBUG cache - Loading template for "spark/macros/log.ftl"("en_IN", UTF-8, parsed) from "jar:file:/C:/Users/Ritesh%20Kumar%20Singh/.m2/repository/com/aventstack/extentreports/5.0.9/extentreports-5.0.9.jar!/com/aventstack/extentreports/templates/spark/macros/log.ftl"
2025-08-20 14:59:29 DEBUG cache - Couldn't find template in cache for "spark/macros/recurse_nodes.ftl"("en_IN", UTF-8, parsed); will try to load it.
2025-08-20 14:59:29 DEBUG cache - TemplateLoader.findTemplateSource("spark/macros/recurse_nodes_en_IN.ftl"): Not found
2025-08-20 14:59:29 DEBUG cache - TemplateLoader.findTemplateSource("spark/macros/recurse_nodes_en.ftl"): Not found
2025-08-20 14:59:29 DEBUG cache - TemplateLoader.findTemplateSource("spark/macros/recurse_nodes.ftl"): Found
2025-08-20 14:59:29 DEBUG cache - Loading template for "spark/macros/recurse_nodes.ftl"("en_IN", UTF-8, parsed) from "jar:file:/C:/Users/Ritesh%20Kumar%20Singh/.m2/repository/com/aventstack/extentreports/5.0.9/extentreports-5.0.9.jar!/com/aventstack/extentreports/templates/spark/macros/recurse_nodes.ftl"
2025-08-20 14:59:29 DEBUG cache - "spark/macros/log.ftl"("en_IN", UTF-8, parsed) cached copy not yet stale; using cached.
2025-08-20 14:59:29 DEBUG cache - Couldn't find template in cache for "spark/macros/attr-common.ftl"("en_IN", UTF-8, parsed); will try to load it.
2025-08-20 14:59:29 DEBUG cache - TemplateLoader.findTemplateSource("spark/macros/attr-common_en_IN.ftl"): Not found
2025-08-20 14:59:29 DEBUG cache - TemplateLoader.findTemplateSource("spark/macros/attr-common_en.ftl"): Not found
2025-08-20 14:59:29 DEBUG cache - TemplateLoader.findTemplateSource("spark/macros/attr-common.ftl"): Found
2025-08-20 14:59:29 DEBUG cache - Loading template for "spark/macros/attr-common.ftl"("en_IN", UTF-8, parsed) from "jar:file:/C:/Users/Ritesh%20Kumar%20Singh/.m2/repository/com/aventstack/extentreports/5.0.9/extentreports-5.0.9.jar!/com/aventstack/extentreports/templates/spark/macros/attr-common.ftl"
2025-08-20 14:59:29 DEBUG cache - Couldn't find template in cache for "spark/partials/head.ftl"("en_IN", UTF-8, parsed); will try to load it.
2025-08-20 14:59:29 DEBUG cache - TemplateLoader.findTemplateSource("spark/partials/head_en_IN.ftl"): Not found
2025-08-20 14:59:29 DEBUG cache - TemplateLoader.findTemplateSource("spark/partials/head_en.ftl"): Not found
2025-08-20 14:59:29 DEBUG cache - TemplateLoader.findTemplateSource("spark/partials/head.ftl"): Found
2025-08-20 14:59:29 DEBUG cache - Loading template for "spark/partials/head.ftl"("en_IN", UTF-8, parsed) from "jar:file:/C:/Users/Ritesh%20Kumar%20Singh/.m2/repository/com/aventstack/extentreports/5.0.9/extentreports-5.0.9.jar!/com/aventstack/extentreports/templates/spark/partials/head.ftl"
2025-08-20 14:59:29 DEBUG cache - Couldn't find template in cache for "commons/commons-inject-css.ftl"("en_IN", UTF-8, parsed); will try to load it.
2025-08-20 14:59:29 DEBUG cache - TemplateLoader.findTemplateSource("commons/commons-inject-css_en_IN.ftl"): Not found
2025-08-20 14:59:29 DEBUG cache - TemplateLoader.findTemplateSource("commons/commons-inject-css_en.ftl"): Not found
2025-08-20 14:59:29 DEBUG cache - TemplateLoader.findTemplateSource("commons/commons-inject-css.ftl"): Found
2025-08-20 14:59:29 DEBUG cache - Loading template for "commons/commons-inject-css.ftl"("en_IN", UTF-8, parsed) from "jar:file:/C:/Users/Ritesh%20Kumar%20Singh/.m2/repository/com/aventstack/extentreports/5.0.9/extentreports-5.0.9.jar!/com/aventstack/extentreports/templates/commons/commons-inject-css.ftl"
2025-08-20 14:59:29 DEBUG cache - Couldn't find template in cache for "spark/partials/navbar.ftl"("en_IN", UTF-8, parsed); will try to load it.
2025-08-20 14:59:29 DEBUG cache - TemplateLoader.findTemplateSource("spark/partials/navbar_en_IN.ftl"): Not found
2025-08-20 14:59:29 DEBUG cache - TemplateLoader.findTemplateSource("spark/partials/navbar_en.ftl"): Not found
2025-08-20 14:59:29 DEBUG cache - TemplateLoader.findTemplateSource("spark/partials/navbar.ftl"): Found
2025-08-20 14:59:29 DEBUG cache - Loading template for "spark/partials/navbar.ftl"("en_IN", UTF-8, parsed) from "jar:file:/C:/Users/Ritesh%20Kumar%20Singh/.m2/repository/com/aventstack/extentreports/5.0.9/extentreports-5.0.9.jar!/com/aventstack/extentreports/templates/spark/partials/navbar.ftl"
2025-08-20 14:59:29 DEBUG cache - Couldn't find template in cache for "spark/partials/sidenav.ftl"("en_IN", UTF-8, parsed); will try to load it.
2025-08-20 14:59:29 DEBUG cache - TemplateLoader.findTemplateSource("spark/partials/sidenav_en_IN.ftl"): Not found
2025-08-20 14:59:29 DEBUG cache - TemplateLoader.findTemplateSource("spark/partials/sidenav_en.ftl"): Not found
2025-08-20 14:59:29 DEBUG cache - TemplateLoader.findTemplateSource("spark/partials/sidenav.ftl"): Found
2025-08-20 14:59:29 DEBUG cache - Loading template for "spark/partials/sidenav.ftl"("en_IN", UTF-8, parsed) from "jar:file:/C:/Users/Ritesh%20Kumar%20Singh/.m2/repository/com/aventstack/extentreports/5.0.9/extentreports-5.0.9.jar!/com/aventstack/extentreports/templates/spark/partials/sidenav.ftl"
2025-08-20 14:59:29 DEBUG cache - Couldn't find template in cache for "spark/partials/test.ftl"("en_IN", UTF-8, parsed); will try to load it.
2025-08-20 14:59:29 DEBUG cache - TemplateLoader.findTemplateSource("spark/partials/test_en_IN.ftl"): Not found
2025-08-20 14:59:29 DEBUG cache - TemplateLoader.findTemplateSource("spark/partials/test_en.ftl"): Not found
2025-08-20 14:59:29 DEBUG cache - TemplateLoader.findTemplateSource("spark/partials/test.ftl"): Found
2025-08-20 14:59:29 DEBUG cache - Loading template for "spark/partials/test.ftl"("en_IN", UTF-8, parsed) from "jar:file:/C:/Users/Ritesh%20Kumar%20Singh/.m2/repository/com/aventstack/extentreports/5.0.9/extentreports-5.0.9.jar!/com/aventstack/extentreports/templates/spark/partials/test.ftl"
2025-08-20 14:59:29 DEBUG cache - Couldn't find template in cache for "spark/partials/standard-content.ftl"("en_IN", UTF-8, parsed); will try to load it.
2025-08-20 14:59:29 DEBUG cache - TemplateLoader.findTemplateSource("spark/partials/standard-content_en_IN.ftl"): Not found
2025-08-20 14:59:29 DEBUG cache - TemplateLoader.findTemplateSource("spark/partials/standard-content_en.ftl"): Not found
2025-08-20 14:59:29 DEBUG cache - TemplateLoader.findTemplateSource("spark/partials/standard-content.ftl"): Found
2025-08-20 14:59:29 DEBUG cache - Loading template for "spark/partials/standard-content.ftl"("en_IN", UTF-8, parsed) from "jar:file:/C:/Users/Ritesh%20Kumar%20Singh/.m2/repository/com/aventstack/extentreports/5.0.9/extentreports-5.0.9.jar!/com/aventstack/extentreports/templates/spark/partials/standard-content.ftl"
2025-08-20 14:59:29 DEBUG cache - "spark/partials/standard-content.ftl"("en_IN", UTF-8, parsed) cached copy not yet stale; using cached.
2025-08-20 14:59:29 DEBUG cache - "spark/partials/standard-content.ftl"("en_IN", UTF-8, parsed) cached copy not yet stale; using cached.
2025-08-20 14:59:29 DEBUG cache - Couldn't find template in cache for "spark/partials/exception.ftl"("en_IN", UTF-8, parsed); will try to load it.
2025-08-20 14:59:29 DEBUG cache - TemplateLoader.findTemplateSource("spark/partials/exception_en_IN.ftl"): Not found
2025-08-20 14:59:29 DEBUG cache - TemplateLoader.findTemplateSource("spark/partials/exception_en.ftl"): Not found
2025-08-20 14:59:29 DEBUG cache - TemplateLoader.findTemplateSource("spark/partials/exception.ftl"): Found
2025-08-20 14:59:29 DEBUG cache - Loading template for "spark/partials/exception.ftl"("en_IN", UTF-8, parsed) from "jar:file:/C:/Users/Ritesh%20Kumar%20Singh/.m2/repository/com/aventstack/extentreports/5.0.9/extentreports-5.0.9.jar!/com/aventstack/extentreports/templates/spark/partials/exception.ftl"
2025-08-20 14:59:29 DEBUG cache - Couldn't find template in cache for "spark/partials/category.ftl"("en_IN", UTF-8, parsed); will try to load it.
2025-08-20 14:59:29 DEBUG cache - TemplateLoader.findTemplateSource("spark/partials/category_en_IN.ftl"): Not found
2025-08-20 14:59:29 DEBUG cache - TemplateLoader.findTemplateSource("spark/partials/category_en.ftl"): Not found
2025-08-20 14:59:29 DEBUG cache - TemplateLoader.findTemplateSource("spark/partials/category.ftl"): Found
2025-08-20 14:59:29 DEBUG cache - Loading template for "spark/partials/category.ftl"("en_IN", UTF-8, parsed) from "jar:file:/C:/Users/Ritesh%20Kumar%20Singh/.m2/repository/com/aventstack/extentreports/5.0.9/extentreports-5.0.9.jar!/com/aventstack/extentreports/templates/spark/partials/category.ftl"
2025-08-20 14:59:29 DEBUG cache - Couldn't find template in cache for "spark/partials/device.ftl"("en_IN", UTF-8, parsed); will try to load it.
2025-08-20 14:59:29 DEBUG cache - TemplateLoader.findTemplateSource("spark/partials/device_en_IN.ftl"): Not found
2025-08-20 14:59:29 DEBUG cache - TemplateLoader.findTemplateSource("spark/partials/device_en.ftl"): Not found
2025-08-20 14:59:29 DEBUG cache - TemplateLoader.findTemplateSource("spark/partials/device.ftl"): Found
2025-08-20 14:59:29 DEBUG cache - Loading template for "spark/partials/device.ftl"("en_IN", UTF-8, parsed) from "jar:file:/C:/Users/Ritesh%20Kumar%20Singh/.m2/repository/com/aventstack/extentreports/5.0.9/extentreports-5.0.9.jar!/com/aventstack/extentreports/templates/spark/partials/device.ftl"
2025-08-20 14:59:29 DEBUG cache - Couldn't find template in cache for "spark/partials/author.ftl"("en_IN", UTF-8, parsed); will try to load it.
2025-08-20 14:59:29 DEBUG cache - TemplateLoader.findTemplateSource("spark/partials/author_en_IN.ftl"): Not found
2025-08-20 14:59:29 DEBUG cache - TemplateLoader.findTemplateSource("spark/partials/author_en.ftl"): Not found
2025-08-20 14:59:29 DEBUG cache - TemplateLoader.findTemplateSource("spark/partials/author.ftl"): Found
2025-08-20 14:59:29 DEBUG cache - Loading template for "spark/partials/author.ftl"("en_IN", UTF-8, parsed) from "jar:file:/C:/Users/Ritesh%20Kumar%20Singh/.m2/repository/com/aventstack/extentreports/5.0.9/extentreports-5.0.9.jar!/com/aventstack/extentreports/templates/spark/partials/author.ftl"
2025-08-20 14:59:29 DEBUG cache - Couldn't find template in cache for "spark/partials/log.ftl"("en_IN", UTF-8, parsed); will try to load it.
2025-08-20 14:59:29 DEBUG cache - TemplateLoader.findTemplateSource("spark/partials/log_en_IN.ftl"): Not found
2025-08-20 14:59:29 DEBUG cache - TemplateLoader.findTemplateSource("spark/partials/log_en.ftl"): Not found
2025-08-20 14:59:29 DEBUG cache - TemplateLoader.findTemplateSource("spark/partials/log.ftl"): Found
2025-08-20 14:59:29 DEBUG cache - Loading template for "spark/partials/log.ftl"("en_IN", UTF-8, parsed) from "jar:file:/C:/Users/Ritesh%20Kumar%20Singh/.m2/repository/com/aventstack/extentreports/5.0.9/extentreports-5.0.9.jar!/com/aventstack/extentreports/templates/spark/partials/log.ftl"
2025-08-20 14:59:29 DEBUG cache - Couldn't find template in cache for "spark/partials/dashboard.ftl"("en_IN", UTF-8, parsed); will try to load it.
2025-08-20 14:59:29 DEBUG cache - TemplateLoader.findTemplateSource("spark/partials/dashboard_en_IN.ftl"): Not found
2025-08-20 14:59:29 DEBUG cache - TemplateLoader.findTemplateSource("spark/partials/dashboard_en.ftl"): Not found
2025-08-20 14:59:29 DEBUG cache - TemplateLoader.findTemplateSource("spark/partials/dashboard.ftl"): Found
2025-08-20 14:59:29 DEBUG cache - Loading template for "spark/partials/dashboard.ftl"("en_IN", UTF-8, parsed) from "jar:file:/C:/Users/Ritesh%20Kumar%20Singh/.m2/repository/com/aventstack/extentreports/5.0.9/extentreports-5.0.9.jar!/com/aventstack/extentreports/templates/spark/partials/dashboard.ftl"
2025-08-20 14:59:29 DEBUG cache - Couldn't find template in cache for "spark/partials/scripts.ftl"("en_IN", UTF-8, parsed); will try to load it.
2025-08-20 14:59:29 DEBUG cache - TemplateLoader.findTemplateSource("spark/partials/scripts_en_IN.ftl"): Not found
2025-08-20 14:59:29 DEBUG cache - TemplateLoader.findTemplateSource("spark/partials/scripts_en.ftl"): Not found
2025-08-20 14:59:29 DEBUG cache - TemplateLoader.findTemplateSource("spark/partials/scripts.ftl"): Found
2025-08-20 14:59:29 DEBUG cache - Loading template for "spark/partials/scripts.ftl"("en_IN", UTF-8, parsed) from "jar:file:/C:/Users/Ritesh%20Kumar%20Singh/.m2/repository/com/aventstack/extentreports/5.0.9/extentreports-5.0.9.jar!/com/aventstack/extentreports/templates/spark/partials/scripts.ftl"
2025-08-20 14:59:29 DEBUG cache - Couldn't find template in cache for "commons/commons-inject-js.ftl"("en_IN", UTF-8, parsed); will try to load it.
2025-08-20 14:59:29 DEBUG cache - TemplateLoader.findTemplateSource("commons/commons-inject-js_en_IN.ftl"): Not found
2025-08-20 14:59:29 DEBUG cache - TemplateLoader.findTemplateSource("commons/commons-inject-js_en.ftl"): Not found
2025-08-20 14:59:29 DEBUG cache - TemplateLoader.findTemplateSource("commons/commons-inject-js.ftl"): Found
2025-08-20 14:59:29 DEBUG cache - Loading template for "commons/commons-inject-js.ftl"("en_IN", UTF-8, parsed) from "jar:file:/C:/Users/Ritesh%20Kumar%20Singh/.m2/repository/com/aventstack/extentreports/5.0.9/extentreports-5.0.9.jar!/com/aventstack/extentreports/templates/commons/commons-inject-js.ftl"
2025-08-20 15:00:19 INFO  BaseTest - Driver initialized
2025-08-20 15:01:28 INFO  BaseTest - Driver closed
2025-08-20 15:01:28 DEBUG cache - Couldn't find template in cache for "spark/spark.spa.ftl"("en_IN", UTF-8, parsed); will try to load it.
2025-08-20 15:01:28 DEBUG cache - TemplateLoader.findTemplateSource("spark/spark.spa_en_IN.ftl"): Not found
2025-08-20 15:01:28 DEBUG cache - TemplateLoader.findTemplateSource("spark/spark.spa_en.ftl"): Not found
2025-08-20 15:01:28 DEBUG cache - TemplateLoader.findTemplateSource("spark/spark.spa.ftl"): Found
2025-08-20 15:01:28 DEBUG cache - Loading template for "spark/spark.spa.ftl"("en_IN", UTF-8, parsed) from "jar:file:/C:/Users/Ritesh%20Kumar%20Singh/.m2/repository/com/aventstack/extentreports/5.0.9/extentreports-5.0.9.jar!/com/aventstack/extentreports/templates/spark/spark.spa.ftl"
2025-08-20 15:01:29 DEBUG cache - Couldn't find template in cache for "commons/commons-variables.ftl"("en_IN", UTF-8, parsed); will try to load it.
2025-08-20 15:01:29 DEBUG cache - TemplateLoader.findTemplateSource("commons/commons-variables_en_IN.ftl"): Not found
2025-08-20 15:01:29 DEBUG cache - TemplateLoader.findTemplateSource("commons/commons-variables_en.ftl"): Not found
2025-08-20 15:01:29 DEBUG cache - TemplateLoader.findTemplateSource("commons/commons-variables.ftl"): Found
2025-08-20 15:01:29 DEBUG cache - Loading template for "commons/commons-variables.ftl"("en_IN", UTF-8, parsed) from "jar:file:/C:/Users/Ritesh%20Kumar%20Singh/.m2/repository/com/aventstack/extentreports/5.0.9/extentreports-5.0.9.jar!/com/aventstack/extentreports/templates/commons/commons-variables.ftl"
2025-08-20 15:01:29 DEBUG cache - Couldn't find template in cache for "commons/commons-macros.ftl"("en_IN", UTF-8, parsed); will try to load it.
2025-08-20 15:01:29 DEBUG cache - TemplateLoader.findTemplateSource("commons/commons-macros_en_IN.ftl"): Not found
2025-08-20 15:01:29 DEBUG cache - TemplateLoader.findTemplateSource("commons/commons-macros_en.ftl"): Not found
2025-08-20 15:01:29 DEBUG cache - TemplateLoader.findTemplateSource("commons/commons-macros.ftl"): Found
2025-08-20 15:01:29 DEBUG cache - Loading template for "commons/commons-macros.ftl"("en_IN", UTF-8, parsed) from "jar:file:/C:/Users/Ritesh%20Kumar%20Singh/.m2/repository/com/aventstack/extentreports/5.0.9/extentreports-5.0.9.jar!/com/aventstack/extentreports/templates/commons/commons-macros.ftl"
2025-08-20 15:01:29 DEBUG cache - Couldn't find template in cache for "spark/macros/attributes.ftl"("en_IN", UTF-8, parsed); will try to load it.
2025-08-20 15:01:29 DEBUG cache - TemplateLoader.findTemplateSource("spark/macros/attributes_en_IN.ftl"): Not found
2025-08-20 15:01:29 DEBUG cache - TemplateLoader.findTemplateSource("spark/macros/attributes_en.ftl"): Not found
2025-08-20 15:01:29 DEBUG cache - TemplateLoader.findTemplateSource("spark/macros/attributes.ftl"): Found
2025-08-20 15:01:29 DEBUG cache - Loading template for "spark/macros/attributes.ftl"("en_IN", UTF-8, parsed) from "jar:file:/C:/Users/Ritesh%20Kumar%20Singh/.m2/repository/com/aventstack/extentreports/5.0.9/extentreports-5.0.9.jar!/com/aventstack/extentreports/templates/spark/macros/attributes.ftl"
2025-08-20 15:01:29 DEBUG cache - Couldn't find template in cache for "spark/macros/log.ftl"("en_IN", UTF-8, parsed); will try to load it.
2025-08-20 15:01:29 DEBUG cache - TemplateLoader.findTemplateSource("spark/macros/log_en_IN.ftl"): Not found
2025-08-20 15:01:29 DEBUG cache - TemplateLoader.findTemplateSource("spark/macros/log_en.ftl"): Not found
2025-08-20 15:01:29 DEBUG cache - TemplateLoader.findTemplateSource("spark/macros/log.ftl"): Found
2025-08-20 15:01:29 DEBUG cache - Loading template for "spark/macros/log.ftl"("en_IN", UTF-8, parsed) from "jar:file:/C:/Users/Ritesh%20Kumar%20Singh/.m2/repository/com/aventstack/extentreports/5.0.9/extentreports-5.0.9.jar!/com/aventstack/extentreports/templates/spark/macros/log.ftl"
2025-08-20 15:01:29 DEBUG cache - Couldn't find template in cache for "spark/macros/recurse_nodes.ftl"("en_IN", UTF-8, parsed); will try to load it.
2025-08-20 15:01:29 DEBUG cache - TemplateLoader.findTemplateSource("spark/macros/recurse_nodes_en_IN.ftl"): Not found
2025-08-20 15:01:29 DEBUG cache - TemplateLoader.findTemplateSource("spark/macros/recurse_nodes_en.ftl"): Not found
2025-08-20 15:01:29 DEBUG cache - TemplateLoader.findTemplateSource("spark/macros/recurse_nodes.ftl"): Found
2025-08-20 15:01:29 DEBUG cache - Loading template for "spark/macros/recurse_nodes.ftl"("en_IN", UTF-8, parsed) from "jar:file:/C:/Users/Ritesh%20Kumar%20Singh/.m2/repository/com/aventstack/extentreports/5.0.9/extentreports-5.0.9.jar!/com/aventstack/extentreports/templates/spark/macros/recurse_nodes.ftl"
2025-08-20 15:01:29 DEBUG cache - "spark/macros/log.ftl"("en_IN", UTF-8, parsed) cached copy not yet stale; using cached.
2025-08-20 15:01:29 DEBUG cache - Couldn't find template in cache for "spark/macros/attr-common.ftl"("en_IN", UTF-8, parsed); will try to load it.
2025-08-20 15:01:29 DEBUG cache - TemplateLoader.findTemplateSource("spark/macros/attr-common_en_IN.ftl"): Not found
2025-08-20 15:01:29 DEBUG cache - TemplateLoader.findTemplateSource("spark/macros/attr-common_en.ftl"): Not found
2025-08-20 15:01:29 DEBUG cache - TemplateLoader.findTemplateSource("spark/macros/attr-common.ftl"): Found
2025-08-20 15:01:29 DEBUG cache - Loading template for "spark/macros/attr-common.ftl"("en_IN", UTF-8, parsed) from "jar:file:/C:/Users/Ritesh%20Kumar%20Singh/.m2/repository/com/aventstack/extentreports/5.0.9/extentreports-5.0.9.jar!/com/aventstack/extentreports/templates/spark/macros/attr-common.ftl"
2025-08-20 15:01:29 DEBUG cache - Couldn't find template in cache for "spark/partials/head.ftl"("en_IN", UTF-8, parsed); will try to load it.
2025-08-20 15:01:29 DEBUG cache - TemplateLoader.findTemplateSource("spark/partials/head_en_IN.ftl"): Not found
2025-08-20 15:01:29 DEBUG cache - TemplateLoader.findTemplateSource("spark/partials/head_en.ftl"): Not found
2025-08-20 15:01:29 DEBUG cache - TemplateLoader.findTemplateSource("spark/partials/head.ftl"): Found
2025-08-20 15:01:29 DEBUG cache - Loading template for "spark/partials/head.ftl"("en_IN", UTF-8, parsed) from "jar:file:/C:/Users/Ritesh%20Kumar%20Singh/.m2/repository/com/aventstack/extentreports/5.0.9/extentreports-5.0.9.jar!/com/aventstack/extentreports/templates/spark/partials/head.ftl"
2025-08-20 15:01:29 DEBUG cache - Couldn't find template in cache for "commons/commons-inject-css.ftl"("en_IN", UTF-8, parsed); will try to load it.
2025-08-20 15:01:29 DEBUG cache - TemplateLoader.findTemplateSource("commons/commons-inject-css_en_IN.ftl"): Not found
2025-08-20 15:01:29 DEBUG cache - TemplateLoader.findTemplateSource("commons/commons-inject-css_en.ftl"): Not found
2025-08-20 15:01:29 DEBUG cache - TemplateLoader.findTemplateSource("commons/commons-inject-css.ftl"): Found
2025-08-20 15:01:29 DEBUG cache - Loading template for "commons/commons-inject-css.ftl"("en_IN", UTF-8, parsed) from "jar:file:/C:/Users/Ritesh%20Kumar%20Singh/.m2/repository/com/aventstack/extentreports/5.0.9/extentreports-5.0.9.jar!/com/aventstack/extentreports/templates/commons/commons-inject-css.ftl"
2025-08-20 15:01:29 DEBUG cache - Couldn't find template in cache for "spark/partials/navbar.ftl"("en_IN", UTF-8, parsed); will try to load it.
2025-08-20 15:01:29 DEBUG cache - TemplateLoader.findTemplateSource("spark/partials/navbar_en_IN.ftl"): Not found
2025-08-20 15:01:29 DEBUG cache - TemplateLoader.findTemplateSource("spark/partials/navbar_en.ftl"): Not found
2025-08-20 15:01:29 DEBUG cache - TemplateLoader.findTemplateSource("spark/partials/navbar.ftl"): Found
2025-08-20 15:01:29 DEBUG cache - Loading template for "spark/partials/navbar.ftl"("en_IN", UTF-8, parsed) from "jar:file:/C:/Users/Ritesh%20Kumar%20Singh/.m2/repository/com/aventstack/extentreports/5.0.9/extentreports-5.0.9.jar!/com/aventstack/extentreports/templates/spark/partials/navbar.ftl"
2025-08-20 15:01:29 DEBUG cache - Couldn't find template in cache for "spark/partials/sidenav.ftl"("en_IN", UTF-8, parsed); will try to load it.
2025-08-20 15:01:29 DEBUG cache - TemplateLoader.findTemplateSource("spark/partials/sidenav_en_IN.ftl"): Not found
2025-08-20 15:01:29 DEBUG cache - TemplateLoader.findTemplateSource("spark/partials/sidenav_en.ftl"): Not found
2025-08-20 15:01:29 DEBUG cache - TemplateLoader.findTemplateSource("spark/partials/sidenav.ftl"): Found
2025-08-20 15:01:29 DEBUG cache - Loading template for "spark/partials/sidenav.ftl"("en_IN", UTF-8, parsed) from "jar:file:/C:/Users/Ritesh%20Kumar%20Singh/.m2/repository/com/aventstack/extentreports/5.0.9/extentreports-5.0.9.jar!/com/aventstack/extentreports/templates/spark/partials/sidenav.ftl"
2025-08-20 15:01:29 DEBUG cache - Couldn't find template in cache for "spark/partials/test.ftl"("en_IN", UTF-8, parsed); will try to load it.
2025-08-20 15:01:29 DEBUG cache - TemplateLoader.findTemplateSource("spark/partials/test_en_IN.ftl"): Not found
2025-08-20 15:01:29 DEBUG cache - TemplateLoader.findTemplateSource("spark/partials/test_en.ftl"): Not found
2025-08-20 15:01:29 DEBUG cache - TemplateLoader.findTemplateSource("spark/partials/test.ftl"): Found
2025-08-20 15:01:29 DEBUG cache - Loading template for "spark/partials/test.ftl"("en_IN", UTF-8, parsed) from "jar:file:/C:/Users/Ritesh%20Kumar%20Singh/.m2/repository/com/aventstack/extentreports/5.0.9/extentreports-5.0.9.jar!/com/aventstack/extentreports/templates/spark/partials/test.ftl"
2025-08-20 15:01:29 DEBUG cache - Couldn't find template in cache for "spark/partials/standard-content.ftl"("en_IN", UTF-8, parsed); will try to load it.
2025-08-20 15:01:29 DEBUG cache - TemplateLoader.findTemplateSource("spark/partials/standard-content_en_IN.ftl"): Not found
2025-08-20 15:01:29 DEBUG cache - TemplateLoader.findTemplateSource("spark/partials/standard-content_en.ftl"): Not found
2025-08-20 15:01:29 DEBUG cache - TemplateLoader.findTemplateSource("spark/partials/standard-content.ftl"): Found
2025-08-20 15:01:29 DEBUG cache - Loading template for "spark/partials/standard-content.ftl"("en_IN", UTF-8, parsed) from "jar:file:/C:/Users/Ritesh%20Kumar%20Singh/.m2/repository/com/aventstack/extentreports/5.0.9/extentreports-5.0.9.jar!/com/aventstack/extentreports/templates/spark/partials/standard-content.ftl"
2025-08-20 15:01:29 DEBUG cache - Couldn't find template in cache for "spark/partials/exception.ftl"("en_IN", UTF-8, parsed); will try to load it.
2025-08-20 15:01:29 DEBUG cache - TemplateLoader.findTemplateSource("spark/partials/exception_en_IN.ftl"): Not found
2025-08-20 15:01:29 DEBUG cache - TemplateLoader.findTemplateSource("spark/partials/exception_en.ftl"): Not found
2025-08-20 15:01:29 DEBUG cache - TemplateLoader.findTemplateSource("spark/partials/exception.ftl"): Found
2025-08-20 15:01:29 DEBUG cache - Loading template for "spark/partials/exception.ftl"("en_IN", UTF-8, parsed) from "jar:file:/C:/Users/Ritesh%20Kumar%20Singh/.m2/repository/com/aventstack/extentreports/5.0.9/extentreports-5.0.9.jar!/com/aventstack/extentreports/templates/spark/partials/exception.ftl"
2025-08-20 15:01:29 DEBUG cache - Couldn't find template in cache for "spark/partials/category.ftl"("en_IN", UTF-8, parsed); will try to load it.
2025-08-20 15:01:29 DEBUG cache - TemplateLoader.findTemplateSource("spark/partials/category_en_IN.ftl"): Not found
2025-08-20 15:01:29 DEBUG cache - TemplateLoader.findTemplateSource("spark/partials/category_en.ftl"): Not found
2025-08-20 15:01:29 DEBUG cache - TemplateLoader.findTemplateSource("spark/partials/category.ftl"): Found
2025-08-20 15:01:29 DEBUG cache - Loading template for "spark/partials/category.ftl"("en_IN", UTF-8, parsed) from "jar:file:/C:/Users/Ritesh%20Kumar%20Singh/.m2/repository/com/aventstack/extentreports/5.0.9/extentreports-5.0.9.jar!/com/aventstack/extentreports/templates/spark/partials/category.ftl"
2025-08-20 15:01:29 DEBUG cache - Couldn't find template in cache for "spark/partials/device.ftl"("en_IN", UTF-8, parsed); will try to load it.
2025-08-20 15:01:29 DEBUG cache - TemplateLoader.findTemplateSource("spark/partials/device_en_IN.ftl"): Not found
2025-08-20 15:01:29 DEBUG cache - TemplateLoader.findTemplateSource("spark/partials/device_en.ftl"): Not found
2025-08-20 15:01:29 DEBUG cache - TemplateLoader.findTemplateSource("spark/partials/device.ftl"): Found
2025-08-20 15:01:29 DEBUG cache - Loading template for "spark/partials/device.ftl"("en_IN", UTF-8, parsed) from "jar:file:/C:/Users/Ritesh%20Kumar%20Singh/.m2/repository/com/aventstack/extentreports/5.0.9/extentreports-5.0.9.jar!/com/aventstack/extentreports/templates/spark/partials/device.ftl"
2025-08-20 15:01:29 DEBUG cache - Couldn't find template in cache for "spark/partials/author.ftl"("en_IN", UTF-8, parsed); will try to load it.
2025-08-20 15:01:29 DEBUG cache - TemplateLoader.findTemplateSource("spark/partials/author_en_IN.ftl"): Not found
2025-08-20 15:01:29 DEBUG cache - TemplateLoader.findTemplateSource("spark/partials/author_en.ftl"): Not found
2025-08-20 15:01:29 DEBUG cache - TemplateLoader.findTemplateSource("spark/partials/author.ftl"): Found
2025-08-20 15:01:29 DEBUG cache - Loading template for "spark/partials/author.ftl"("en_IN", UTF-8, parsed) from "jar:file:/C:/Users/Ritesh%20Kumar%20Singh/.m2/repository/com/aventstack/extentreports/5.0.9/extentreports-5.0.9.jar!/com/aventstack/extentreports/templates/spark/partials/author.ftl"
2025-08-20 15:01:29 DEBUG cache - Couldn't find template in cache for "spark/partials/log.ftl"("en_IN", UTF-8, parsed); will try to load it.
2025-08-20 15:01:29 DEBUG cache - TemplateLoader.findTemplateSource("spark/partials/log_en_IN.ftl"): Not found
2025-08-20 15:01:29 DEBUG cache - TemplateLoader.findTemplateSource("spark/partials/log_en.ftl"): Not found
2025-08-20 15:01:29 DEBUG cache - TemplateLoader.findTemplateSource("spark/partials/log.ftl"): Found
2025-08-20 15:01:29 DEBUG cache - Loading template for "spark/partials/log.ftl"("en_IN", UTF-8, parsed) from "jar:file:/C:/Users/Ritesh%20Kumar%20Singh/.m2/repository/com/aventstack/extentreports/5.0.9/extentreports-5.0.9.jar!/com/aventstack/extentreports/templates/spark/partials/log.ftl"
2025-08-20 15:01:29 DEBUG cache - Couldn't find template in cache for "spark/partials/dashboard.ftl"("en_IN", UTF-8, parsed); will try to load it.
2025-08-20 15:01:29 DEBUG cache - TemplateLoader.findTemplateSource("spark/partials/dashboard_en_IN.ftl"): Not found
2025-08-20 15:01:29 DEBUG cache - TemplateLoader.findTemplateSource("spark/partials/dashboard_en.ftl"): Not found
2025-08-20 15:01:29 DEBUG cache - TemplateLoader.findTemplateSource("spark/partials/dashboard.ftl"): Found
2025-08-20 15:01:29 DEBUG cache - Loading template for "spark/partials/dashboard.ftl"("en_IN", UTF-8, parsed) from "jar:file:/C:/Users/Ritesh%20Kumar%20Singh/.m2/repository/com/aventstack/extentreports/5.0.9/extentreports-5.0.9.jar!/com/aventstack/extentreports/templates/spark/partials/dashboard.ftl"
2025-08-20 15:01:29 DEBUG cache - Couldn't find template in cache for "spark/partials/scripts.ftl"("en_IN", UTF-8, parsed); will try to load it.
2025-08-20 15:01:29 DEBUG cache - TemplateLoader.findTemplateSource("spark/partials/scripts_en_IN.ftl"): Not found
2025-08-20 15:01:29 DEBUG cache - TemplateLoader.findTemplateSource("spark/partials/scripts_en.ftl"): Not found
2025-08-20 15:01:29 DEBUG cache - TemplateLoader.findTemplateSource("spark/partials/scripts.ftl"): Found
2025-08-20 15:01:29 DEBUG cache - Loading template for "spark/partials/scripts.ftl"("en_IN", UTF-8, parsed) from "jar:file:/C:/Users/Ritesh%20Kumar%20Singh/.m2/repository/com/aventstack/extentreports/5.0.9/extentreports-5.0.9.jar!/com/aventstack/extentreports/templates/spark/partials/scripts.ftl"
2025-08-20 15:01:29 DEBUG cache - Couldn't find template in cache for "commons/commons-inject-js.ftl"("en_IN", UTF-8, parsed); will try to load it.
2025-08-20 15:01:29 DEBUG cache - TemplateLoader.findTemplateSource("commons/commons-inject-js_en_IN.ftl"): Not found
2025-08-20 15:01:29 DEBUG cache - TemplateLoader.findTemplateSource("commons/commons-inject-js_en.ftl"): Not found
2025-08-20 15:01:29 DEBUG cache - TemplateLoader.findTemplateSource("commons/commons-inject-js.ftl"): Found
2025-08-20 15:01:29 DEBUG cache - Loading template for "commons/commons-inject-js.ftl"("en_IN", UTF-8, parsed) from "jar:file:/C:/Users/Ritesh%20Kumar%20Singh/.m2/repository/com/aventstack/extentreports/5.0.9/extentreports-5.0.9.jar!/com/aventstack/extentreports/templates/commons/commons-inject-js.ftl"
2025-08-20 15:02:34 INFO  BaseTest - Driver initialized
2025-08-20 15:03:24 INFO  BaseTest - Driver closed
2025-08-20 15:03:25 DEBUG cache - Couldn't find template in cache for "spark/spark.spa.ftl"("en_IN", UTF-8, parsed); will try to load it.
2025-08-20 15:03:25 DEBUG cache - TemplateLoader.findTemplateSource("spark/spark.spa_en_IN.ftl"): Not found
2025-08-20 15:03:25 DEBUG cache - TemplateLoader.findTemplateSource("spark/spark.spa_en.ftl"): Not found
2025-08-20 15:03:25 DEBUG cache - TemplateLoader.findTemplateSource("spark/spark.spa.ftl"): Found
2025-08-20 15:03:25 DEBUG cache - Loading template for "spark/spark.spa.ftl"("en_IN", UTF-8, parsed) from "jar:file:/C:/Users/Ritesh%20Kumar%20Singh/.m2/repository/com/aventstack/extentreports/5.0.9/extentreports-5.0.9.jar!/com/aventstack/extentreports/templates/spark/spark.spa.ftl"
2025-08-20 15:03:25 DEBUG cache - Couldn't find template in cache for "commons/commons-variables.ftl"("en_IN", UTF-8, parsed); will try to load it.
2025-08-20 15:03:25 DEBUG cache - TemplateLoader.findTemplateSource("commons/commons-variables_en_IN.ftl"): Not found
2025-08-20 15:03:25 DEBUG cache - TemplateLoader.findTemplateSource("commons/commons-variables_en.ftl"): Not found
2025-08-20 15:03:25 DEBUG cache - TemplateLoader.findTemplateSource("commons/commons-variables.ftl"): Found
2025-08-20 15:03:25 DEBUG cache - Loading template for "commons/commons-variables.ftl"("en_IN", UTF-8, parsed) from "jar:file:/C:/Users/Ritesh%20Kumar%20Singh/.m2/repository/com/aventstack/extentreports/5.0.9/extentreports-5.0.9.jar!/com/aventstack/extentreports/templates/commons/commons-variables.ftl"
2025-08-20 15:03:25 DEBUG cache - Couldn't find template in cache for "commons/commons-macros.ftl"("en_IN", UTF-8, parsed); will try to load it.
2025-08-20 15:03:25 DEBUG cache - TemplateLoader.findTemplateSource("commons/commons-macros_en_IN.ftl"): Not found
2025-08-20 15:03:25 DEBUG cache - TemplateLoader.findTemplateSource("commons/commons-macros_en.ftl"): Not found
2025-08-20 15:03:25 DEBUG cache - TemplateLoader.findTemplateSource("commons/commons-macros.ftl"): Found
2025-08-20 15:03:25 DEBUG cache - Loading template for "commons/commons-macros.ftl"("en_IN", UTF-8, parsed) from "jar:file:/C:/Users/Ritesh%20Kumar%20Singh/.m2/repository/com/aventstack/extentreports/5.0.9/extentreports-5.0.9.jar!/com/aventstack/extentreports/templates/commons/commons-macros.ftl"
2025-08-20 15:03:25 DEBUG cache - Couldn't find template in cache for "spark/macros/attributes.ftl"("en_IN", UTF-8, parsed); will try to load it.
2025-08-20 15:03:25 DEBUG cache - TemplateLoader.findTemplateSource("spark/macros/attributes_en_IN.ftl"): Not found
2025-08-20 15:03:25 DEBUG cache - TemplateLoader.findTemplateSource("spark/macros/attributes_en.ftl"): Not found
2025-08-20 15:03:25 DEBUG cache - TemplateLoader.findTemplateSource("spark/macros/attributes.ftl"): Found
2025-08-20 15:03:25 DEBUG cache - Loading template for "spark/macros/attributes.ftl"("en_IN", UTF-8, parsed) from "jar:file:/C:/Users/Ritesh%20Kumar%20Singh/.m2/repository/com/aventstack/extentreports/5.0.9/extentreports-5.0.9.jar!/com/aventstack/extentreports/templates/spark/macros/attributes.ftl"
2025-08-20 15:03:25 DEBUG cache - Couldn't find template in cache for "spark/macros/log.ftl"("en_IN", UTF-8, parsed); will try to load it.
2025-08-20 15:03:25 DEBUG cache - TemplateLoader.findTemplateSource("spark/macros/log_en_IN.ftl"): Not found
2025-08-20 15:03:25 DEBUG cache - TemplateLoader.findTemplateSource("spark/macros/log_en.ftl"): Not found
2025-08-20 15:03:25 DEBUG cache - TemplateLoader.findTemplateSource("spark/macros/log.ftl"): Found
2025-08-20 15:03:25 DEBUG cache - Loading template for "spark/macros/log.ftl"("en_IN", UTF-8, parsed) from "jar:file:/C:/Users/Ritesh%20Kumar%20Singh/.m2/repository/com/aventstack/extentreports/5.0.9/extentreports-5.0.9.jar!/com/aventstack/extentreports/templates/spark/macros/log.ftl"
2025-08-20 15:03:25 DEBUG cache - Couldn't find template in cache for "spark/macros/recurse_nodes.ftl"("en_IN", UTF-8, parsed); will try to load it.
2025-08-20 15:03:25 DEBUG cache - TemplateLoader.findTemplateSource("spark/macros/recurse_nodes_en_IN.ftl"): Not found
2025-08-20 15:03:25 DEBUG cache - TemplateLoader.findTemplateSource("spark/macros/recurse_nodes_en.ftl"): Not found
2025-08-20 15:03:25 DEBUG cache - TemplateLoader.findTemplateSource("spark/macros/recurse_nodes.ftl"): Found
2025-08-20 15:03:25 DEBUG cache - Loading template for "spark/macros/recurse_nodes.ftl"("en_IN", UTF-8, parsed) from "jar:file:/C:/Users/Ritesh%20Kumar%20Singh/.m2/repository/com/aventstack/extentreports/5.0.9/extentreports-5.0.9.jar!/com/aventstack/extentreports/templates/spark/macros/recurse_nodes.ftl"
2025-08-20 15:03:25 DEBUG cache - "spark/macros/log.ftl"("en_IN", UTF-8, parsed) cached copy not yet stale; using cached.
2025-08-20 15:03:25 DEBUG cache - Couldn't find template in cache for "spark/macros/attr-common.ftl"("en_IN", UTF-8, parsed); will try to load it.
2025-08-20 15:03:25 DEBUG cache - TemplateLoader.findTemplateSource("spark/macros/attr-common_en_IN.ftl"): Not found
2025-08-20 15:03:25 DEBUG cache - TemplateLoader.findTemplateSource("spark/macros/attr-common_en.ftl"): Not found
2025-08-20 15:03:25 DEBUG cache - TemplateLoader.findTemplateSource("spark/macros/attr-common.ftl"): Found
2025-08-20 15:03:25 DEBUG cache - Loading template for "spark/macros/attr-common.ftl"("en_IN", UTF-8, parsed) from "jar:file:/C:/Users/Ritesh%20Kumar%20Singh/.m2/repository/com/aventstack/extentreports/5.0.9/extentreports-5.0.9.jar!/com/aventstack/extentreports/templates/spark/macros/attr-common.ftl"
2025-08-20 15:03:25 DEBUG cache - Couldn't find template in cache for "spark/partials/head.ftl"("en_IN", UTF-8, parsed); will try to load it.
2025-08-20 15:03:25 DEBUG cache - TemplateLoader.findTemplateSource("spark/partials/head_en_IN.ftl"): Not found
2025-08-20 15:03:25 DEBUG cache - TemplateLoader.findTemplateSource("spark/partials/head_en.ftl"): Not found
2025-08-20 15:03:25 DEBUG cache - TemplateLoader.findTemplateSource("spark/partials/head.ftl"): Found
2025-08-20 15:03:25 DEBUG cache - Loading template for "spark/partials/head.ftl"("en_IN", UTF-8, parsed) from "jar:file:/C:/Users/Ritesh%20Kumar%20Singh/.m2/repository/com/aventstack/extentreports/5.0.9/extentreports-5.0.9.jar!/com/aventstack/extentreports/templates/spark/partials/head.ftl"
2025-08-20 15:03:25 DEBUG cache - Couldn't find template in cache for "commons/commons-inject-css.ftl"("en_IN", UTF-8, parsed); will try to load it.
2025-08-20 15:03:25 DEBUG cache - TemplateLoader.findTemplateSource("commons/commons-inject-css_en_IN.ftl"): Not found
2025-08-20 15:03:25 DEBUG cache - TemplateLoader.findTemplateSource("commons/commons-inject-css_en.ftl"): Not found
2025-08-20 15:03:25 DEBUG cache - TemplateLoader.findTemplateSource("commons/commons-inject-css.ftl"): Found
2025-08-20 15:03:25 DEBUG cache - Loading template for "commons/commons-inject-css.ftl"("en_IN", UTF-8, parsed) from "jar:file:/C:/Users/Ritesh%20Kumar%20Singh/.m2/repository/com/aventstack/extentreports/5.0.9/extentreports-5.0.9.jar!/com/aventstack/extentreports/templates/commons/commons-inject-css.ftl"
2025-08-20 15:03:25 DEBUG cache - Couldn't find template in cache for "spark/partials/navbar.ftl"("en_IN", UTF-8, parsed); will try to load it.
2025-08-20 15:03:25 DEBUG cache - TemplateLoader.findTemplateSource("spark/partials/navbar_en_IN.ftl"): Not found
2025-08-20 15:03:25 DEBUG cache - TemplateLoader.findTemplateSource("spark/partials/navbar_en.ftl"): Not found
2025-08-20 15:03:25 DEBUG cache - TemplateLoader.findTemplateSource("spark/partials/navbar.ftl"): Found
2025-08-20 15:03:25 DEBUG cache - Loading template for "spark/partials/navbar.ftl"("en_IN", UTF-8, parsed) from "jar:file:/C:/Users/Ritesh%20Kumar%20Singh/.m2/repository/com/aventstack/extentreports/5.0.9/extentreports-5.0.9.jar!/com/aventstack/extentreports/templates/spark/partials/navbar.ftl"
2025-08-20 15:03:25 DEBUG cache - Couldn't find template in cache for "spark/partials/sidenav.ftl"("en_IN", UTF-8, parsed); will try to load it.
2025-08-20 15:03:25 DEBUG cache - TemplateLoader.findTemplateSource("spark/partials/sidenav_en_IN.ftl"): Not found
2025-08-20 15:03:25 DEBUG cache - TemplateLoader.findTemplateSource("spark/partials/sidenav_en.ftl"): Not found
2025-08-20 15:03:25 DEBUG cache - TemplateLoader.findTemplateSource("spark/partials/sidenav.ftl"): Found
2025-08-20 15:03:25 DEBUG cache - Loading template for "spark/partials/sidenav.ftl"("en_IN", UTF-8, parsed) from "jar:file:/C:/Users/Ritesh%20Kumar%20Singh/.m2/repository/com/aventstack/extentreports/5.0.9/extentreports-5.0.9.jar!/com/aventstack/extentreports/templates/spark/partials/sidenav.ftl"
2025-08-20 15:03:25 DEBUG cache - Couldn't find template in cache for "spark/partials/test.ftl"("en_IN", UTF-8, parsed); will try to load it.
2025-08-20 15:03:25 DEBUG cache - TemplateLoader.findTemplateSource("spark/partials/test_en_IN.ftl"): Not found
2025-08-20 15:03:25 DEBUG cache - TemplateLoader.findTemplateSource("spark/partials/test_en.ftl"): Not found
2025-08-20 15:03:25 DEBUG cache - TemplateLoader.findTemplateSource("spark/partials/test.ftl"): Found
2025-08-20 15:03:25 DEBUG cache - Loading template for "spark/partials/test.ftl"("en_IN", UTF-8, parsed) from "jar:file:/C:/Users/Ritesh%20Kumar%20Singh/.m2/repository/com/aventstack/extentreports/5.0.9/extentreports-5.0.9.jar!/com/aventstack/extentreports/templates/spark/partials/test.ftl"
2025-08-20 15:03:25 DEBUG cache - Couldn't find template in cache for "spark/partials/standard-content.ftl"("en_IN", UTF-8, parsed); will try to load it.
2025-08-20 15:03:25 DEBUG cache - TemplateLoader.findTemplateSource("spark/partials/standard-content_en_IN.ftl"): Not found
2025-08-20 15:03:25 DEBUG cache - TemplateLoader.findTemplateSource("spark/partials/standard-content_en.ftl"): Not found
2025-08-20 15:03:25 DEBUG cache - TemplateLoader.findTemplateSource("spark/partials/standard-content.ftl"): Found
2025-08-20 15:03:25 DEBUG cache - Loading template for "spark/partials/standard-content.ftl"("en_IN", UTF-8, parsed) from "jar:file:/C:/Users/Ritesh%20Kumar%20Singh/.m2/repository/com/aventstack/extentreports/5.0.9/extentreports-5.0.9.jar!/com/aventstack/extentreports/templates/spark/partials/standard-content.ftl"
2025-08-20 15:03:25 DEBUG cache - "spark/partials/standard-content.ftl"("en_IN", UTF-8, parsed) cached copy not yet stale; using cached.
2025-08-20 15:03:25 DEBUG cache - "spark/partials/standard-content.ftl"("en_IN", UTF-8, parsed) cached copy not yet stale; using cached.
2025-08-20 15:03:25 DEBUG cache - Couldn't find template in cache for "spark/partials/exception.ftl"("en_IN", UTF-8, parsed); will try to load it.
2025-08-20 15:03:25 DEBUG cache - TemplateLoader.findTemplateSource("spark/partials/exception_en_IN.ftl"): Not found
2025-08-20 15:03:25 DEBUG cache - TemplateLoader.findTemplateSource("spark/partials/exception_en.ftl"): Not found
2025-08-20 15:03:25 DEBUG cache - TemplateLoader.findTemplateSource("spark/partials/exception.ftl"): Found
2025-08-20 15:03:25 DEBUG cache - Loading template for "spark/partials/exception.ftl"("en_IN", UTF-8, parsed) from "jar:file:/C:/Users/Ritesh%20Kumar%20Singh/.m2/repository/com/aventstack/extentreports/5.0.9/extentreports-5.0.9.jar!/com/aventstack/extentreports/templates/spark/partials/exception.ftl"
2025-08-20 15:03:25 DEBUG cache - Couldn't find template in cache for "spark/partials/category.ftl"("en_IN", UTF-8, parsed); will try to load it.
2025-08-20 15:03:25 DEBUG cache - TemplateLoader.findTemplateSource("spark/partials/category_en_IN.ftl"): Not found
2025-08-20 15:03:25 DEBUG cache - TemplateLoader.findTemplateSource("spark/partials/category_en.ftl"): Not found
2025-08-20 15:03:25 DEBUG cache - TemplateLoader.findTemplateSource("spark/partials/category.ftl"): Found
2025-08-20 15:03:25 DEBUG cache - Loading template for "spark/partials/category.ftl"("en_IN", UTF-8, parsed) from "jar:file:/C:/Users/Ritesh%20Kumar%20Singh/.m2/repository/com/aventstack/extentreports/5.0.9/extentreports-5.0.9.jar!/com/aventstack/extentreports/templates/spark/partials/category.ftl"
2025-08-20 15:03:25 DEBUG cache - Couldn't find template in cache for "spark/partials/device.ftl"("en_IN", UTF-8, parsed); will try to load it.
2025-08-20 15:03:25 DEBUG cache - TemplateLoader.findTemplateSource("spark/partials/device_en_IN.ftl"): Not found
2025-08-20 15:03:25 DEBUG cache - TemplateLoader.findTemplateSource("spark/partials/device_en.ftl"): Not found
2025-08-20 15:03:25 DEBUG cache - TemplateLoader.findTemplateSource("spark/partials/device.ftl"): Found
2025-08-20 15:03:25 DEBUG cache - Loading template for "spark/partials/device.ftl"("en_IN", UTF-8, parsed) from "jar:file:/C:/Users/Ritesh%20Kumar%20Singh/.m2/repository/com/aventstack/extentreports/5.0.9/extentreports-5.0.9.jar!/com/aventstack/extentreports/templates/spark/partials/device.ftl"
2025-08-20 15:03:25 DEBUG cache - Couldn't find template in cache for "spark/partials/author.ftl"("en_IN", UTF-8, parsed); will try to load it.
2025-08-20 15:03:25 DEBUG cache - TemplateLoader.findTemplateSource("spark/partials/author_en_IN.ftl"): Not found
2025-08-20 15:03:25 DEBUG cache - TemplateLoader.findTemplateSource("spark/partials/author_en.ftl"): Not found
2025-08-20 15:03:25 DEBUG cache - TemplateLoader.findTemplateSource("spark/partials/author.ftl"): Found
2025-08-20 15:03:25 DEBUG cache - Loading template for "spark/partials/author.ftl"("en_IN", UTF-8, parsed) from "jar:file:/C:/Users/Ritesh%20Kumar%20Singh/.m2/repository/com/aventstack/extentreports/5.0.9/extentreports-5.0.9.jar!/com/aventstack/extentreports/templates/spark/partials/author.ftl"
2025-08-20 15:03:25 DEBUG cache - Couldn't find template in cache for "spark/partials/log.ftl"("en_IN", UTF-8, parsed); will try to load it.
2025-08-20 15:03:25 DEBUG cache - TemplateLoader.findTemplateSource("spark/partials/log_en_IN.ftl"): Not found
2025-08-20 15:03:25 DEBUG cache - TemplateLoader.findTemplateSource("spark/partials/log_en.ftl"): Not found
2025-08-20 15:03:25 DEBUG cache - TemplateLoader.findTemplateSource("spark/partials/log.ftl"): Found
2025-08-20 15:03:25 DEBUG cache - Loading template for "spark/partials/log.ftl"("en_IN", UTF-8, parsed) from "jar:file:/C:/Users/Ritesh%20Kumar%20Singh/.m2/repository/com/aventstack/extentreports/5.0.9/extentreports-5.0.9.jar!/com/aventstack/extentreports/templates/spark/partials/log.ftl"
2025-08-20 15:03:25 DEBUG cache - Couldn't find template in cache for "spark/partials/dashboard.ftl"("en_IN", UTF-8, parsed); will try to load it.
2025-08-20 15:03:25 DEBUG cache - TemplateLoader.findTemplateSource("spark/partials/dashboard_en_IN.ftl"): Not found
2025-08-20 15:03:25 DEBUG cache - TemplateLoader.findTemplateSource("spark/partials/dashboard_en.ftl"): Not found
2025-08-20 15:03:25 DEBUG cache - TemplateLoader.findTemplateSource("spark/partials/dashboard.ftl"): Found
2025-08-20 15:03:25 DEBUG cache - Loading template for "spark/partials/dashboard.ftl"("en_IN", UTF-8, parsed) from "jar:file:/C:/Users/Ritesh%20Kumar%20Singh/.m2/repository/com/aventstack/extentreports/5.0.9/extentreports-5.0.9.jar!/com/aventstack/extentreports/templates/spark/partials/dashboard.ftl"
2025-08-20 15:03:25 DEBUG cache - Couldn't find template in cache for "spark/partials/scripts.ftl"("en_IN", UTF-8, parsed); will try to load it.
2025-08-20 15:03:25 DEBUG cache - TemplateLoader.findTemplateSource("spark/partials/scripts_en_IN.ftl"): Not found
2025-08-20 15:03:25 DEBUG cache - TemplateLoader.findTemplateSource("spark/partials/scripts_en.ftl"): Not found
2025-08-20 15:03:25 DEBUG cache - TemplateLoader.findTemplateSource("spark/partials/scripts.ftl"): Found
2025-08-20 15:03:25 DEBUG cache - Loading template for "spark/partials/scripts.ftl"("en_IN", UTF-8, parsed) from "jar:file:/C:/Users/Ritesh%20Kumar%20Singh/.m2/repository/com/aventstack/extentreports/5.0.9/extentreports-5.0.9.jar!/com/aventstack/extentreports/templates/spark/partials/scripts.ftl"
2025-08-20 15:03:25 DEBUG cache - Couldn't find template in cache for "commons/commons-inject-js.ftl"("en_IN", UTF-8, parsed); will try to load it.
2025-08-20 15:03:25 DEBUG cache - TemplateLoader.findTemplateSource("commons/commons-inject-js_en_IN.ftl"): Not found
2025-08-20 15:03:25 DEBUG cache - TemplateLoader.findTemplateSource("commons/commons-inject-js_en.ftl"): Not found
2025-08-20 15:03:25 DEBUG cache - TemplateLoader.findTemplateSource("commons/commons-inject-js.ftl"): Found
2025-08-20 15:03:25 DEBUG cache - Loading template for "commons/commons-inject-js.ftl"("en_IN", UTF-8, parsed) from "jar:file:/C:/Users/Ritesh%20Kumar%20Singh/.m2/repository/com/aventstack/extentreports/5.0.9/extentreports-5.0.9.jar!/com/aventstack/extentreports/templates/commons/commons-inject-js.ftl"
2025-08-20 15:20:18 INFO  BaseTest - Driver initialized
2025-08-20 15:21:16 INFO  BaseTest - Driver closed
2025-08-20 15:21:16 DEBUG cache - Couldn't find template in cache for "spark/spark.spa.ftl"("en_IN", UTF-8, parsed); will try to load it.
2025-08-20 15:21:16 DEBUG cache - TemplateLoader.findTemplateSource("spark/spark.spa_en_IN.ftl"): Not found
2025-08-20 15:21:16 DEBUG cache - TemplateLoader.findTemplateSource("spark/spark.spa_en.ftl"): Not found
2025-08-20 15:21:16 DEBUG cache - TemplateLoader.findTemplateSource("spark/spark.spa.ftl"): Found
2025-08-20 15:21:16 DEBUG cache - Loading template for "spark/spark.spa.ftl"("en_IN", UTF-8, parsed) from "jar:file:/C:/Users/Ritesh%20Kumar%20Singh/.m2/repository/com/aventstack/extentreports/5.0.9/extentreports-5.0.9.jar!/com/aventstack/extentreports/templates/spark/spark.spa.ftl"
2025-08-20 15:21:16 DEBUG cache - Couldn't find template in cache for "commons/commons-variables.ftl"("en_IN", UTF-8, parsed); will try to load it.
2025-08-20 15:21:16 DEBUG cache - TemplateLoader.findTemplateSource("commons/commons-variables_en_IN.ftl"): Not found
2025-08-20 15:21:16 DEBUG cache - TemplateLoader.findTemplateSource("commons/commons-variables_en.ftl"): Not found
2025-08-20 15:21:16 DEBUG cache - TemplateLoader.findTemplateSource("commons/commons-variables.ftl"): Found
2025-08-20 15:21:16 DEBUG cache - Loading template for "commons/commons-variables.ftl"("en_IN", UTF-8, parsed) from "jar:file:/C:/Users/Ritesh%20Kumar%20Singh/.m2/repository/com/aventstack/extentreports/5.0.9/extentreports-5.0.9.jar!/com/aventstack/extentreports/templates/commons/commons-variables.ftl"
2025-08-20 15:21:16 DEBUG cache - Couldn't find template in cache for "commons/commons-macros.ftl"("en_IN", UTF-8, parsed); will try to load it.
2025-08-20 15:21:16 DEBUG cache - TemplateLoader.findTemplateSource("commons/commons-macros_en_IN.ftl"): Not found
2025-08-20 15:21:16 DEBUG cache - TemplateLoader.findTemplateSource("commons/commons-macros_en.ftl"): Not found
2025-08-20 15:21:16 DEBUG cache - TemplateLoader.findTemplateSource("commons/commons-macros.ftl"): Found
2025-08-20 15:21:16 DEBUG cache - Loading template for "commons/commons-macros.ftl"("en_IN", UTF-8, parsed) from "jar:file:/C:/Users/Ritesh%20Kumar%20Singh/.m2/repository/com/aventstack/extentreports/5.0.9/extentreports-5.0.9.jar!/com/aventstack/extentreports/templates/commons/commons-macros.ftl"
2025-08-20 15:21:16 DEBUG cache - Couldn't find template in cache for "spark/macros/attributes.ftl"("en_IN", UTF-8, parsed); will try to load it.
2025-08-20 15:21:16 DEBUG cache - TemplateLoader.findTemplateSource("spark/macros/attributes_en_IN.ftl"): Not found
2025-08-20 15:21:16 DEBUG cache - TemplateLoader.findTemplateSource("spark/macros/attributes_en.ftl"): Not found
2025-08-20 15:21:16 DEBUG cache - TemplateLoader.findTemplateSource("spark/macros/attributes.ftl"): Found
2025-08-20 15:21:16 DEBUG cache - Loading template for "spark/macros/attributes.ftl"("en_IN", UTF-8, parsed) from "jar:file:/C:/Users/Ritesh%20Kumar%20Singh/.m2/repository/com/aventstack/extentreports/5.0.9/extentreports-5.0.9.jar!/com/aventstack/extentreports/templates/spark/macros/attributes.ftl"
2025-08-20 15:21:16 DEBUG cache - Couldn't find template in cache for "spark/macros/log.ftl"("en_IN", UTF-8, parsed); will try to load it.
2025-08-20 15:21:16 DEBUG cache - TemplateLoader.findTemplateSource("spark/macros/log_en_IN.ftl"): Not found
2025-08-20 15:21:16 DEBUG cache - TemplateLoader.findTemplateSource("spark/macros/log_en.ftl"): Not found
2025-08-20 15:21:16 DEBUG cache - TemplateLoader.findTemplateSource("spark/macros/log.ftl"): Found
2025-08-20 15:21:16 DEBUG cache - Loading template for "spark/macros/log.ftl"("en_IN", UTF-8, parsed) from "jar:file:/C:/Users/Ritesh%20Kumar%20Singh/.m2/repository/com/aventstack/extentreports/5.0.9/extentreports-5.0.9.jar!/com/aventstack/extentreports/templates/spark/macros/log.ftl"
2025-08-20 15:21:16 DEBUG cache - Couldn't find template in cache for "spark/macros/recurse_nodes.ftl"("en_IN", UTF-8, parsed); will try to load it.
2025-08-20 15:21:16 DEBUG cache - TemplateLoader.findTemplateSource("spark/macros/recurse_nodes_en_IN.ftl"): Not found
2025-08-20 15:21:16 DEBUG cache - TemplateLoader.findTemplateSource("spark/macros/recurse_nodes_en.ftl"): Not found
2025-08-20 15:21:16 DEBUG cache - TemplateLoader.findTemplateSource("spark/macros/recurse_nodes.ftl"): Found
2025-08-20 15:21:16 DEBUG cache - Loading template for "spark/macros/recurse_nodes.ftl"("en_IN", UTF-8, parsed) from "jar:file:/C:/Users/Ritesh%20Kumar%20Singh/.m2/repository/com/aventstack/extentreports/5.0.9/extentreports-5.0.9.jar!/com/aventstack/extentreports/templates/spark/macros/recurse_nodes.ftl"
2025-08-20 15:21:16 DEBUG cache - "spark/macros/log.ftl"("en_IN", UTF-8, parsed) cached copy not yet stale; using cached.
2025-08-20 15:21:16 DEBUG cache - Couldn't find template in cache for "spark/macros/attr-common.ftl"("en_IN", UTF-8, parsed); will try to load it.
2025-08-20 15:21:16 DEBUG cache - TemplateLoader.findTemplateSource("spark/macros/attr-common_en_IN.ftl"): Not found
2025-08-20 15:21:16 DEBUG cache - TemplateLoader.findTemplateSource("spark/macros/attr-common_en.ftl"): Not found
2025-08-20 15:21:16 DEBUG cache - TemplateLoader.findTemplateSource("spark/macros/attr-common.ftl"): Found
2025-08-20 15:21:16 DEBUG cache - Loading template for "spark/macros/attr-common.ftl"("en_IN", UTF-8, parsed) from "jar:file:/C:/Users/Ritesh%20Kumar%20Singh/.m2/repository/com/aventstack/extentreports/5.0.9/extentreports-5.0.9.jar!/com/aventstack/extentreports/templates/spark/macros/attr-common.ftl"
2025-08-20 15:21:16 DEBUG cache - Couldn't find template in cache for "spark/partials/head.ftl"("en_IN", UTF-8, parsed); will try to load it.
2025-08-20 15:21:16 DEBUG cache - TemplateLoader.findTemplateSource("spark/partials/head_en_IN.ftl"): Not found
2025-08-20 15:21:16 DEBUG cache - TemplateLoader.findTemplateSource("spark/partials/head_en.ftl"): Not found
2025-08-20 15:21:16 DEBUG cache - TemplateLoader.findTemplateSource("spark/partials/head.ftl"): Found
2025-08-20 15:21:16 DEBUG cache - Loading template for "spark/partials/head.ftl"("en_IN", UTF-8, parsed) from "jar:file:/C:/Users/Ritesh%20Kumar%20Singh/.m2/repository/com/aventstack/extentreports/5.0.9/extentreports-5.0.9.jar!/com/aventstack/extentreports/templates/spark/partials/head.ftl"
2025-08-20 15:21:16 DEBUG cache - Couldn't find template in cache for "commons/commons-inject-css.ftl"("en_IN", UTF-8, parsed); will try to load it.
2025-08-20 15:21:16 DEBUG cache - TemplateLoader.findTemplateSource("commons/commons-inject-css_en_IN.ftl"): Not found
2025-08-20 15:21:16 DEBUG cache - TemplateLoader.findTemplateSource("commons/commons-inject-css_en.ftl"): Not found
2025-08-20 15:21:16 DEBUG cache - TemplateLoader.findTemplateSource("commons/commons-inject-css.ftl"): Found
2025-08-20 15:21:16 DEBUG cache - Loading template for "commons/commons-inject-css.ftl"("en_IN", UTF-8, parsed) from "jar:file:/C:/Users/Ritesh%20Kumar%20Singh/.m2/repository/com/aventstack/extentreports/5.0.9/extentreports-5.0.9.jar!/com/aventstack/extentreports/templates/commons/commons-inject-css.ftl"
2025-08-20 15:21:16 DEBUG cache - Couldn't find template in cache for "spark/partials/navbar.ftl"("en_IN", UTF-8, parsed); will try to load it.
2025-08-20 15:21:16 DEBUG cache - TemplateLoader.findTemplateSource("spark/partials/navbar_en_IN.ftl"): Not found
2025-08-20 15:21:16 DEBUG cache - TemplateLoader.findTemplateSource("spark/partials/navbar_en.ftl"): Not found
2025-08-20 15:21:16 DEBUG cache - TemplateLoader.findTemplateSource("spark/partials/navbar.ftl"): Found
2025-08-20 15:21:16 DEBUG cache - Loading template for "spark/partials/navbar.ftl"("en_IN", UTF-8, parsed) from "jar:file:/C:/Users/Ritesh%20Kumar%20Singh/.m2/repository/com/aventstack/extentreports/5.0.9/extentreports-5.0.9.jar!/com/aventstack/extentreports/templates/spark/partials/navbar.ftl"
2025-08-20 15:21:16 DEBUG cache - Couldn't find template in cache for "spark/partials/sidenav.ftl"("en_IN", UTF-8, parsed); will try to load it.
2025-08-20 15:21:16 DEBUG cache - TemplateLoader.findTemplateSource("spark/partials/sidenav_en_IN.ftl"): Not found
2025-08-20 15:21:16 DEBUG cache - TemplateLoader.findTemplateSource("spark/partials/sidenav_en.ftl"): Not found
2025-08-20 15:21:16 DEBUG cache - TemplateLoader.findTemplateSource("spark/partials/sidenav.ftl"): Found
2025-08-20 15:21:16 DEBUG cache - Loading template for "spark/partials/sidenav.ftl"("en_IN", UTF-8, parsed) from "jar:file:/C:/Users/Ritesh%20Kumar%20Singh/.m2/repository/com/aventstack/extentreports/5.0.9/extentreports-5.0.9.jar!/com/aventstack/extentreports/templates/spark/partials/sidenav.ftl"
2025-08-20 15:21:16 DEBUG cache - Couldn't find template in cache for "spark/partials/test.ftl"("en_IN", UTF-8, parsed); will try to load it.
2025-08-20 15:21:16 DEBUG cache - TemplateLoader.findTemplateSource("spark/partials/test_en_IN.ftl"): Not found
2025-08-20 15:21:16 DEBUG cache - TemplateLoader.findTemplateSource("spark/partials/test_en.ftl"): Not found
2025-08-20 15:21:16 DEBUG cache - TemplateLoader.findTemplateSource("spark/partials/test.ftl"): Found
2025-08-20 15:21:16 DEBUG cache - Loading template for "spark/partials/test.ftl"("en_IN", UTF-8, parsed) from "jar:file:/C:/Users/Ritesh%20Kumar%20Singh/.m2/repository/com/aventstack/extentreports/5.0.9/extentreports-5.0.9.jar!/com/aventstack/extentreports/templates/spark/partials/test.ftl"
2025-08-20 15:21:16 DEBUG cache - Couldn't find template in cache for "spark/partials/standard-content.ftl"("en_IN", UTF-8, parsed); will try to load it.
2025-08-20 15:21:16 DEBUG cache - TemplateLoader.findTemplateSource("spark/partials/standard-content_en_IN.ftl"): Not found
2025-08-20 15:21:16 DEBUG cache - TemplateLoader.findTemplateSource("spark/partials/standard-content_en.ftl"): Not found
2025-08-20 15:21:16 DEBUG cache - TemplateLoader.findTemplateSource("spark/partials/standard-content.ftl"): Found
2025-08-20 15:21:16 DEBUG cache - Loading template for "spark/partials/standard-content.ftl"("en_IN", UTF-8, parsed) from "jar:file:/C:/Users/Ritesh%20Kumar%20Singh/.m2/repository/com/aventstack/extentreports/5.0.9/extentreports-5.0.9.jar!/com/aventstack/extentreports/templates/spark/partials/standard-content.ftl"
2025-08-20 15:21:16 DEBUG cache - "spark/partials/standard-content.ftl"("en_IN", UTF-8, parsed) cached copy not yet stale; using cached.
2025-08-20 15:21:16 DEBUG cache - "spark/partials/standard-content.ftl"("en_IN", UTF-8, parsed) cached copy not yet stale; using cached.
2025-08-20 15:21:16 DEBUG cache - Couldn't find template in cache for "spark/partials/exception.ftl"("en_IN", UTF-8, parsed); will try to load it.
2025-08-20 15:21:16 DEBUG cache - TemplateLoader.findTemplateSource("spark/partials/exception_en_IN.ftl"): Not found
2025-08-20 15:21:16 DEBUG cache - TemplateLoader.findTemplateSource("spark/partials/exception_en.ftl"): Not found
2025-08-20 15:21:16 DEBUG cache - TemplateLoader.findTemplateSource("spark/partials/exception.ftl"): Found
2025-08-20 15:21:16 DEBUG cache - Loading template for "spark/partials/exception.ftl"("en_IN", UTF-8, parsed) from "jar:file:/C:/Users/Ritesh%20Kumar%20Singh/.m2/repository/com/aventstack/extentreports/5.0.9/extentreports-5.0.9.jar!/com/aventstack/extentreports/templates/spark/partials/exception.ftl"
2025-08-20 15:21:16 DEBUG cache - Couldn't find template in cache for "spark/partials/category.ftl"("en_IN", UTF-8, parsed); will try to load it.
2025-08-20 15:21:16 DEBUG cache - TemplateLoader.findTemplateSource("spark/partials/category_en_IN.ftl"): Not found
2025-08-20 15:21:16 DEBUG cache - TemplateLoader.findTemplateSource("spark/partials/category_en.ftl"): Not found
2025-08-20 15:21:16 DEBUG cache - TemplateLoader.findTemplateSource("spark/partials/category.ftl"): Found
2025-08-20 15:21:16 DEBUG cache - Loading template for "spark/partials/category.ftl"("en_IN", UTF-8, parsed) from "jar:file:/C:/Users/Ritesh%20Kumar%20Singh/.m2/repository/com/aventstack/extentreports/5.0.9/extentreports-5.0.9.jar!/com/aventstack/extentreports/templates/spark/partials/category.ftl"
2025-08-20 15:21:16 DEBUG cache - Couldn't find template in cache for "spark/partials/device.ftl"("en_IN", UTF-8, parsed); will try to load it.
2025-08-20 15:21:16 DEBUG cache - TemplateLoader.findTemplateSource("spark/partials/device_en_IN.ftl"): Not found
2025-08-20 15:21:16 DEBUG cache - TemplateLoader.findTemplateSource("spark/partials/device_en.ftl"): Not found
2025-08-20 15:21:16 DEBUG cache - TemplateLoader.findTemplateSource("spark/partials/device.ftl"): Found
2025-08-20 15:21:16 DEBUG cache - Loading template for "spark/partials/device.ftl"("en_IN", UTF-8, parsed) from "jar:file:/C:/Users/Ritesh%20Kumar%20Singh/.m2/repository/com/aventstack/extentreports/5.0.9/extentreports-5.0.9.jar!/com/aventstack/extentreports/templates/spark/partials/device.ftl"
2025-08-20 15:21:16 DEBUG cache - Couldn't find template in cache for "spark/partials/author.ftl"("en_IN", UTF-8, parsed); will try to load it.
2025-08-20 15:21:16 DEBUG cache - TemplateLoader.findTemplateSource("spark/partials/author_en_IN.ftl"): Not found
2025-08-20 15:21:16 DEBUG cache - TemplateLoader.findTemplateSource("spark/partials/author_en.ftl"): Not found
2025-08-20 15:21:16 DEBUG cache - TemplateLoader.findTemplateSource("spark/partials/author.ftl"): Found
2025-08-20 15:21:16 DEBUG cache - Loading template for "spark/partials/author.ftl"("en_IN", UTF-8, parsed) from "jar:file:/C:/Users/Ritesh%20Kumar%20Singh/.m2/repository/com/aventstack/extentreports/5.0.9/extentreports-5.0.9.jar!/com/aventstack/extentreports/templates/spark/partials/author.ftl"
2025-08-20 15:21:16 DEBUG cache - Couldn't find template in cache for "spark/partials/log.ftl"("en_IN", UTF-8, parsed); will try to load it.
2025-08-20 15:21:16 DEBUG cache - TemplateLoader.findTemplateSource("spark/partials/log_en_IN.ftl"): Not found
2025-08-20 15:21:16 DEBUG cache - TemplateLoader.findTemplateSource("spark/partials/log_en.ftl"): Not found
2025-08-20 15:21:16 DEBUG cache - TemplateLoader.findTemplateSource("spark/partials/log.ftl"): Found
2025-08-20 15:21:16 DEBUG cache - Loading template for "spark/partials/log.ftl"("en_IN", UTF-8, parsed) from "jar:file:/C:/Users/Ritesh%20Kumar%20Singh/.m2/repository/com/aventstack/extentreports/5.0.9/extentreports-5.0.9.jar!/com/aventstack/extentreports/templates/spark/partials/log.ftl"
2025-08-20 15:21:16 DEBUG cache - Couldn't find template in cache for "spark/partials/dashboard.ftl"("en_IN", UTF-8, parsed); will try to load it.
2025-08-20 15:21:16 DEBUG cache - TemplateLoader.findTemplateSource("spark/partials/dashboard_en_IN.ftl"): Not found
2025-08-20 15:21:16 DEBUG cache - TemplateLoader.findTemplateSource("spark/partials/dashboard_en.ftl"): Not found
2025-08-20 15:21:16 DEBUG cache - TemplateLoader.findTemplateSource("spark/partials/dashboard.ftl"): Found
2025-08-20 15:21:16 DEBUG cache - Loading template for "spark/partials/dashboard.ftl"("en_IN", UTF-8, parsed) from "jar:file:/C:/Users/Ritesh%20Kumar%20Singh/.m2/repository/com/aventstack/extentreports/5.0.9/extentreports-5.0.9.jar!/com/aventstack/extentreports/templates/spark/partials/dashboard.ftl"
2025-08-20 15:21:16 DEBUG cache - Couldn't find template in cache for "spark/partials/scripts.ftl"("en_IN", UTF-8, parsed); will try to load it.
2025-08-20 15:21:16 DEBUG cache - TemplateLoader.findTemplateSource("spark/partials/scripts_en_IN.ftl"): Not found
2025-08-20 15:21:16 DEBUG cache - TemplateLoader.findTemplateSource("spark/partials/scripts_en.ftl"): Not found
2025-08-20 15:21:16 DEBUG cache - TemplateLoader.findTemplateSource("spark/partials/scripts.ftl"): Found
2025-08-20 15:21:16 DEBUG cache - Loading template for "spark/partials/scripts.ftl"("en_IN", UTF-8, parsed) from "jar:file:/C:/Users/Ritesh%20Kumar%20Singh/.m2/repository/com/aventstack/extentreports/5.0.9/extentreports-5.0.9.jar!/com/aventstack/extentreports/templates/spark/partials/scripts.ftl"
2025-08-20 15:21:16 DEBUG cache - Couldn't find template in cache for "commons/commons-inject-js.ftl"("en_IN", UTF-8, parsed); will try to load it.
2025-08-20 15:21:16 DEBUG cache - TemplateLoader.findTemplateSource("commons/commons-inject-js_en_IN.ftl"): Not found
2025-08-20 15:21:16 DEBUG cache - TemplateLoader.findTemplateSource("commons/commons-inject-js_en.ftl"): Not found
2025-08-20 15:21:16 DEBUG cache - TemplateLoader.findTemplateSource("commons/commons-inject-js.ftl"): Found
2025-08-20 15:21:16 DEBUG cache - Loading template for "commons/commons-inject-js.ftl"("en_IN", UTF-8, parsed) from "jar:file:/C:/Users/Ritesh%20Kumar%20Singh/.m2/repository/com/aventstack/extentreports/5.0.9/extentreports-5.0.9.jar!/com/aventstack/extentreports/templates/commons/commons-inject-js.ftl"
2025-08-21 11:07:53 DEBUG cache - Couldn't find template in cache for "spark/spark.spa.ftl"("en_IN", UTF-8, parsed); will try to load it.
2025-08-21 11:07:53 DEBUG cache - TemplateLoader.findTemplateSource("spark/spark.spa_en_IN.ftl"): Not found
2025-08-21 11:07:53 DEBUG cache - TemplateLoader.findTemplateSource("spark/spark.spa_en.ftl"): Not found
2025-08-21 11:07:53 DEBUG cache - TemplateLoader.findTemplateSource("spark/spark.spa.ftl"): Found
2025-08-21 11:07:53 DEBUG cache - Loading template for "spark/spark.spa.ftl"("en_IN", UTF-8, parsed) from "jar:file:/C:/Users/Ritesh%20Kumar%20Singh/.m2/repository/com/aventstack/extentreports/5.0.9/extentreports-5.0.9.jar!/com/aventstack/extentreports/templates/spark/spark.spa.ftl"
2025-08-21 11:07:53 DEBUG cache - Couldn't find template in cache for "commons/commons-variables.ftl"("en_IN", UTF-8, parsed); will try to load it.
2025-08-21 11:07:53 DEBUG cache - TemplateLoader.findTemplateSource("commons/commons-variables_en_IN.ftl"): Not found
2025-08-21 11:07:53 DEBUG cache - TemplateLoader.findTemplateSource("commons/commons-variables_en.ftl"): Not found
2025-08-21 11:07:53 DEBUG cache - TemplateLoader.findTemplateSource("commons/commons-variables.ftl"): Found
2025-08-21 11:07:53 DEBUG cache - Loading template for "commons/commons-variables.ftl"("en_IN", UTF-8, parsed) from "jar:file:/C:/Users/Ritesh%20Kumar%20Singh/.m2/repository/com/aventstack/extentreports/5.0.9/extentreports-5.0.9.jar!/com/aventstack/extentreports/templates/commons/commons-variables.ftl"
2025-08-21 11:07:53 DEBUG cache - Couldn't find template in cache for "commons/commons-macros.ftl"("en_IN", UTF-8, parsed); will try to load it.
2025-08-21 11:07:53 DEBUG cache - TemplateLoader.findTemplateSource("commons/commons-macros_en_IN.ftl"): Not found
2025-08-21 11:07:53 DEBUG cache - TemplateLoader.findTemplateSource("commons/commons-macros_en.ftl"): Not found
2025-08-21 11:07:53 DEBUG cache - TemplateLoader.findTemplateSource("commons/commons-macros.ftl"): Found
2025-08-21 11:07:53 DEBUG cache - Loading template for "commons/commons-macros.ftl"("en_IN", UTF-8, parsed) from "jar:file:/C:/Users/Ritesh%20Kumar%20Singh/.m2/repository/com/aventstack/extentreports/5.0.9/extentreports-5.0.9.jar!/com/aventstack/extentreports/templates/commons/commons-macros.ftl"
2025-08-21 11:07:53 DEBUG cache - Couldn't find template in cache for "spark/macros/attributes.ftl"("en_IN", UTF-8, parsed); will try to load it.
2025-08-21 11:07:53 DEBUG cache - TemplateLoader.findTemplateSource("spark/macros/attributes_en_IN.ftl"): Not found
2025-08-21 11:07:53 DEBUG cache - TemplateLoader.findTemplateSource("spark/macros/attributes_en.ftl"): Not found
2025-08-21 11:07:53 DEBUG cache - TemplateLoader.findTemplateSource("spark/macros/attributes.ftl"): Found
2025-08-21 11:07:53 DEBUG cache - Loading template for "spark/macros/attributes.ftl"("en_IN", UTF-8, parsed) from "jar:file:/C:/Users/Ritesh%20Kumar%20Singh/.m2/repository/com/aventstack/extentreports/5.0.9/extentreports-5.0.9.jar!/com/aventstack/extentreports/templates/spark/macros/attributes.ftl"
2025-08-21 11:07:53 DEBUG cache - Couldn't find template in cache for "spark/macros/log.ftl"("en_IN", UTF-8, parsed); will try to load it.
2025-08-21 11:07:53 DEBUG cache - TemplateLoader.findTemplateSource("spark/macros/log_en_IN.ftl"): Not found
2025-08-21 11:07:53 DEBUG cache - TemplateLoader.findTemplateSource("spark/macros/log_en.ftl"): Not found
2025-08-21 11:07:53 DEBUG cache - TemplateLoader.findTemplateSource("spark/macros/log.ftl"): Found
2025-08-21 11:07:53 DEBUG cache - Loading template for "spark/macros/log.ftl"("en_IN", UTF-8, parsed) from "jar:file:/C:/Users/Ritesh%20Kumar%20Singh/.m2/repository/com/aventstack/extentreports/5.0.9/extentreports-5.0.9.jar!/com/aventstack/extentreports/templates/spark/macros/log.ftl"
2025-08-21 11:07:53 DEBUG cache - Couldn't find template in cache for "spark/macros/recurse_nodes.ftl"("en_IN", UTF-8, parsed); will try to load it.
2025-08-21 11:07:53 DEBUG cache - TemplateLoader.findTemplateSource("spark/macros/recurse_nodes_en_IN.ftl"): Not found
2025-08-21 11:07:53 DEBUG cache - TemplateLoader.findTemplateSource("spark/macros/recurse_nodes_en.ftl"): Not found
2025-08-21 11:07:53 DEBUG cache - TemplateLoader.findTemplateSource("spark/macros/recurse_nodes.ftl"): Found
2025-08-21 11:07:53 DEBUG cache - Loading template for "spark/macros/recurse_nodes.ftl"("en_IN", UTF-8, parsed) from "jar:file:/C:/Users/Ritesh%20Kumar%20Singh/.m2/repository/com/aventstack/extentreports/5.0.9/extentreports-5.0.9.jar!/com/aventstack/extentreports/templates/spark/macros/recurse_nodes.ftl"
2025-08-21 11:07:53 DEBUG cache - "spark/macros/log.ftl"("en_IN", UTF-8, parsed) cached copy not yet stale; using cached.
2025-08-21 11:07:53 DEBUG cache - Couldn't find template in cache for "spark/macros/attr-common.ftl"("en_IN", UTF-8, parsed); will try to load it.
2025-08-21 11:07:53 DEBUG cache - TemplateLoader.findTemplateSource("spark/macros/attr-common_en_IN.ftl"): Not found
2025-08-21 11:07:53 DEBUG cache - TemplateLoader.findTemplateSource("spark/macros/attr-common_en.ftl"): Not found
2025-08-21 11:07:53 DEBUG cache - TemplateLoader.findTemplateSource("spark/macros/attr-common.ftl"): Found
2025-08-21 11:07:53 DEBUG cache - Loading template for "spark/macros/attr-common.ftl"("en_IN", UTF-8, parsed) from "jar:file:/C:/Users/Ritesh%20Kumar%20Singh/.m2/repository/com/aventstack/extentreports/5.0.9/extentreports-5.0.9.jar!/com/aventstack/extentreports/templates/spark/macros/attr-common.ftl"
2025-08-21 11:07:53 DEBUG cache - Couldn't find template in cache for "spark/partials/head.ftl"("en_IN", UTF-8, parsed); will try to load it.
2025-08-21 11:07:53 DEBUG cache - TemplateLoader.findTemplateSource("spark/partials/head_en_IN.ftl"): Not found
2025-08-21 11:07:53 DEBUG cache - TemplateLoader.findTemplateSource("spark/partials/head_en.ftl"): Not found
2025-08-21 11:07:53 DEBUG cache - TemplateLoader.findTemplateSource("spark/partials/head.ftl"): Found
2025-08-21 11:07:53 DEBUG cache - Loading template for "spark/partials/head.ftl"("en_IN", UTF-8, parsed) from "jar:file:/C:/Users/Ritesh%20Kumar%20Singh/.m2/repository/com/aventstack/extentreports/5.0.9/extentreports-5.0.9.jar!/com/aventstack/extentreports/templates/spark/partials/head.ftl"
2025-08-21 11:07:53 DEBUG cache - Couldn't find template in cache for "commons/commons-inject-css.ftl"("en_IN", UTF-8, parsed); will try to load it.
2025-08-21 11:07:53 DEBUG cache - TemplateLoader.findTemplateSource("commons/commons-inject-css_en_IN.ftl"): Not found
2025-08-21 11:07:53 DEBUG cache - TemplateLoader.findTemplateSource("commons/commons-inject-css_en.ftl"): Not found
2025-08-21 11:07:53 DEBUG cache - TemplateLoader.findTemplateSource("commons/commons-inject-css.ftl"): Found
2025-08-21 11:07:53 DEBUG cache - Loading template for "commons/commons-inject-css.ftl"("en_IN", UTF-8, parsed) from "jar:file:/C:/Users/Ritesh%20Kumar%20Singh/.m2/repository/com/aventstack/extentreports/5.0.9/extentreports-5.0.9.jar!/com/aventstack/extentreports/templates/commons/commons-inject-css.ftl"
2025-08-21 11:07:53 DEBUG cache - Couldn't find template in cache for "spark/partials/navbar.ftl"("en_IN", UTF-8, parsed); will try to load it.
2025-08-21 11:07:53 DEBUG cache - TemplateLoader.findTemplateSource("spark/partials/navbar_en_IN.ftl"): Not found
2025-08-21 11:07:53 DEBUG cache - TemplateLoader.findTemplateSource("spark/partials/navbar_en.ftl"): Not found
2025-08-21 11:07:53 DEBUG cache - TemplateLoader.findTemplateSource("spark/partials/navbar.ftl"): Found
2025-08-21 11:07:53 DEBUG cache - Loading template for "spark/partials/navbar.ftl"("en_IN", UTF-8, parsed) from "jar:file:/C:/Users/Ritesh%20Kumar%20Singh/.m2/repository/com/aventstack/extentreports/5.0.9/extentreports-5.0.9.jar!/com/aventstack/extentreports/templates/spark/partials/navbar.ftl"
2025-08-21 11:07:53 DEBUG cache - Couldn't find template in cache for "spark/partials/sidenav.ftl"("en_IN", UTF-8, parsed); will try to load it.
2025-08-21 11:07:53 DEBUG cache - TemplateLoader.findTemplateSource("spark/partials/sidenav_en_IN.ftl"): Not found
2025-08-21 11:07:53 DEBUG cache - TemplateLoader.findTemplateSource("spark/partials/sidenav_en.ftl"): Not found
2025-08-21 11:07:53 DEBUG cache - TemplateLoader.findTemplateSource("spark/partials/sidenav.ftl"): Found
2025-08-21 11:07:53 DEBUG cache - Loading template for "spark/partials/sidenav.ftl"("en_IN", UTF-8, parsed) from "jar:file:/C:/Users/Ritesh%20Kumar%20Singh/.m2/repository/com/aventstack/extentreports/5.0.9/extentreports-5.0.9.jar!/com/aventstack/extentreports/templates/spark/partials/sidenav.ftl"
2025-08-21 11:07:53 DEBUG cache - Couldn't find template in cache for "spark/partials/test.ftl"("en_IN", UTF-8, parsed); will try to load it.
2025-08-21 11:07:53 DEBUG cache - TemplateLoader.findTemplateSource("spark/partials/test_en_IN.ftl"): Not found
2025-08-21 11:07:53 DEBUG cache - TemplateLoader.findTemplateSource("spark/partials/test_en.ftl"): Not found
2025-08-21 11:07:53 DEBUG cache - TemplateLoader.findTemplateSource("spark/partials/test.ftl"): Found
2025-08-21 11:07:53 DEBUG cache - Loading template for "spark/partials/test.ftl"("en_IN", UTF-8, parsed) from "jar:file:/C:/Users/Ritesh%20Kumar%20Singh/.m2/repository/com/aventstack/extentreports/5.0.9/extentreports-5.0.9.jar!/com/aventstack/extentreports/templates/spark/partials/test.ftl"
2025-08-21 11:07:53 DEBUG cache - Couldn't find template in cache for "spark/partials/standard-content.ftl"("en_IN", UTF-8, parsed); will try to load it.
2025-08-21 11:07:53 DEBUG cache - TemplateLoader.findTemplateSource("spark/partials/standard-content_en_IN.ftl"): Not found
2025-08-21 11:07:53 DEBUG cache - TemplateLoader.findTemplateSource("spark/partials/standard-content_en.ftl"): Not found
2025-08-21 11:07:53 DEBUG cache - TemplateLoader.findTemplateSource("spark/partials/standard-content.ftl"): Found
2025-08-21 11:07:53 DEBUG cache - Loading template for "spark/partials/standard-content.ftl"("en_IN", UTF-8, parsed) from "jar:file:/C:/Users/Ritesh%20Kumar%20Singh/.m2/repository/com/aventstack/extentreports/5.0.9/extentreports-5.0.9.jar!/com/aventstack/extentreports/templates/spark/partials/standard-content.ftl"
2025-08-21 11:07:53 DEBUG cache - Couldn't find template in cache for "spark/partials/exception.ftl"("en_IN", UTF-8, parsed); will try to load it.
2025-08-21 11:07:53 DEBUG cache - TemplateLoader.findTemplateSource("spark/partials/exception_en_IN.ftl"): Not found
2025-08-21 11:07:53 DEBUG cache - TemplateLoader.findTemplateSource("spark/partials/exception_en.ftl"): Not found
2025-08-21 11:07:53 DEBUG cache - TemplateLoader.findTemplateSource("spark/partials/exception.ftl"): Found
2025-08-21 11:07:53 DEBUG cache - Loading template for "spark/partials/exception.ftl"("en_IN", UTF-8, parsed) from "jar:file:/C:/Users/Ritesh%20Kumar%20Singh/.m2/repository/com/aventstack/extentreports/5.0.9/extentreports-5.0.9.jar!/com/aventstack/extentreports/templates/spark/partials/exception.ftl"
2025-08-21 11:07:53 DEBUG cache - Couldn't find template in cache for "spark/partials/category.ftl"("en_IN", UTF-8, parsed); will try to load it.
2025-08-21 11:07:53 DEBUG cache - TemplateLoader.findTemplateSource("spark/partials/category_en_IN.ftl"): Not found
2025-08-21 11:07:53 DEBUG cache - TemplateLoader.findTemplateSource("spark/partials/category_en.ftl"): Not found
2025-08-21 11:07:53 DEBUG cache - TemplateLoader.findTemplateSource("spark/partials/category.ftl"): Found
2025-08-21 11:07:53 DEBUG cache - Loading template for "spark/partials/category.ftl"("en_IN", UTF-8, parsed) from "jar:file:/C:/Users/Ritesh%20Kumar%20Singh/.m2/repository/com/aventstack/extentreports/5.0.9/extentreports-5.0.9.jar!/com/aventstack/extentreports/templates/spark/partials/category.ftl"
2025-08-21 11:07:53 DEBUG cache - Couldn't find template in cache for "spark/partials/device.ftl"("en_IN", UTF-8, parsed); will try to load it.
2025-08-21 11:07:53 DEBUG cache - TemplateLoader.findTemplateSource("spark/partials/device_en_IN.ftl"): Not found
2025-08-21 11:07:53 DEBUG cache - TemplateLoader.findTemplateSource("spark/partials/device_en.ftl"): Not found
2025-08-21 11:07:53 DEBUG cache - TemplateLoader.findTemplateSource("spark/partials/device.ftl"): Found
2025-08-21 11:07:53 DEBUG cache - Loading template for "spark/partials/device.ftl"("en_IN", UTF-8, parsed) from "jar:file:/C:/Users/Ritesh%20Kumar%20Singh/.m2/repository/com/aventstack/extentreports/5.0.9/extentreports-5.0.9.jar!/com/aventstack/extentreports/templates/spark/partials/device.ftl"
2025-08-21 11:07:53 DEBUG cache - Couldn't find template in cache for "spark/partials/author.ftl"("en_IN", UTF-8, parsed); will try to load it.
2025-08-21 11:07:53 DEBUG cache - TemplateLoader.findTemplateSource("spark/partials/author_en_IN.ftl"): Not found
2025-08-21 11:07:53 DEBUG cache - TemplateLoader.findTemplateSource("spark/partials/author_en.ftl"): Not found
2025-08-21 11:07:53 DEBUG cache - TemplateLoader.findTemplateSource("spark/partials/author.ftl"): Found
2025-08-21 11:07:53 DEBUG cache - Loading template for "spark/partials/author.ftl"("en_IN", UTF-8, parsed) from "jar:file:/C:/Users/Ritesh%20Kumar%20Singh/.m2/repository/com/aventstack/extentreports/5.0.9/extentreports-5.0.9.jar!/com/aventstack/extentreports/templates/spark/partials/author.ftl"
2025-08-21 11:07:53 DEBUG cache - Couldn't find template in cache for "spark/partials/log.ftl"("en_IN", UTF-8, parsed); will try to load it.
2025-08-21 11:07:53 DEBUG cache - TemplateLoader.findTemplateSource("spark/partials/log_en_IN.ftl"): Not found
2025-08-21 11:07:53 DEBUG cache - TemplateLoader.findTemplateSource("spark/partials/log_en.ftl"): Not found
2025-08-21 11:07:53 DEBUG cache - TemplateLoader.findTemplateSource("spark/partials/log.ftl"): Found
2025-08-21 11:07:53 DEBUG cache - Loading template for "spark/partials/log.ftl"("en_IN", UTF-8, parsed) from "jar:file:/C:/Users/Ritesh%20Kumar%20Singh/.m2/repository/com/aventstack/extentreports/5.0.9/extentreports-5.0.9.jar!/com/aventstack/extentreports/templates/spark/partials/log.ftl"
2025-08-21 11:07:53 DEBUG cache - Couldn't find template in cache for "spark/partials/dashboard.ftl"("en_IN", UTF-8, parsed); will try to load it.
2025-08-21 11:07:53 DEBUG cache - TemplateLoader.findTemplateSource("spark/partials/dashboard_en_IN.ftl"): Not found
2025-08-21 11:07:53 DEBUG cache - TemplateLoader.findTemplateSource("spark/partials/dashboard_en.ftl"): Not found
2025-08-21 11:07:53 DEBUG cache - TemplateLoader.findTemplateSource("spark/partials/dashboard.ftl"): Found
2025-08-21 11:07:53 DEBUG cache - Loading template for "spark/partials/dashboard.ftl"("en_IN", UTF-8, parsed) from "jar:file:/C:/Users/Ritesh%20Kumar%20Singh/.m2/repository/com/aventstack/extentreports/5.0.9/extentreports-5.0.9.jar!/com/aventstack/extentreports/templates/spark/partials/dashboard.ftl"
2025-08-21 11:07:53 DEBUG cache - Couldn't find template in cache for "spark/partials/scripts.ftl"("en_IN", UTF-8, parsed); will try to load it.
2025-08-21 11:07:53 DEBUG cache - TemplateLoader.findTemplateSource("spark/partials/scripts_en_IN.ftl"): Not found
2025-08-21 11:07:53 DEBUG cache - TemplateLoader.findTemplateSource("spark/partials/scripts_en.ftl"): Not found
2025-08-21 11:07:53 DEBUG cache - TemplateLoader.findTemplateSource("spark/partials/scripts.ftl"): Found
2025-08-21 11:07:53 DEBUG cache - Loading template for "spark/partials/scripts.ftl"("en_IN", UTF-8, parsed) from "jar:file:/C:/Users/Ritesh%20Kumar%20Singh/.m2/repository/com/aventstack/extentreports/5.0.9/extentreports-5.0.9.jar!/com/aventstack/extentreports/templates/spark/partials/scripts.ftl"
2025-08-21 11:07:53 DEBUG cache - Couldn't find template in cache for "commons/commons-inject-js.ftl"("en_IN", UTF-8, parsed); will try to load it.
2025-08-21 11:07:53 DEBUG cache - TemplateLoader.findTemplateSource("commons/commons-inject-js_en_IN.ftl"): Not found
2025-08-21 11:07:53 DEBUG cache - TemplateLoader.findTemplateSource("commons/commons-inject-js_en.ftl"): Not found
2025-08-21 11:07:53 DEBUG cache - TemplateLoader.findTemplateSource("commons/commons-inject-js.ftl"): Found
2025-08-21 11:07:53 DEBUG cache - Loading template for "commons/commons-inject-js.ftl"("en_IN", UTF-8, parsed) from "jar:file:/C:/Users/Ritesh%20Kumar%20Singh/.m2/repository/com/aventstack/extentreports/5.0.9/extentreports-5.0.9.jar!/com/aventstack/extentreports/templates/commons/commons-inject-js.ftl"
2025-08-21 11:09:02 INFO  BaseTest - Driver initialized
2025-08-21 11:09:04 INFO  Listeners - demoRegisterTestStarted
2025-08-21 11:09:37 INFO  Listeners - demoRegisterTestPassed
2025-08-21 11:09:38 INFO  Listeners - alertsDemoStarted
2025-08-21 11:09:40 ERROR Listeners - alertsDemoFailed
2025-08-21 11:09:42 INFO  Listeners - performBrowserActionStarted
2025-08-21 11:09:58 INFO  Listeners - performBrowserActionPassed
2025-08-21 11:10:01 INFO  BaseTest - Driver closed
2025-08-21 11:10:01 DEBUG cache - Couldn't find template in cache for "spark/spark.spa.ftl"("en_IN", UTF-8, parsed); will try to load it.
2025-08-21 11:10:02 DEBUG cache - TemplateLoader.findTemplateSource("spark/spark.spa_en_IN.ftl"): Not found
2025-08-21 11:10:02 DEBUG cache - TemplateLoader.findTemplateSource("spark/spark.spa_en.ftl"): Not found
2025-08-21 11:10:02 DEBUG cache - TemplateLoader.findTemplateSource("spark/spark.spa.ftl"): Found
2025-08-21 11:10:02 DEBUG cache - Loading template for "spark/spark.spa.ftl"("en_IN", UTF-8, parsed) from "jar:file:/C:/Users/Ritesh%20Kumar%20Singh/.m2/repository/com/aventstack/extentreports/5.0.9/extentreports-5.0.9.jar!/com/aventstack/extentreports/templates/spark/spark.spa.ftl"
2025-08-21 11:10:02 DEBUG cache - Couldn't find template in cache for "commons/commons-variables.ftl"("en_IN", UTF-8, parsed); will try to load it.
2025-08-21 11:10:02 DEBUG cache - TemplateLoader.findTemplateSource("commons/commons-variables_en_IN.ftl"): Not found
2025-08-21 11:10:02 DEBUG cache - TemplateLoader.findTemplateSource("commons/commons-variables_en.ftl"): Not found
2025-08-21 11:10:02 DEBUG cache - TemplateLoader.findTemplateSource("commons/commons-variables.ftl"): Found
2025-08-21 11:10:02 DEBUG cache - Loading template for "commons/commons-variables.ftl"("en_IN", UTF-8, parsed) from "jar:file:/C:/Users/Ritesh%20Kumar%20Singh/.m2/repository/com/aventstack/extentreports/5.0.9/extentreports-5.0.9.jar!/com/aventstack/extentreports/templates/commons/commons-variables.ftl"
2025-08-21 11:10:02 DEBUG cache - Couldn't find template in cache for "commons/commons-macros.ftl"("en_IN", UTF-8, parsed); will try to load it.
2025-08-21 11:10:02 DEBUG cache - TemplateLoader.findTemplateSource("commons/commons-macros_en_IN.ftl"): Not found
2025-08-21 11:10:02 DEBUG cache - TemplateLoader.findTemplateSource("commons/commons-macros_en.ftl"): Not found
2025-08-21 11:10:02 DEBUG cache - TemplateLoader.findTemplateSource("commons/commons-macros.ftl"): Found
2025-08-21 11:10:02 DEBUG cache - Loading template for "commons/commons-macros.ftl"("en_IN", UTF-8, parsed) from "jar:file:/C:/Users/Ritesh%20Kumar%20Singh/.m2/repository/com/aventstack/extentreports/5.0.9/extentreports-5.0.9.jar!/com/aventstack/extentreports/templates/commons/commons-macros.ftl"
2025-08-21 11:10:02 DEBUG cache - Couldn't find template in cache for "spark/macros/attributes.ftl"("en_IN", UTF-8, parsed); will try to load it.
2025-08-21 11:10:02 DEBUG cache - TemplateLoader.findTemplateSource("spark/macros/attributes_en_IN.ftl"): Not found
2025-08-21 11:10:02 DEBUG cache - TemplateLoader.findTemplateSource("spark/macros/attributes_en.ftl"): Not found
2025-08-21 11:10:02 DEBUG cache - TemplateLoader.findTemplateSource("spark/macros/attributes.ftl"): Found
2025-08-21 11:10:02 DEBUG cache - Loading template for "spark/macros/attributes.ftl"("en_IN", UTF-8, parsed) from "jar:file:/C:/Users/Ritesh%20Kumar%20Singh/.m2/repository/com/aventstack/extentreports/5.0.9/extentreports-5.0.9.jar!/com/aventstack/extentreports/templates/spark/macros/attributes.ftl"
2025-08-21 11:10:02 DEBUG cache - Couldn't find template in cache for "spark/macros/log.ftl"("en_IN", UTF-8, parsed); will try to load it.
2025-08-21 11:10:02 DEBUG cache - TemplateLoader.findTemplateSource("spark/macros/log_en_IN.ftl"): Not found
2025-08-21 11:10:02 DEBUG cache - TemplateLoader.findTemplateSource("spark/macros/log_en.ftl"): Not found
2025-08-21 11:10:02 DEBUG cache - TemplateLoader.findTemplateSource("spark/macros/log.ftl"): Found
2025-08-21 11:10:02 DEBUG cache - Loading template for "spark/macros/log.ftl"("en_IN", UTF-8, parsed) from "jar:file:/C:/Users/Ritesh%20Kumar%20Singh/.m2/repository/com/aventstack/extentreports/5.0.9/extentreports-5.0.9.jar!/com/aventstack/extentreports/templates/spark/macros/log.ftl"
2025-08-21 11:10:02 DEBUG cache - Couldn't find template in cache for "spark/macros/recurse_nodes.ftl"("en_IN", UTF-8, parsed); will try to load it.
2025-08-21 11:10:02 DEBUG cache - TemplateLoader.findTemplateSource("spark/macros/recurse_nodes_en_IN.ftl"): Not found
2025-08-21 11:10:02 DEBUG cache - TemplateLoader.findTemplateSource("spark/macros/recurse_nodes_en.ftl"): Not found
2025-08-21 11:10:02 DEBUG cache - TemplateLoader.findTemplateSource("spark/macros/recurse_nodes.ftl"): Found
2025-08-21 11:10:02 DEBUG cache - Loading template for "spark/macros/recurse_nodes.ftl"("en_IN", UTF-8, parsed) from "jar:file:/C:/Users/Ritesh%20Kumar%20Singh/.m2/repository/com/aventstack/extentreports/5.0.9/extentreports-5.0.9.jar!/com/aventstack/extentreports/templates/spark/macros/recurse_nodes.ftl"
2025-08-21 11:10:02 DEBUG cache - "spark/macros/log.ftl"("en_IN", UTF-8, parsed) cached copy not yet stale; using cached.
2025-08-21 11:10:02 DEBUG cache - Couldn't find template in cache for "spark/macros/attr-common.ftl"("en_IN", UTF-8, parsed); will try to load it.
2025-08-21 11:10:02 DEBUG cache - TemplateLoader.findTemplateSource("spark/macros/attr-common_en_IN.ftl"): Not found
2025-08-21 11:10:02 DEBUG cache - TemplateLoader.findTemplateSource("spark/macros/attr-common_en.ftl"): Not found
2025-08-21 11:10:02 DEBUG cache - TemplateLoader.findTemplateSource("spark/macros/attr-common.ftl"): Found
2025-08-21 11:10:02 DEBUG cache - Loading template for "spark/macros/attr-common.ftl"("en_IN", UTF-8, parsed) from "jar:file:/C:/Users/Ritesh%20Kumar%20Singh/.m2/repository/com/aventstack/extentreports/5.0.9/extentreports-5.0.9.jar!/com/aventstack/extentreports/templates/spark/macros/attr-common.ftl"
2025-08-21 11:10:02 DEBUG cache - Couldn't find template in cache for "spark/partials/head.ftl"("en_IN", UTF-8, parsed); will try to load it.
2025-08-21 11:10:02 DEBUG cache - TemplateLoader.findTemplateSource("spark/partials/head_en_IN.ftl"): Not found
2025-08-21 11:10:02 DEBUG cache - TemplateLoader.findTemplateSource("spark/partials/head_en.ftl"): Not found
2025-08-21 11:10:02 DEBUG cache - TemplateLoader.findTemplateSource("spark/partials/head.ftl"): Found
2025-08-21 11:10:02 DEBUG cache - Loading template for "spark/partials/head.ftl"("en_IN", UTF-8, parsed) from "jar:file:/C:/Users/Ritesh%20Kumar%20Singh/.m2/repository/com/aventstack/extentreports/5.0.9/extentreports-5.0.9.jar!/com/aventstack/extentreports/templates/spark/partials/head.ftl"
2025-08-21 11:10:02 DEBUG cache - Couldn't find template in cache for "commons/commons-inject-css.ftl"("en_IN", UTF-8, parsed); will try to load it.
2025-08-21 11:10:02 DEBUG cache - TemplateLoader.findTemplateSource("commons/commons-inject-css_en_IN.ftl"): Not found
2025-08-21 11:10:02 DEBUG cache - TemplateLoader.findTemplateSource("commons/commons-inject-css_en.ftl"): Not found
2025-08-21 11:10:02 DEBUG cache - TemplateLoader.findTemplateSource("commons/commons-inject-css.ftl"): Found
2025-08-21 11:10:02 DEBUG cache - Loading template for "commons/commons-inject-css.ftl"("en_IN", UTF-8, parsed) from "jar:file:/C:/Users/Ritesh%20Kumar%20Singh/.m2/repository/com/aventstack/extentreports/5.0.9/extentreports-5.0.9.jar!/com/aventstack/extentreports/templates/commons/commons-inject-css.ftl"
2025-08-21 11:10:02 DEBUG cache - Couldn't find template in cache for "spark/partials/navbar.ftl"("en_IN", UTF-8, parsed); will try to load it.
2025-08-21 11:10:02 DEBUG cache - TemplateLoader.findTemplateSource("spark/partials/navbar_en_IN.ftl"): Not found
2025-08-21 11:10:02 DEBUG cache - TemplateLoader.findTemplateSource("spark/partials/navbar_en.ftl"): Not found
2025-08-21 11:10:02 DEBUG cache - TemplateLoader.findTemplateSource("spark/partials/navbar.ftl"): Found
2025-08-21 11:10:02 DEBUG cache - Loading template for "spark/partials/navbar.ftl"("en_IN", UTF-8, parsed) from "jar:file:/C:/Users/Ritesh%20Kumar%20Singh/.m2/repository/com/aventstack/extentreports/5.0.9/extentreports-5.0.9.jar!/com/aventstack/extentreports/templates/spark/partials/navbar.ftl"
2025-08-21 11:10:02 DEBUG cache - Couldn't find template in cache for "spark/partials/sidenav.ftl"("en_IN", UTF-8, parsed); will try to load it.
2025-08-21 11:10:02 DEBUG cache - TemplateLoader.findTemplateSource("spark/partials/sidenav_en_IN.ftl"): Not found
2025-08-21 11:10:02 DEBUG cache - TemplateLoader.findTemplateSource("spark/partials/sidenav_en.ftl"): Not found
2025-08-21 11:10:02 DEBUG cache - TemplateLoader.findTemplateSource("spark/partials/sidenav.ftl"): Found
2025-08-21 11:10:02 DEBUG cache - Loading template for "spark/partials/sidenav.ftl"("en_IN", UTF-8, parsed) from "jar:file:/C:/Users/Ritesh%20Kumar%20Singh/.m2/repository/com/aventstack/extentreports/5.0.9/extentreports-5.0.9.jar!/com/aventstack/extentreports/templates/spark/partials/sidenav.ftl"
2025-08-21 11:10:02 DEBUG cache - Couldn't find template in cache for "spark/partials/test.ftl"("en_IN", UTF-8, parsed); will try to load it.
2025-08-21 11:10:02 DEBUG cache - TemplateLoader.findTemplateSource("spark/partials/test_en_IN.ftl"): Not found
2025-08-21 11:10:02 DEBUG cache - TemplateLoader.findTemplateSource("spark/partials/test_en.ftl"): Not found
2025-08-21 11:10:02 DEBUG cache - TemplateLoader.findTemplateSource("spark/partials/test.ftl"): Found
2025-08-21 11:10:02 DEBUG cache - Loading template for "spark/partials/test.ftl"("en_IN", UTF-8, parsed) from "jar:file:/C:/Users/Ritesh%20Kumar%20Singh/.m2/repository/com/aventstack/extentreports/5.0.9/extentreports-5.0.9.jar!/com/aventstack/extentreports/templates/spark/partials/test.ftl"
2025-08-21 11:10:02 DEBUG cache - Couldn't find template in cache for "spark/partials/standard-content.ftl"("en_IN", UTF-8, parsed); will try to load it.
2025-08-21 11:10:02 DEBUG cache - TemplateLoader.findTemplateSource("spark/partials/standard-content_en_IN.ftl"): Not found
2025-08-21 11:10:02 DEBUG cache - TemplateLoader.findTemplateSource("spark/partials/standard-content_en.ftl"): Not found
2025-08-21 11:10:02 DEBUG cache - TemplateLoader.findTemplateSource("spark/partials/standard-content.ftl"): Found
2025-08-21 11:10:02 DEBUG cache - Loading template for "spark/partials/standard-content.ftl"("en_IN", UTF-8, parsed) from "jar:file:/C:/Users/Ritesh%20Kumar%20Singh/.m2/repository/com/aventstack/extentreports/5.0.9/extentreports-5.0.9.jar!/com/aventstack/extentreports/templates/spark/partials/standard-content.ftl"
2025-08-21 11:10:02 DEBUG cache - "spark/partials/standard-content.ftl"("en_IN", UTF-8, parsed) cached copy not yet stale; using cached.
2025-08-21 11:10:02 DEBUG cache - "spark/partials/standard-content.ftl"("en_IN", UTF-8, parsed) cached copy not yet stale; using cached.
2025-08-21 11:10:02 DEBUG cache - Couldn't find template in cache for "spark/partials/exception.ftl"("en_IN", UTF-8, parsed); will try to load it.
2025-08-21 11:10:02 DEBUG cache - TemplateLoader.findTemplateSource("spark/partials/exception_en_IN.ftl"): Not found
2025-08-21 11:10:02 DEBUG cache - TemplateLoader.findTemplateSource("spark/partials/exception_en.ftl"): Not found
2025-08-21 11:10:02 DEBUG cache - TemplateLoader.findTemplateSource("spark/partials/exception.ftl"): Found
2025-08-21 11:10:02 DEBUG cache - Loading template for "spark/partials/exception.ftl"("en_IN", UTF-8, parsed) from "jar:file:/C:/Users/Ritesh%20Kumar%20Singh/.m2/repository/com/aventstack/extentreports/5.0.9/extentreports-5.0.9.jar!/com/aventstack/extentreports/templates/spark/partials/exception.ftl"
2025-08-21 11:10:02 DEBUG cache - Couldn't find template in cache for "spark/partials/category.ftl"("en_IN", UTF-8, parsed); will try to load it.
2025-08-21 11:10:02 DEBUG cache - TemplateLoader.findTemplateSource("spark/partials/category_en_IN.ftl"): Not found
2025-08-21 11:10:02 DEBUG cache - TemplateLoader.findTemplateSource("spark/partials/category_en.ftl"): Not found
2025-08-21 11:10:02 DEBUG cache - TemplateLoader.findTemplateSource("spark/partials/category.ftl"): Found
2025-08-21 11:10:02 DEBUG cache - Loading template for "spark/partials/category.ftl"("en_IN", UTF-8, parsed) from "jar:file:/C:/Users/Ritesh%20Kumar%20Singh/.m2/repository/com/aventstack/extentreports/5.0.9/extentreports-5.0.9.jar!/com/aventstack/extentreports/templates/spark/partials/category.ftl"
2025-08-21 11:10:02 DEBUG cache - Couldn't find template in cache for "spark/partials/device.ftl"("en_IN", UTF-8, parsed); will try to load it.
2025-08-21 11:10:02 DEBUG cache - TemplateLoader.findTemplateSource("spark/partials/device_en_IN.ftl"): Not found
2025-08-21 11:10:02 DEBUG cache - TemplateLoader.findTemplateSource("spark/partials/device_en.ftl"): Not found
2025-08-21 11:10:02 DEBUG cache - TemplateLoader.findTemplateSource("spark/partials/device.ftl"): Found
2025-08-21 11:10:02 DEBUG cache - Loading template for "spark/partials/device.ftl"("en_IN", UTF-8, parsed) from "jar:file:/C:/Users/Ritesh%20Kumar%20Singh/.m2/repository/com/aventstack/extentreports/5.0.9/extentreports-5.0.9.jar!/com/aventstack/extentreports/templates/spark/partials/device.ftl"
2025-08-21 11:10:02 DEBUG cache - Couldn't find template in cache for "spark/partials/author.ftl"("en_IN", UTF-8, parsed); will try to load it.
2025-08-21 11:10:02 DEBUG cache - TemplateLoader.findTemplateSource("spark/partials/author_en_IN.ftl"): Not found
2025-08-21 11:10:02 DEBUG cache - TemplateLoader.findTemplateSource("spark/partials/author_en.ftl"): Not found
2025-08-21 11:10:02 DEBUG cache - TemplateLoader.findTemplateSource("spark/partials/author.ftl"): Found
2025-08-21 11:10:02 DEBUG cache - Loading template for "spark/partials/author.ftl"("en_IN", UTF-8, parsed) from "jar:file:/C:/Users/Ritesh%20Kumar%20Singh/.m2/repository/com/aventstack/extentreports/5.0.9/extentreports-5.0.9.jar!/com/aventstack/extentreports/templates/spark/partials/author.ftl"
2025-08-21 11:10:02 DEBUG cache - Couldn't find template in cache for "spark/partials/log.ftl"("en_IN", UTF-8, parsed); will try to load it.
2025-08-21 11:10:02 DEBUG cache - TemplateLoader.findTemplateSource("spark/partials/log_en_IN.ftl"): Not found
2025-08-21 11:10:02 DEBUG cache - TemplateLoader.findTemplateSource("spark/partials/log_en.ftl"): Not found
2025-08-21 11:10:02 DEBUG cache - TemplateLoader.findTemplateSource("spark/partials/log.ftl"): Found
2025-08-21 11:10:02 DEBUG cache - Loading template for "spark/partials/log.ftl"("en_IN", UTF-8, parsed) from "jar:file:/C:/Users/Ritesh%20Kumar%20Singh/.m2/repository/com/aventstack/extentreports/5.0.9/extentreports-5.0.9.jar!/com/aventstack/extentreports/templates/spark/partials/log.ftl"
2025-08-21 11:10:02 DEBUG cache - Couldn't find template in cache for "spark/partials/dashboard.ftl"("en_IN", UTF-8, parsed); will try to load it.
2025-08-21 11:10:02 DEBUG cache - TemplateLoader.findTemplateSource("spark/partials/dashboard_en_IN.ftl"): Not found
2025-08-21 11:10:02 DEBUG cache - TemplateLoader.findTemplateSource("spark/partials/dashboard_en.ftl"): Not found
2025-08-21 11:10:02 DEBUG cache - TemplateLoader.findTemplateSource("spark/partials/dashboard.ftl"): Found
2025-08-21 11:10:02 DEBUG cache - Loading template for "spark/partials/dashboard.ftl"("en_IN", UTF-8, parsed) from "jar:file:/C:/Users/Ritesh%20Kumar%20Singh/.m2/repository/com/aventstack/extentreports/5.0.9/extentreports-5.0.9.jar!/com/aventstack/extentreports/templates/spark/partials/dashboard.ftl"
2025-08-21 11:10:02 DEBUG cache - Couldn't find template in cache for "spark/partials/scripts.ftl"("en_IN", UTF-8, parsed); will try to load it.
2025-08-21 11:10:02 DEBUG cache - TemplateLoader.findTemplateSource("spark/partials/scripts_en_IN.ftl"): Not found
2025-08-21 11:10:02 DEBUG cache - TemplateLoader.findTemplateSource("spark/partials/scripts_en.ftl"): Not found
2025-08-21 11:10:02 DEBUG cache - TemplateLoader.findTemplateSource("spark/partials/scripts.ftl"): Found
2025-08-21 11:10:02 DEBUG cache - Loading template for "spark/partials/scripts.ftl"("en_IN", UTF-8, parsed) from "jar:file:/C:/Users/Ritesh%20Kumar%20Singh/.m2/repository/com/aventstack/extentreports/5.0.9/extentreports-5.0.9.jar!/com/aventstack/extentreports/templates/spark/partials/scripts.ftl"
2025-08-21 11:10:02 DEBUG cache - Couldn't find template in cache for "commons/commons-inject-js.ftl"("en_IN", UTF-8, parsed); will try to load it.
2025-08-21 11:10:02 DEBUG cache - TemplateLoader.findTemplateSource("commons/commons-inject-js_en_IN.ftl"): Not found
2025-08-21 11:10:02 DEBUG cache - TemplateLoader.findTemplateSource("commons/commons-inject-js_en.ftl"): Not found
2025-08-21 11:10:02 DEBUG cache - TemplateLoader.findTemplateSource("commons/commons-inject-js.ftl"): Found
2025-08-21 11:10:02 DEBUG cache - Loading template for "commons/commons-inject-js.ftl"("en_IN", UTF-8, parsed) from "jar:file:/C:/Users/Ritesh%20Kumar%20Singh/.m2/repository/com/aventstack/extentreports/5.0.9/extentreports-5.0.9.jar!/com/aventstack/extentreports/templates/commons/commons-inject-js.ftl"
2025-08-22 16:24:08 DEBUG cache - Couldn't find template in cache for "spark/spark.spa.ftl"("en_IN", UTF-8, parsed); will try to load it.
2025-08-22 16:24:08 DEBUG cache - TemplateLoader.findTemplateSource("spark/spark.spa_en_IN.ftl"): Not found
2025-08-22 16:24:08 DEBUG cache - TemplateLoader.findTemplateSource("spark/spark.spa_en.ftl"): Not found
2025-08-22 16:24:08 DEBUG cache - TemplateLoader.findTemplateSource("spark/spark.spa.ftl"): Found
2025-08-22 16:24:08 DEBUG cache - Loading template for "spark/spark.spa.ftl"("en_IN", UTF-8, parsed) from "jar:file:/C:/Users/Ritesh%20Kumar%20Singh/.m2/repository/com/aventstack/extentreports/5.0.9/extentreports-5.0.9.jar!/com/aventstack/extentreports/templates/spark/spark.spa.ftl"
2025-08-22 16:24:08 DEBUG cache - Couldn't find template in cache for "commons/commons-variables.ftl"("en_IN", UTF-8, parsed); will try to load it.
2025-08-22 16:24:08 DEBUG cache - TemplateLoader.findTemplateSource("commons/commons-variables_en_IN.ftl"): Not found
2025-08-22 16:24:08 DEBUG cache - TemplateLoader.findTemplateSource("commons/commons-variables_en.ftl"): Not found
2025-08-22 16:24:08 DEBUG cache - TemplateLoader.findTemplateSource("commons/commons-variables.ftl"): Found
2025-08-22 16:24:08 DEBUG cache - Loading template for "commons/commons-variables.ftl"("en_IN", UTF-8, parsed) from "jar:file:/C:/Users/Ritesh%20Kumar%20Singh/.m2/repository/com/aventstack/extentreports/5.0.9/extentreports-5.0.9.jar!/com/aventstack/extentreports/templates/commons/commons-variables.ftl"
2025-08-22 16:24:09 DEBUG cache - Couldn't find template in cache for "commons/commons-macros.ftl"("en_IN", UTF-8, parsed); will try to load it.
2025-08-22 16:24:09 DEBUG cache - TemplateLoader.findTemplateSource("commons/commons-macros_en_IN.ftl"): Not found
2025-08-22 16:24:09 DEBUG cache - TemplateLoader.findTemplateSource("commons/commons-macros_en.ftl"): Not found
2025-08-22 16:24:09 DEBUG cache - TemplateLoader.findTemplateSource("commons/commons-macros.ftl"): Found
2025-08-22 16:24:09 DEBUG cache - Loading template for "commons/commons-macros.ftl"("en_IN", UTF-8, parsed) from "jar:file:/C:/Users/Ritesh%20Kumar%20Singh/.m2/repository/com/aventstack/extentreports/5.0.9/extentreports-5.0.9.jar!/com/aventstack/extentreports/templates/commons/commons-macros.ftl"
2025-08-22 16:24:09 DEBUG cache - Couldn't find template in cache for "spark/macros/attributes.ftl"("en_IN", UTF-8, parsed); will try to load it.
2025-08-22 16:24:09 DEBUG cache - TemplateLoader.findTemplateSource("spark/macros/attributes_en_IN.ftl"): Not found
2025-08-22 16:24:09 DEBUG cache - TemplateLoader.findTemplateSource("spark/macros/attributes_en.ftl"): Not found
2025-08-22 16:24:09 DEBUG cache - TemplateLoader.findTemplateSource("spark/macros/attributes.ftl"): Found
2025-08-22 16:24:09 DEBUG cache - Loading template for "spark/macros/attributes.ftl"("en_IN", UTF-8, parsed) from "jar:file:/C:/Users/Ritesh%20Kumar%20Singh/.m2/repository/com/aventstack/extentreports/5.0.9/extentreports-5.0.9.jar!/com/aventstack/extentreports/templates/spark/macros/attributes.ftl"
2025-08-22 16:24:09 DEBUG cache - Couldn't find template in cache for "spark/macros/log.ftl"("en_IN", UTF-8, parsed); will try to load it.
2025-08-22 16:24:09 DEBUG cache - TemplateLoader.findTemplateSource("spark/macros/log_en_IN.ftl"): Not found
2025-08-22 16:24:09 DEBUG cache - TemplateLoader.findTemplateSource("spark/macros/log_en.ftl"): Not found
2025-08-22 16:24:09 DEBUG cache - TemplateLoader.findTemplateSource("spark/macros/log.ftl"): Found
2025-08-22 16:24:09 DEBUG cache - Loading template for "spark/macros/log.ftl"("en_IN", UTF-8, parsed) from "jar:file:/C:/Users/Ritesh%20Kumar%20Singh/.m2/repository/com/aventstack/extentreports/5.0.9/extentreports-5.0.9.jar!/com/aventstack/extentreports/templates/spark/macros/log.ftl"
2025-08-22 16:24:09 DEBUG cache - Couldn't find template in cache for "spark/macros/recurse_nodes.ftl"("en_IN", UTF-8, parsed); will try to load it.
2025-08-22 16:24:09 DEBUG cache - TemplateLoader.findTemplateSource("spark/macros/recurse_nodes_en_IN.ftl"): Not found
2025-08-22 16:24:09 DEBUG cache - TemplateLoader.findTemplateSource("spark/macros/recurse_nodes_en.ftl"): Not found
2025-08-22 16:24:09 DEBUG cache - TemplateLoader.findTemplateSource("spark/macros/recurse_nodes.ftl"): Found
2025-08-22 16:24:09 DEBUG cache - Loading template for "spark/macros/recurse_nodes.ftl"("en_IN", UTF-8, parsed) from "jar:file:/C:/Users/Ritesh%20Kumar%20Singh/.m2/repository/com/aventstack/extentreports/5.0.9/extentreports-5.0.9.jar!/com/aventstack/extentreports/templates/spark/macros/recurse_nodes.ftl"
2025-08-22 16:24:09 DEBUG cache - "spark/macros/log.ftl"("en_IN", UTF-8, parsed) cached copy not yet stale; using cached.
2025-08-22 16:24:09 DEBUG cache - Couldn't find template in cache for "spark/macros/attr-common.ftl"("en_IN", UTF-8, parsed); will try to load it.
2025-08-22 16:24:09 DEBUG cache - TemplateLoader.findTemplateSource("spark/macros/attr-common_en_IN.ftl"): Not found
2025-08-22 16:24:09 DEBUG cache - TemplateLoader.findTemplateSource("spark/macros/attr-common_en.ftl"): Not found
2025-08-22 16:24:09 DEBUG cache - TemplateLoader.findTemplateSource("spark/macros/attr-common.ftl"): Found
2025-08-22 16:24:09 DEBUG cache - Loading template for "spark/macros/attr-common.ftl"("en_IN", UTF-8, parsed) from "jar:file:/C:/Users/Ritesh%20Kumar%20Singh/.m2/repository/com/aventstack/extentreports/5.0.9/extentreports-5.0.9.jar!/com/aventstack/extentreports/templates/spark/macros/attr-common.ftl"
2025-08-22 16:24:09 DEBUG cache - Couldn't find template in cache for "spark/partials/head.ftl"("en_IN", UTF-8, parsed); will try to load it.
2025-08-22 16:24:09 DEBUG cache - TemplateLoader.findTemplateSource("spark/partials/head_en_IN.ftl"): Not found
2025-08-22 16:24:09 DEBUG cache - TemplateLoader.findTemplateSource("spark/partials/head_en.ftl"): Not found
2025-08-22 16:24:09 DEBUG cache - TemplateLoader.findTemplateSource("spark/partials/head.ftl"): Found
2025-08-22 16:24:09 DEBUG cache - Loading template for "spark/partials/head.ftl"("en_IN", UTF-8, parsed) from "jar:file:/C:/Users/Ritesh%20Kumar%20Singh/.m2/repository/com/aventstack/extentreports/5.0.9/extentreports-5.0.9.jar!/com/aventstack/extentreports/templates/spark/partials/head.ftl"
2025-08-22 16:24:09 DEBUG cache - Couldn't find template in cache for "commons/commons-inject-css.ftl"("en_IN", UTF-8, parsed); will try to load it.
2025-08-22 16:24:09 DEBUG cache - TemplateLoader.findTemplateSource("commons/commons-inject-css_en_IN.ftl"): Not found
2025-08-22 16:24:09 DEBUG cache - TemplateLoader.findTemplateSource("commons/commons-inject-css_en.ftl"): Not found
2025-08-22 16:24:09 DEBUG cache - TemplateLoader.findTemplateSource("commons/commons-inject-css.ftl"): Found
2025-08-22 16:24:09 DEBUG cache - Loading template for "commons/commons-inject-css.ftl"("en_IN", UTF-8, parsed) from "jar:file:/C:/Users/Ritesh%20Kumar%20Singh/.m2/repository/com/aventstack/extentreports/5.0.9/extentreports-5.0.9.jar!/com/aventstack/extentreports/templates/commons/commons-inject-css.ftl"
2025-08-22 16:24:09 DEBUG cache - Couldn't find template in cache for "spark/partials/navbar.ftl"("en_IN", UTF-8, parsed); will try to load it.
2025-08-22 16:24:09 DEBUG cache - TemplateLoader.findTemplateSource("spark/partials/navbar_en_IN.ftl"): Not found
2025-08-22 16:24:09 DEBUG cache - TemplateLoader.findTemplateSource("spark/partials/navbar_en.ftl"): Not found
2025-08-22 16:24:09 DEBUG cache - TemplateLoader.findTemplateSource("spark/partials/navbar.ftl"): Found
2025-08-22 16:24:09 DEBUG cache - Loading template for "spark/partials/navbar.ftl"("en_IN", UTF-8, parsed) from "jar:file:/C:/Users/Ritesh%20Kumar%20Singh/.m2/repository/com/aventstack/extentreports/5.0.9/extentreports-5.0.9.jar!/com/aventstack/extentreports/templates/spark/partials/navbar.ftl"
2025-08-22 16:24:09 DEBUG cache - Couldn't find template in cache for "spark/partials/sidenav.ftl"("en_IN", UTF-8, parsed); will try to load it.
2025-08-22 16:24:09 DEBUG cache - TemplateLoader.findTemplateSource("spark/partials/sidenav_en_IN.ftl"): Not found
2025-08-22 16:24:09 DEBUG cache - TemplateLoader.findTemplateSource("spark/partials/sidenav_en.ftl"): Not found
2025-08-22 16:24:09 DEBUG cache - TemplateLoader.findTemplateSource("spark/partials/sidenav.ftl"): Found
2025-08-22 16:24:09 DEBUG cache - Loading template for "spark/partials/sidenav.ftl"("en_IN", UTF-8, parsed) from "jar:file:/C:/Users/Ritesh%20Kumar%20Singh/.m2/repository/com/aventstack/extentreports/5.0.9/extentreports-5.0.9.jar!/com/aventstack/extentreports/templates/spark/partials/sidenav.ftl"
2025-08-22 16:24:09 DEBUG cache - Couldn't find template in cache for "spark/partials/test.ftl"("en_IN", UTF-8, parsed); will try to load it.
2025-08-22 16:24:09 DEBUG cache - TemplateLoader.findTemplateSource("spark/partials/test_en_IN.ftl"): Not found
2025-08-22 16:24:09 DEBUG cache - TemplateLoader.findTemplateSource("spark/partials/test_en.ftl"): Not found
2025-08-22 16:24:09 DEBUG cache - TemplateLoader.findTemplateSource("spark/partials/test.ftl"): Found
2025-08-22 16:24:09 DEBUG cache - Loading template for "spark/partials/test.ftl"("en_IN", UTF-8, parsed) from "jar:file:/C:/Users/Ritesh%20Kumar%20Singh/.m2/repository/com/aventstack/extentreports/5.0.9/extentreports-5.0.9.jar!/com/aventstack/extentreports/templates/spark/partials/test.ftl"
2025-08-22 16:24:09 DEBUG cache - Couldn't find template in cache for "spark/partials/standard-content.ftl"("en_IN", UTF-8, parsed); will try to load it.
2025-08-22 16:24:09 DEBUG cache - TemplateLoader.findTemplateSource("spark/partials/standard-content_en_IN.ftl"): Not found
2025-08-22 16:24:09 DEBUG cache - TemplateLoader.findTemplateSource("spark/partials/standard-content_en.ftl"): Not found
2025-08-22 16:24:09 DEBUG cache - TemplateLoader.findTemplateSource("spark/partials/standard-content.ftl"): Found
2025-08-22 16:24:09 DEBUG cache - Loading template for "spark/partials/standard-content.ftl"("en_IN", UTF-8, parsed) from "jar:file:/C:/Users/Ritesh%20Kumar%20Singh/.m2/repository/com/aventstack/extentreports/5.0.9/extentreports-5.0.9.jar!/com/aventstack/extentreports/templates/spark/partials/standard-content.ftl"
2025-08-22 16:24:09 DEBUG cache - Couldn't find template in cache for "spark/partials/exception.ftl"("en_IN", UTF-8, parsed); will try to load it.
2025-08-22 16:24:09 DEBUG cache - TemplateLoader.findTemplateSource("spark/partials/exception_en_IN.ftl"): Not found
2025-08-22 16:24:09 DEBUG cache - TemplateLoader.findTemplateSource("spark/partials/exception_en.ftl"): Not found
2025-08-22 16:24:09 DEBUG cache - TemplateLoader.findTemplateSource("spark/partials/exception.ftl"): Found
2025-08-22 16:24:09 DEBUG cache - Loading template for "spark/partials/exception.ftl"("en_IN", UTF-8, parsed) from "jar:file:/C:/Users/Ritesh%20Kumar%20Singh/.m2/repository/com/aventstack/extentreports/5.0.9/extentreports-5.0.9.jar!/com/aventstack/extentreports/templates/spark/partials/exception.ftl"
2025-08-22 16:24:09 DEBUG cache - Couldn't find template in cache for "spark/partials/category.ftl"("en_IN", UTF-8, parsed); will try to load it.
2025-08-22 16:24:09 DEBUG cache - TemplateLoader.findTemplateSource("spark/partials/category_en_IN.ftl"): Not found
2025-08-22 16:24:09 DEBUG cache - TemplateLoader.findTemplateSource("spark/partials/category_en.ftl"): Not found
2025-08-22 16:24:09 DEBUG cache - TemplateLoader.findTemplateSource("spark/partials/category.ftl"): Found
2025-08-22 16:24:09 DEBUG cache - Loading template for "spark/partials/category.ftl"("en_IN", UTF-8, parsed) from "jar:file:/C:/Users/Ritesh%20Kumar%20Singh/.m2/repository/com/aventstack/extentreports/5.0.9/extentreports-5.0.9.jar!/com/aventstack/extentreports/templates/spark/partials/category.ftl"
2025-08-22 16:24:09 DEBUG cache - Couldn't find template in cache for "spark/partials/device.ftl"("en_IN", UTF-8, parsed); will try to load it.
2025-08-22 16:24:09 DEBUG cache - TemplateLoader.findTemplateSource("spark/partials/device_en_IN.ftl"): Not found
2025-08-22 16:24:09 DEBUG cache - TemplateLoader.findTemplateSource("spark/partials/device_en.ftl"): Not found
2025-08-22 16:24:09 DEBUG cache - TemplateLoader.findTemplateSource("spark/partials/device.ftl"): Found
2025-08-22 16:24:09 DEBUG cache - Loading template for "spark/partials/device.ftl"("en_IN", UTF-8, parsed) from "jar:file:/C:/Users/Ritesh%20Kumar%20Singh/.m2/repository/com/aventstack/extentreports/5.0.9/extentreports-5.0.9.jar!/com/aventstack/extentreports/templates/spark/partials/device.ftl"
2025-08-22 16:24:09 DEBUG cache - Couldn't find template in cache for "spark/partials/author.ftl"("en_IN", UTF-8, parsed); will try to load it.
2025-08-22 16:24:09 DEBUG cache - TemplateLoader.findTemplateSource("spark/partials/author_en_IN.ftl"): Not found
2025-08-22 16:24:09 DEBUG cache - TemplateLoader.findTemplateSource("spark/partials/author_en.ftl"): Not found
2025-08-22 16:24:09 DEBUG cache - TemplateLoader.findTemplateSource("spark/partials/author.ftl"): Found
2025-08-22 16:24:09 DEBUG cache - Loading template for "spark/partials/author.ftl"("en_IN", UTF-8, parsed) from "jar:file:/C:/Users/Ritesh%20Kumar%20Singh/.m2/repository/com/aventstack/extentreports/5.0.9/extentreports-5.0.9.jar!/com/aventstack/extentreports/templates/spark/partials/author.ftl"
2025-08-22 16:24:09 DEBUG cache - Couldn't find template in cache for "spark/partials/log.ftl"("en_IN", UTF-8, parsed); will try to load it.
2025-08-22 16:24:09 DEBUG cache - TemplateLoader.findTemplateSource("spark/partials/log_en_IN.ftl"): Not found
2025-08-22 16:24:09 DEBUG cache - TemplateLoader.findTemplateSource("spark/partials/log_en.ftl"): Not found
2025-08-22 16:24:09 DEBUG cache - TemplateLoader.findTemplateSource("spark/partials/log.ftl"): Found
2025-08-22 16:24:09 DEBUG cache - Loading template for "spark/partials/log.ftl"("en_IN", UTF-8, parsed) from "jar:file:/C:/Users/Ritesh%20Kumar%20Singh/.m2/repository/com/aventstack/extentreports/5.0.9/extentreports-5.0.9.jar!/com/aventstack/extentreports/templates/spark/partials/log.ftl"
2025-08-22 16:24:09 DEBUG cache - Couldn't find template in cache for "spark/partials/dashboard.ftl"("en_IN", UTF-8, parsed); will try to load it.
2025-08-22 16:24:09 DEBUG cache - TemplateLoader.findTemplateSource("spark/partials/dashboard_en_IN.ftl"): Not found
2025-08-22 16:24:09 DEBUG cache - TemplateLoader.findTemplateSource("spark/partials/dashboard_en.ftl"): Not found
2025-08-22 16:24:09 DEBUG cache - TemplateLoader.findTemplateSource("spark/partials/dashboard.ftl"): Found
2025-08-22 16:24:09 DEBUG cache - Loading template for "spark/partials/dashboard.ftl"("en_IN", UTF-8, parsed) from "jar:file:/C:/Users/Ritesh%20Kumar%20Singh/.m2/repository/com/aventstack/extentreports/5.0.9/extentreports-5.0.9.jar!/com/aventstack/extentreports/templates/spark/partials/dashboard.ftl"
2025-08-22 16:24:09 DEBUG cache - Couldn't find template in cache for "spark/partials/scripts.ftl"("en_IN", UTF-8, parsed); will try to load it.
2025-08-22 16:24:09 DEBUG cache - TemplateLoader.findTemplateSource("spark/partials/scripts_en_IN.ftl"): Not found
2025-08-22 16:24:09 DEBUG cache - TemplateLoader.findTemplateSource("spark/partials/scripts_en.ftl"): Not found
2025-08-22 16:24:09 DEBUG cache - TemplateLoader.findTemplateSource("spark/partials/scripts.ftl"): Found
2025-08-22 16:24:09 DEBUG cache - Loading template for "spark/partials/scripts.ftl"("en_IN", UTF-8, parsed) from "jar:file:/C:/Users/Ritesh%20Kumar%20Singh/.m2/repository/com/aventstack/extentreports/5.0.9/extentreports-5.0.9.jar!/com/aventstack/extentreports/templates/spark/partials/scripts.ftl"
2025-08-22 16:24:09 DEBUG cache - Couldn't find template in cache for "commons/commons-inject-js.ftl"("en_IN", UTF-8, parsed); will try to load it.
2025-08-22 16:24:09 DEBUG cache - TemplateLoader.findTemplateSource("commons/commons-inject-js_en_IN.ftl"): Not found
2025-08-22 16:24:09 DEBUG cache - TemplateLoader.findTemplateSource("commons/commons-inject-js_en.ftl"): Not found
2025-08-22 16:24:09 DEBUG cache - TemplateLoader.findTemplateSource("commons/commons-inject-js.ftl"): Found
2025-08-22 16:24:09 DEBUG cache - Loading template for "commons/commons-inject-js.ftl"("en_IN", UTF-8, parsed) from "jar:file:/C:/Users/Ritesh%20Kumar%20Singh/.m2/repository/com/aventstack/extentreports/5.0.9/extentreports-5.0.9.jar!/com/aventstack/extentreports/templates/commons/commons-inject-js.ftl"
2025-09-01 17:06:28 DEBUG cache - Couldn't find template in cache for "spark/spark.spa.ftl"("en_IN", UTF-8, parsed); will try to load it.
2025-09-01 17:06:28 DEBUG cache - TemplateLoader.findTemplateSource("spark/spark.spa_en_IN.ftl"): Not found
2025-09-01 17:06:28 DEBUG cache - TemplateLoader.findTemplateSource("spark/spark.spa_en.ftl"): Not found
2025-09-01 17:06:28 DEBUG cache - TemplateLoader.findTemplateSource("spark/spark.spa.ftl"): Found
2025-09-01 17:06:28 DEBUG cache - Loading template for "spark/spark.spa.ftl"("en_IN", UTF-8, parsed) from "jar:file:/C:/Users/Ritesh%20Kumar%20Singh/.m2/repository/com/aventstack/extentreports/5.0.9/extentreports-5.0.9.jar!/com/aventstack/extentreports/templates/spark/spark.spa.ftl"
2025-09-01 17:06:28 DEBUG cache - Couldn't find template in cache for "commons/commons-variables.ftl"("en_IN", UTF-8, parsed); will try to load it.
2025-09-01 17:06:28 DEBUG cache - TemplateLoader.findTemplateSource("commons/commons-variables_en_IN.ftl"): Not found
2025-09-01 17:06:28 DEBUG cache - TemplateLoader.findTemplateSource("commons/commons-variables_en.ftl"): Not found
2025-09-01 17:06:28 DEBUG cache - TemplateLoader.findTemplateSource("commons/commons-variables.ftl"): Found
2025-09-01 17:06:28 DEBUG cache - Loading template for "commons/commons-variables.ftl"("en_IN", UTF-8, parsed) from "jar:file:/C:/Users/Ritesh%20Kumar%20Singh/.m2/repository/com/aventstack/extentreports/5.0.9/extentreports-5.0.9.jar!/com/aventstack/extentreports/templates/commons/commons-variables.ftl"
2025-09-01 17:06:28 DEBUG cache - Couldn't find template in cache for "commons/commons-macros.ftl"("en_IN", UTF-8, parsed); will try to load it.
2025-09-01 17:06:28 DEBUG cache - TemplateLoader.findTemplateSource("commons/commons-macros_en_IN.ftl"): Not found
2025-09-01 17:06:28 DEBUG cache - TemplateLoader.findTemplateSource("commons/commons-macros_en.ftl"): Not found
2025-09-01 17:06:28 DEBUG cache - TemplateLoader.findTemplateSource("commons/commons-macros.ftl"): Found
2025-09-01 17:06:28 DEBUG cache - Loading template for "commons/commons-macros.ftl"("en_IN", UTF-8, parsed) from "jar:file:/C:/Users/Ritesh%20Kumar%20Singh/.m2/repository/com/aventstack/extentreports/5.0.9/extentreports-5.0.9.jar!/com/aventstack/extentreports/templates/commons/commons-macros.ftl"
2025-09-01 17:06:28 DEBUG cache - Couldn't find template in cache for "spark/macros/attributes.ftl"("en_IN", UTF-8, parsed); will try to load it.
2025-09-01 17:06:28 DEBUG cache - TemplateLoader.findTemplateSource("spark/macros/attributes_en_IN.ftl"): Not found
2025-09-01 17:06:28 DEBUG cache - TemplateLoader.findTemplateSource("spark/macros/attributes_en.ftl"): Not found
2025-09-01 17:06:28 DEBUG cache - TemplateLoader.findTemplateSource("spark/macros/attributes.ftl"): Found
2025-09-01 17:06:28 DEBUG cache - Loading template for "spark/macros/attributes.ftl"("en_IN", UTF-8, parsed) from "jar:file:/C:/Users/Ritesh%20Kumar%20Singh/.m2/repository/com/aventstack/extentreports/5.0.9/extentreports-5.0.9.jar!/com/aventstack/extentreports/templates/spark/macros/attributes.ftl"
2025-09-01 17:06:28 DEBUG cache - Couldn't find template in cache for "spark/macros/log.ftl"("en_IN", UTF-8, parsed); will try to load it.
2025-09-01 17:06:28 DEBUG cache - TemplateLoader.findTemplateSource("spark/macros/log_en_IN.ftl"): Not found
2025-09-01 17:06:28 DEBUG cache - TemplateLoader.findTemplateSource("spark/macros/log_en.ftl"): Not found
2025-09-01 17:06:28 DEBUG cache - TemplateLoader.findTemplateSource("spark/macros/log.ftl"): Found
2025-09-01 17:06:28 DEBUG cache - Loading template for "spark/macros/log.ftl"("en_IN", UTF-8, parsed) from "jar:file:/C:/Users/Ritesh%20Kumar%20Singh/.m2/repository/com/aventstack/extentreports/5.0.9/extentreports-5.0.9.jar!/com/aventstack/extentreports/templates/spark/macros/log.ftl"
2025-09-01 17:06:28 DEBUG cache - Couldn't find template in cache for "spark/macros/recurse_nodes.ftl"("en_IN", UTF-8, parsed); will try to load it.
2025-09-01 17:06:28 DEBUG cache - TemplateLoader.findTemplateSource("spark/macros/recurse_nodes_en_IN.ftl"): Not found
2025-09-01 17:06:28 DEBUG cache - TemplateLoader.findTemplateSource("spark/macros/recurse_nodes_en.ftl"): Not found
2025-09-01 17:06:28 DEBUG cache - TemplateLoader.findTemplateSource("spark/macros/recurse_nodes.ftl"): Found
2025-09-01 17:06:28 DEBUG cache - Loading template for "spark/macros/recurse_nodes.ftl"("en_IN", UTF-8, parsed) from "jar:file:/C:/Users/Ritesh%20Kumar%20Singh/.m2/repository/com/aventstack/extentreports/5.0.9/extentreports-5.0.9.jar!/com/aventstack/extentreports/templates/spark/macros/recurse_nodes.ftl"
2025-09-01 17:06:28 DEBUG cache - "spark/macros/log.ftl"("en_IN", UTF-8, parsed) cached copy not yet stale; using cached.
2025-09-01 17:06:28 DEBUG cache - Couldn't find template in cache for "spark/macros/attr-common.ftl"("en_IN", UTF-8, parsed); will try to load it.
2025-09-01 17:06:28 DEBUG cache - TemplateLoader.findTemplateSource("spark/macros/attr-common_en_IN.ftl"): Not found
2025-09-01 17:06:28 DEBUG cache - TemplateLoader.findTemplateSource("spark/macros/attr-common_en.ftl"): Not found
2025-09-01 17:06:28 DEBUG cache - TemplateLoader.findTemplateSource("spark/macros/attr-common.ftl"): Found
2025-09-01 17:06:28 DEBUG cache - Loading template for "spark/macros/attr-common.ftl"("en_IN", UTF-8, parsed) from "jar:file:/C:/Users/Ritesh%20Kumar%20Singh/.m2/repository/com/aventstack/extentreports/5.0.9/extentreports-5.0.9.jar!/com/aventstack/extentreports/templates/spark/macros/attr-common.ftl"
2025-09-01 17:06:28 DEBUG cache - Couldn't find template in cache for "spark/partials/head.ftl"("en_IN", UTF-8, parsed); will try to load it.
2025-09-01 17:06:28 DEBUG cache - TemplateLoader.findTemplateSource("spark/partials/head_en_IN.ftl"): Not found
2025-09-01 17:06:28 DEBUG cache - TemplateLoader.findTemplateSource("spark/partials/head_en.ftl"): Not found
2025-09-01 17:06:28 DEBUG cache - TemplateLoader.findTemplateSource("spark/partials/head.ftl"): Found
2025-09-01 17:06:28 DEBUG cache - Loading template for "spark/partials/head.ftl"("en_IN", UTF-8, parsed) from "jar:file:/C:/Users/Ritesh%20Kumar%20Singh/.m2/repository/com/aventstack/extentreports/5.0.9/extentreports-5.0.9.jar!/com/aventstack/extentreports/templates/spark/partials/head.ftl"
2025-09-01 17:06:28 DEBUG cache - Couldn't find template in cache for "commons/commons-inject-css.ftl"("en_IN", UTF-8, parsed); will try to load it.
2025-09-01 17:06:28 DEBUG cache - TemplateLoader.findTemplateSource("commons/commons-inject-css_en_IN.ftl"): Not found
2025-09-01 17:06:28 DEBUG cache - TemplateLoader.findTemplateSource("commons/commons-inject-css_en.ftl"): Not found
2025-09-01 17:06:28 DEBUG cache - TemplateLoader.findTemplateSource("commons/commons-inject-css.ftl"): Found
2025-09-01 17:06:28 DEBUG cache - Loading template for "commons/commons-inject-css.ftl"("en_IN", UTF-8, parsed) from "jar:file:/C:/Users/Ritesh%20Kumar%20Singh/.m2/repository/com/aventstack/extentreports/5.0.9/extentreports-5.0.9.jar!/com/aventstack/extentreports/templates/commons/commons-inject-css.ftl"
2025-09-01 17:06:28 DEBUG cache - Couldn't find template in cache for "spark/partials/navbar.ftl"("en_IN", UTF-8, parsed); will try to load it.
2025-09-01 17:06:28 DEBUG cache - TemplateLoader.findTemplateSource("spark/partials/navbar_en_IN.ftl"): Not found
2025-09-01 17:06:28 DEBUG cache - TemplateLoader.findTemplateSource("spark/partials/navbar_en.ftl"): Not found
2025-09-01 17:06:28 DEBUG cache - TemplateLoader.findTemplateSource("spark/partials/navbar.ftl"): Found
2025-09-01 17:06:28 DEBUG cache - Loading template for "spark/partials/navbar.ftl"("en_IN", UTF-8, parsed) from "jar:file:/C:/Users/Ritesh%20Kumar%20Singh/.m2/repository/com/aventstack/extentreports/5.0.9/extentreports-5.0.9.jar!/com/aventstack/extentreports/templates/spark/partials/navbar.ftl"
2025-09-01 17:06:28 DEBUG cache - Couldn't find template in cache for "spark/partials/sidenav.ftl"("en_IN", UTF-8, parsed); will try to load it.
2025-09-01 17:06:28 DEBUG cache - TemplateLoader.findTemplateSource("spark/partials/sidenav_en_IN.ftl"): Not found
2025-09-01 17:06:28 DEBUG cache - TemplateLoader.findTemplateSource("spark/partials/sidenav_en.ftl"): Not found
2025-09-01 17:06:28 DEBUG cache - TemplateLoader.findTemplateSource("spark/partials/sidenav.ftl"): Found
2025-09-01 17:06:28 DEBUG cache - Loading template for "spark/partials/sidenav.ftl"("en_IN", UTF-8, parsed) from "jar:file:/C:/Users/Ritesh%20Kumar%20Singh/.m2/repository/com/aventstack/extentreports/5.0.9/extentreports-5.0.9.jar!/com/aventstack/extentreports/templates/spark/partials/sidenav.ftl"
2025-09-01 17:06:28 DEBUG cache - Couldn't find template in cache for "spark/partials/test.ftl"("en_IN", UTF-8, parsed); will try to load it.
2025-09-01 17:06:28 DEBUG cache - TemplateLoader.findTemplateSource("spark/partials/test_en_IN.ftl"): Not found
2025-09-01 17:06:28 DEBUG cache - TemplateLoader.findTemplateSource("spark/partials/test_en.ftl"): Not found
2025-09-01 17:06:28 DEBUG cache - TemplateLoader.findTemplateSource("spark/partials/test.ftl"): Found
2025-09-01 17:06:28 DEBUG cache - Loading template for "spark/partials/test.ftl"("en_IN", UTF-8, parsed) from "jar:file:/C:/Users/Ritesh%20Kumar%20Singh/.m2/repository/com/aventstack/extentreports/5.0.9/extentreports-5.0.9.jar!/com/aventstack/extentreports/templates/spark/partials/test.ftl"
2025-09-01 17:06:28 DEBUG cache - Couldn't find template in cache for "spark/partials/standard-content.ftl"("en_IN", UTF-8, parsed); will try to load it.
2025-09-01 17:06:28 DEBUG cache - TemplateLoader.findTemplateSource("spark/partials/standard-content_en_IN.ftl"): Not found
2025-09-01 17:06:28 DEBUG cache - TemplateLoader.findTemplateSource("spark/partials/standard-content_en.ftl"): Not found
2025-09-01 17:06:28 DEBUG cache - TemplateLoader.findTemplateSource("spark/partials/standard-content.ftl"): Found
2025-09-01 17:06:28 DEBUG cache - Loading template for "spark/partials/standard-content.ftl"("en_IN", UTF-8, parsed) from "jar:file:/C:/Users/Ritesh%20Kumar%20Singh/.m2/repository/com/aventstack/extentreports/5.0.9/extentreports-5.0.9.jar!/com/aventstack/extentreports/templates/spark/partials/standard-content.ftl"
2025-09-01 17:06:28 DEBUG cache - Couldn't find template in cache for "spark/partials/exception.ftl"("en_IN", UTF-8, parsed); will try to load it.
2025-09-01 17:06:28 DEBUG cache - TemplateLoader.findTemplateSource("spark/partials/exception_en_IN.ftl"): Not found
2025-09-01 17:06:28 DEBUG cache - TemplateLoader.findTemplateSource("spark/partials/exception_en.ftl"): Not found
2025-09-01 17:06:28 DEBUG cache - TemplateLoader.findTemplateSource("spark/partials/exception.ftl"): Found
2025-09-01 17:06:28 DEBUG cache - Loading template for "spark/partials/exception.ftl"("en_IN", UTF-8, parsed) from "jar:file:/C:/Users/Ritesh%20Kumar%20Singh/.m2/repository/com/aventstack/extentreports/5.0.9/extentreports-5.0.9.jar!/com/aventstack/extentreports/templates/spark/partials/exception.ftl"
2025-09-01 17:06:28 DEBUG cache - Couldn't find template in cache for "spark/partials/category.ftl"("en_IN", UTF-8, parsed); will try to load it.
2025-09-01 17:06:28 DEBUG cache - TemplateLoader.findTemplateSource("spark/partials/category_en_IN.ftl"): Not found
2025-09-01 17:06:28 DEBUG cache - TemplateLoader.findTemplateSource("spark/partials/category_en.ftl"): Not found
2025-09-01 17:06:28 DEBUG cache - TemplateLoader.findTemplateSource("spark/partials/category.ftl"): Found
2025-09-01 17:06:28 DEBUG cache - Loading template for "spark/partials/category.ftl"("en_IN", UTF-8, parsed) from "jar:file:/C:/Users/Ritesh%20Kumar%20Singh/.m2/repository/com/aventstack/extentreports/5.0.9/extentreports-5.0.9.jar!/com/aventstack/extentreports/templates/spark/partials/category.ftl"
2025-09-01 17:06:28 DEBUG cache - Couldn't find template in cache for "spark/partials/device.ftl"("en_IN", UTF-8, parsed); will try to load it.
2025-09-01 17:06:28 DEBUG cache - TemplateLoader.findTemplateSource("spark/partials/device_en_IN.ftl"): Not found
2025-09-01 17:06:28 DEBUG cache - TemplateLoader.findTemplateSource("spark/partials/device_en.ftl"): Not found
2025-09-01 17:06:28 DEBUG cache - TemplateLoader.findTemplateSource("spark/partials/device.ftl"): Found
2025-09-01 17:06:28 DEBUG cache - Loading template for "spark/partials/device.ftl"("en_IN", UTF-8, parsed) from "jar:file:/C:/Users/Ritesh%20Kumar%20Singh/.m2/repository/com/aventstack/extentreports/5.0.9/extentreports-5.0.9.jar!/com/aventstack/extentreports/templates/spark/partials/device.ftl"
2025-09-01 17:06:28 DEBUG cache - Couldn't find template in cache for "spark/partials/author.ftl"("en_IN", UTF-8, parsed); will try to load it.
2025-09-01 17:06:28 DEBUG cache - TemplateLoader.findTemplateSource("spark/partials/author_en_IN.ftl"): Not found
2025-09-01 17:06:28 DEBUG cache - TemplateLoader.findTemplateSource("spark/partials/author_en.ftl"): Not found
2025-09-01 17:06:28 DEBUG cache - TemplateLoader.findTemplateSource("spark/partials/author.ftl"): Found
2025-09-01 17:06:28 DEBUG cache - Loading template for "spark/partials/author.ftl"("en_IN", UTF-8, parsed) from "jar:file:/C:/Users/Ritesh%20Kumar%20Singh/.m2/repository/com/aventstack/extentreports/5.0.9/extentreports-5.0.9.jar!/com/aventstack/extentreports/templates/spark/partials/author.ftl"
2025-09-01 17:06:28 DEBUG cache - Couldn't find template in cache for "spark/partials/log.ftl"("en_IN", UTF-8, parsed); will try to load it.
2025-09-01 17:06:28 DEBUG cache - TemplateLoader.findTemplateSource("spark/partials/log_en_IN.ftl"): Not found
2025-09-01 17:06:28 DEBUG cache - TemplateLoader.findTemplateSource("spark/partials/log_en.ftl"): Not found
2025-09-01 17:06:28 DEBUG cache - TemplateLoader.findTemplateSource("spark/partials/log.ftl"): Found
2025-09-01 17:06:28 DEBUG cache - Loading template for "spark/partials/log.ftl"("en_IN", UTF-8, parsed) from "jar:file:/C:/Users/Ritesh%20Kumar%20Singh/.m2/repository/com/aventstack/extentreports/5.0.9/extentreports-5.0.9.jar!/com/aventstack/extentreports/templates/spark/partials/log.ftl"
2025-09-01 17:06:28 DEBUG cache - Couldn't find template in cache for "spark/partials/dashboard.ftl"("en_IN", UTF-8, parsed); will try to load it.
2025-09-01 17:06:28 DEBUG cache - TemplateLoader.findTemplateSource("spark/partials/dashboard_en_IN.ftl"): Not found
2025-09-01 17:06:28 DEBUG cache - TemplateLoader.findTemplateSource("spark/partials/dashboard_en.ftl"): Not found
2025-09-01 17:06:28 DEBUG cache - TemplateLoader.findTemplateSource("spark/partials/dashboard.ftl"): Found
2025-09-01 17:06:28 DEBUG cache - Loading template for "spark/partials/dashboard.ftl"("en_IN", UTF-8, parsed) from "jar:file:/C:/Users/Ritesh%20Kumar%20Singh/.m2/repository/com/aventstack/extentreports/5.0.9/extentreports-5.0.9.jar!/com/aventstack/extentreports/templates/spark/partials/dashboard.ftl"
2025-09-01 17:06:28 DEBUG cache - Couldn't find template in cache for "spark/partials/scripts.ftl"("en_IN", UTF-8, parsed); will try to load it.
2025-09-01 17:06:28 DEBUG cache - TemplateLoader.findTemplateSource("spark/partials/scripts_en_IN.ftl"): Not found
2025-09-01 17:06:28 DEBUG cache - TemplateLoader.findTemplateSource("spark/partials/scripts_en.ftl"): Not found
2025-09-01 17:06:28 DEBUG cache - TemplateLoader.findTemplateSource("spark/partials/scripts.ftl"): Found
2025-09-01 17:06:28 DEBUG cache - Loading template for "spark/partials/scripts.ftl"("en_IN", UTF-8, parsed) from "jar:file:/C:/Users/Ritesh%20Kumar%20Singh/.m2/repository/com/aventstack/extentreports/5.0.9/extentreports-5.0.9.jar!/com/aventstack/extentreports/templates/spark/partials/scripts.ftl"
2025-09-01 17:06:28 DEBUG cache - Couldn't find template in cache for "commons/commons-inject-js.ftl"("en_IN", UTF-8, parsed); will try to load it.
2025-09-01 17:06:28 DEBUG cache - TemplateLoader.findTemplateSource("commons/commons-inject-js_en_IN.ftl"): Not found
2025-09-01 17:06:28 DEBUG cache - TemplateLoader.findTemplateSource("commons/commons-inject-js_en.ftl"): Not found
2025-09-01 17:06:28 DEBUG cache - TemplateLoader.findTemplateSource("commons/commons-inject-js.ftl"): Found
2025-09-01 17:06:28 DEBUG cache - Loading template for "commons/commons-inject-js.ftl"("en_IN", UTF-8, parsed) from "jar:file:/C:/Users/Ritesh%20Kumar%20Singh/.m2/repository/com/aventstack/extentreports/5.0.9/extentreports-5.0.9.jar!/com/aventstack/extentreports/templates/commons/commons-inject-js.ftl"
2025-09-01 17:08:12 DEBUG cache - Couldn't find template in cache for "spark/spark.spa.ftl"("en_IN", UTF-8, parsed); will try to load it.
2025-09-01 17:08:12 DEBUG cache - TemplateLoader.findTemplateSource("spark/spark.spa_en_IN.ftl"): Not found
2025-09-01 17:08:12 DEBUG cache - TemplateLoader.findTemplateSource("spark/spark.spa_en.ftl"): Not found
2025-09-01 17:08:12 DEBUG cache - TemplateLoader.findTemplateSource("spark/spark.spa.ftl"): Found
2025-09-01 17:08:12 DEBUG cache - Loading template for "spark/spark.spa.ftl"("en_IN", UTF-8, parsed) from "jar:file:/C:/Users/Ritesh%20Kumar%20Singh/.m2/repository/com/aventstack/extentreports/5.0.9/extentreports-5.0.9.jar!/com/aventstack/extentreports/templates/spark/spark.spa.ftl"
2025-09-01 17:08:12 DEBUG cache - Couldn't find template in cache for "commons/commons-variables.ftl"("en_IN", UTF-8, parsed); will try to load it.
2025-09-01 17:08:12 DEBUG cache - TemplateLoader.findTemplateSource("commons/commons-variables_en_IN.ftl"): Not found
2025-09-01 17:08:12 DEBUG cache - TemplateLoader.findTemplateSource("commons/commons-variables_en.ftl"): Not found
2025-09-01 17:08:12 DEBUG cache - TemplateLoader.findTemplateSource("commons/commons-variables.ftl"): Found
2025-09-01 17:08:12 DEBUG cache - Loading template for "commons/commons-variables.ftl"("en_IN", UTF-8, parsed) from "jar:file:/C:/Users/Ritesh%20Kumar%20Singh/.m2/repository/com/aventstack/extentreports/5.0.9/extentreports-5.0.9.jar!/com/aventstack/extentreports/templates/commons/commons-variables.ftl"
2025-09-01 17:08:12 DEBUG cache - Couldn't find template in cache for "commons/commons-macros.ftl"("en_IN", UTF-8, parsed); will try to load it.
2025-09-01 17:08:12 DEBUG cache - TemplateLoader.findTemplateSource("commons/commons-macros_en_IN.ftl"): Not found
2025-09-01 17:08:12 DEBUG cache - TemplateLoader.findTemplateSource("commons/commons-macros_en.ftl"): Not found
2025-09-01 17:08:12 DEBUG cache - TemplateLoader.findTemplateSource("commons/commons-macros.ftl"): Found
2025-09-01 17:08:12 DEBUG cache - Loading template for "commons/commons-macros.ftl"("en_IN", UTF-8, parsed) from "jar:file:/C:/Users/Ritesh%20Kumar%20Singh/.m2/repository/com/aventstack/extentreports/5.0.9/extentreports-5.0.9.jar!/com/aventstack/extentreports/templates/commons/commons-macros.ftl"
2025-09-01 17:08:12 DEBUG cache - Couldn't find template in cache for "spark/macros/attributes.ftl"("en_IN", UTF-8, parsed); will try to load it.
2025-09-01 17:08:12 DEBUG cache - TemplateLoader.findTemplateSource("spark/macros/attributes_en_IN.ftl"): Not found
2025-09-01 17:08:12 DEBUG cache - TemplateLoader.findTemplateSource("spark/macros/attributes_en.ftl"): Not found
2025-09-01 17:08:12 DEBUG cache - TemplateLoader.findTemplateSource("spark/macros/attributes.ftl"): Found
2025-09-01 17:08:12 DEBUG cache - Loading template for "spark/macros/attributes.ftl"("en_IN", UTF-8, parsed) from "jar:file:/C:/Users/Ritesh%20Kumar%20Singh/.m2/repository/com/aventstack/extentreports/5.0.9/extentreports-5.0.9.jar!/com/aventstack/extentreports/templates/spark/macros/attributes.ftl"
2025-09-01 17:08:12 DEBUG cache - Couldn't find template in cache for "spark/macros/log.ftl"("en_IN", UTF-8, parsed); will try to load it.
2025-09-01 17:08:12 DEBUG cache - TemplateLoader.findTemplateSource("spark/macros/log_en_IN.ftl"): Not found
2025-09-01 17:08:12 DEBUG cache - TemplateLoader.findTemplateSource("spark/macros/log_en.ftl"): Not found
2025-09-01 17:08:12 DEBUG cache - TemplateLoader.findTemplateSource("spark/macros/log.ftl"): Found
2025-09-01 17:08:12 DEBUG cache - Loading template for "spark/macros/log.ftl"("en_IN", UTF-8, parsed) from "jar:file:/C:/Users/Ritesh%20Kumar%20Singh/.m2/repository/com/aventstack/extentreports/5.0.9/extentreports-5.0.9.jar!/com/aventstack/extentreports/templates/spark/macros/log.ftl"
2025-09-01 17:08:12 DEBUG cache - Couldn't find template in cache for "spark/macros/recurse_nodes.ftl"("en_IN", UTF-8, parsed); will try to load it.
2025-09-01 17:08:12 DEBUG cache - TemplateLoader.findTemplateSource("spark/macros/recurse_nodes_en_IN.ftl"): Not found
2025-09-01 17:08:12 DEBUG cache - TemplateLoader.findTemplateSource("spark/macros/recurse_nodes_en.ftl"): Not found
2025-09-01 17:08:12 DEBUG cache - TemplateLoader.findTemplateSource("spark/macros/recurse_nodes.ftl"): Found
2025-09-01 17:08:12 DEBUG cache - Loading template for "spark/macros/recurse_nodes.ftl"("en_IN", UTF-8, parsed) from "jar:file:/C:/Users/Ritesh%20Kumar%20Singh/.m2/repository/com/aventstack/extentreports/5.0.9/extentreports-5.0.9.jar!/com/aventstack/extentreports/templates/spark/macros/recurse_nodes.ftl"
2025-09-01 17:08:12 DEBUG cache - "spark/macros/log.ftl"("en_IN", UTF-8, parsed) cached copy not yet stale; using cached.
2025-09-01 17:08:12 DEBUG cache - Couldn't find template in cache for "spark/macros/attr-common.ftl"("en_IN", UTF-8, parsed); will try to load it.
2025-09-01 17:08:12 DEBUG cache - TemplateLoader.findTemplateSource("spark/macros/attr-common_en_IN.ftl"): Not found
2025-09-01 17:08:12 DEBUG cache - TemplateLoader.findTemplateSource("spark/macros/attr-common_en.ftl"): Not found
2025-09-01 17:08:12 DEBUG cache - TemplateLoader.findTemplateSource("spark/macros/attr-common.ftl"): Found
2025-09-01 17:08:12 DEBUG cache - Loading template for "spark/macros/attr-common.ftl"("en_IN", UTF-8, parsed) from "jar:file:/C:/Users/Ritesh%20Kumar%20Singh/.m2/repository/com/aventstack/extentreports/5.0.9/extentreports-5.0.9.jar!/com/aventstack/extentreports/templates/spark/macros/attr-common.ftl"
2025-09-01 17:08:12 DEBUG cache - Couldn't find template in cache for "spark/partials/head.ftl"("en_IN", UTF-8, parsed); will try to load it.
2025-09-01 17:08:12 DEBUG cache - TemplateLoader.findTemplateSource("spark/partials/head_en_IN.ftl"): Not found
2025-09-01 17:08:12 DEBUG cache - TemplateLoader.findTemplateSource("spark/partials/head_en.ftl"): Not found
2025-09-01 17:08:12 DEBUG cache - TemplateLoader.findTemplateSource("spark/partials/head.ftl"): Found
2025-09-01 17:08:12 DEBUG cache - Loading template for "spark/partials/head.ftl"("en_IN", UTF-8, parsed) from "jar:file:/C:/Users/Ritesh%20Kumar%20Singh/.m2/repository/com/aventstack/extentreports/5.0.9/extentreports-5.0.9.jar!/com/aventstack/extentreports/templates/spark/partials/head.ftl"
2025-09-01 17:08:12 DEBUG cache - Couldn't find template in cache for "commons/commons-inject-css.ftl"("en_IN", UTF-8, parsed); will try to load it.
2025-09-01 17:08:12 DEBUG cache - TemplateLoader.findTemplateSource("commons/commons-inject-css_en_IN.ftl"): Not found
2025-09-01 17:08:12 DEBUG cache - TemplateLoader.findTemplateSource("commons/commons-inject-css_en.ftl"): Not found
2025-09-01 17:08:12 DEBUG cache - TemplateLoader.findTemplateSource("commons/commons-inject-css.ftl"): Found
2025-09-01 17:08:12 DEBUG cache - Loading template for "commons/commons-inject-css.ftl"("en_IN", UTF-8, parsed) from "jar:file:/C:/Users/Ritesh%20Kumar%20Singh/.m2/repository/com/aventstack/extentreports/5.0.9/extentreports-5.0.9.jar!/com/aventstack/extentreports/templates/commons/commons-inject-css.ftl"
2025-09-01 17:08:12 DEBUG cache - Couldn't find template in cache for "spark/partials/navbar.ftl"("en_IN", UTF-8, parsed); will try to load it.
2025-09-01 17:08:12 DEBUG cache - TemplateLoader.findTemplateSource("spark/partials/navbar_en_IN.ftl"): Not found
2025-09-01 17:08:12 DEBUG cache - TemplateLoader.findTemplateSource("spark/partials/navbar_en.ftl"): Not found
2025-09-01 17:08:12 DEBUG cache - TemplateLoader.findTemplateSource("spark/partials/navbar.ftl"): Found
2025-09-01 17:08:12 DEBUG cache - Loading template for "spark/partials/navbar.ftl"("en_IN", UTF-8, parsed) from "jar:file:/C:/Users/Ritesh%20Kumar%20Singh/.m2/repository/com/aventstack/extentreports/5.0.9/extentreports-5.0.9.jar!/com/aventstack/extentreports/templates/spark/partials/navbar.ftl"
2025-09-01 17:08:12 DEBUG cache - Couldn't find template in cache for "spark/partials/sidenav.ftl"("en_IN", UTF-8, parsed); will try to load it.
2025-09-01 17:08:12 DEBUG cache - TemplateLoader.findTemplateSource("spark/partials/sidenav_en_IN.ftl"): Not found
2025-09-01 17:08:12 DEBUG cache - TemplateLoader.findTemplateSource("spark/partials/sidenav_en.ftl"): Not found
2025-09-01 17:08:12 DEBUG cache - TemplateLoader.findTemplateSource("spark/partials/sidenav.ftl"): Found
2025-09-01 17:08:12 DEBUG cache - Loading template for "spark/partials/sidenav.ftl"("en_IN", UTF-8, parsed) from "jar:file:/C:/Users/Ritesh%20Kumar%20Singh/.m2/repository/com/aventstack/extentreports/5.0.9/extentreports-5.0.9.jar!/com/aventstack/extentreports/templates/spark/partials/sidenav.ftl"
2025-09-01 17:08:12 DEBUG cache - Couldn't find template in cache for "spark/partials/test.ftl"("en_IN", UTF-8, parsed); will try to load it.
2025-09-01 17:08:12 DEBUG cache - TemplateLoader.findTemplateSource("spark/partials/test_en_IN.ftl"): Not found
2025-09-01 17:08:12 DEBUG cache - TemplateLoader.findTemplateSource("spark/partials/test_en.ftl"): Not found
2025-09-01 17:08:12 DEBUG cache - TemplateLoader.findTemplateSource("spark/partials/test.ftl"): Found
2025-09-01 17:08:12 DEBUG cache - Loading template for "spark/partials/test.ftl"("en_IN", UTF-8, parsed) from "jar:file:/C:/Users/Ritesh%20Kumar%20Singh/.m2/repository/com/aventstack/extentreports/5.0.9/extentreports-5.0.9.jar!/com/aventstack/extentreports/templates/spark/partials/test.ftl"
2025-09-01 17:08:12 DEBUG cache - Couldn't find template in cache for "spark/partials/standard-content.ftl"("en_IN", UTF-8, parsed); will try to load it.
2025-09-01 17:08:12 DEBUG cache - TemplateLoader.findTemplateSource("spark/partials/standard-content_en_IN.ftl"): Not found
2025-09-01 17:08:12 DEBUG cache - TemplateLoader.findTemplateSource("spark/partials/standard-content_en.ftl"): Not found
2025-09-01 17:08:12 DEBUG cache - TemplateLoader.findTemplateSource("spark/partials/standard-content.ftl"): Found
2025-09-01 17:08:12 DEBUG cache - Loading template for "spark/partials/standard-content.ftl"("en_IN", UTF-8, parsed) from "jar:file:/C:/Users/Ritesh%20Kumar%20Singh/.m2/repository/com/aventstack/extentreports/5.0.9/extentreports-5.0.9.jar!/com/aventstack/extentreports/templates/spark/partials/standard-content.ftl"
2025-09-01 17:08:12 DEBUG cache - Couldn't find template in cache for "spark/partials/exception.ftl"("en_IN", UTF-8, parsed); will try to load it.
2025-09-01 17:08:12 DEBUG cache - TemplateLoader.findTemplateSource("spark/partials/exception_en_IN.ftl"): Not found
2025-09-01 17:08:12 DEBUG cache - TemplateLoader.findTemplateSource("spark/partials/exception_en.ftl"): Not found
2025-09-01 17:08:12 DEBUG cache - TemplateLoader.findTemplateSource("spark/partials/exception.ftl"): Found
2025-09-01 17:08:12 DEBUG cache - Loading template for "spark/partials/exception.ftl"("en_IN", UTF-8, parsed) from "jar:file:/C:/Users/Ritesh%20Kumar%20Singh/.m2/repository/com/aventstack/extentreports/5.0.9/extentreports-5.0.9.jar!/com/aventstack/extentreports/templates/spark/partials/exception.ftl"
2025-09-01 17:08:12 DEBUG cache - Couldn't find template in cache for "spark/partials/category.ftl"("en_IN", UTF-8, parsed); will try to load it.
2025-09-01 17:08:12 DEBUG cache - TemplateLoader.findTemplateSource("spark/partials/category_en_IN.ftl"): Not found
2025-09-01 17:08:12 DEBUG cache - TemplateLoader.findTemplateSource("spark/partials/category_en.ftl"): Not found
2025-09-01 17:08:12 DEBUG cache - TemplateLoader.findTemplateSource("spark/partials/category.ftl"): Found
2025-09-01 17:08:12 DEBUG cache - Loading template for "spark/partials/category.ftl"("en_IN", UTF-8, parsed) from "jar:file:/C:/Users/Ritesh%20Kumar%20Singh/.m2/repository/com/aventstack/extentreports/5.0.9/extentreports-5.0.9.jar!/com/aventstack/extentreports/templates/spark/partials/category.ftl"
2025-09-01 17:08:12 DEBUG cache - Couldn't find template in cache for "spark/partials/device.ftl"("en_IN", UTF-8, parsed); will try to load it.
2025-09-01 17:08:12 DEBUG cache - TemplateLoader.findTemplateSource("spark/partials/device_en_IN.ftl"): Not found
2025-09-01 17:08:12 DEBUG cache - TemplateLoader.findTemplateSource("spark/partials/device_en.ftl"): Not found
2025-09-01 17:08:12 DEBUG cache - TemplateLoader.findTemplateSource("spark/partials/device.ftl"): Found
2025-09-01 17:08:12 DEBUG cache - Loading template for "spark/partials/device.ftl"("en_IN", UTF-8, parsed) from "jar:file:/C:/Users/Ritesh%20Kumar%20Singh/.m2/repository/com/aventstack/extentreports/5.0.9/extentreports-5.0.9.jar!/com/aventstack/extentreports/templates/spark/partials/device.ftl"
2025-09-01 17:08:12 DEBUG cache - Couldn't find template in cache for "spark/partials/author.ftl"("en_IN", UTF-8, parsed); will try to load it.
2025-09-01 17:08:12 DEBUG cache - TemplateLoader.findTemplateSource("spark/partials/author_en_IN.ftl"): Not found
2025-09-01 17:08:12 DEBUG cache - TemplateLoader.findTemplateSource("spark/partials/author_en.ftl"): Not found
2025-09-01 17:08:12 DEBUG cache - TemplateLoader.findTemplateSource("spark/partials/author.ftl"): Found
2025-09-01 17:08:12 DEBUG cache - Loading template for "spark/partials/author.ftl"("en_IN", UTF-8, parsed) from "jar:file:/C:/Users/Ritesh%20Kumar%20Singh/.m2/repository/com/aventstack/extentreports/5.0.9/extentreports-5.0.9.jar!/com/aventstack/extentreports/templates/spark/partials/author.ftl"
2025-09-01 17:08:12 DEBUG cache - Couldn't find template in cache for "spark/partials/log.ftl"("en_IN", UTF-8, parsed); will try to load it.
2025-09-01 17:08:12 DEBUG cache - TemplateLoader.findTemplateSource("spark/partials/log_en_IN.ftl"): Not found
2025-09-01 17:08:12 DEBUG cache - TemplateLoader.findTemplateSource("spark/partials/log_en.ftl"): Not found
2025-09-01 17:08:12 DEBUG cache - TemplateLoader.findTemplateSource("spark/partials/log.ftl"): Found
2025-09-01 17:08:12 DEBUG cache - Loading template for "spark/partials/log.ftl"("en_IN", UTF-8, parsed) from "jar:file:/C:/Users/Ritesh%20Kumar%20Singh/.m2/repository/com/aventstack/extentreports/5.0.9/extentreports-5.0.9.jar!/com/aventstack/extentreports/templates/spark/partials/log.ftl"
2025-09-01 17:08:12 DEBUG cache - Couldn't find template in cache for "spark/partials/dashboard.ftl"("en_IN", UTF-8, parsed); will try to load it.
2025-09-01 17:08:12 DEBUG cache - TemplateLoader.findTemplateSource("spark/partials/dashboard_en_IN.ftl"): Not found
2025-09-01 17:08:12 DEBUG cache - TemplateLoader.findTemplateSource("spark/partials/dashboard_en.ftl"): Not found
2025-09-01 17:08:12 DEBUG cache - TemplateLoader.findTemplateSource("spark/partials/dashboard.ftl"): Found
2025-09-01 17:08:12 DEBUG cache - Loading template for "spark/partials/dashboard.ftl"("en_IN", UTF-8, parsed) from "jar:file:/C:/Users/Ritesh%20Kumar%20Singh/.m2/repository/com/aventstack/extentreports/5.0.9/extentreports-5.0.9.jar!/com/aventstack/extentreports/templates/spark/partials/dashboard.ftl"
2025-09-01 17:08:12 DEBUG cache - Couldn't find template in cache for "spark/partials/scripts.ftl"("en_IN", UTF-8, parsed); will try to load it.
2025-09-01 17:08:12 DEBUG cache - TemplateLoader.findTemplateSource("spark/partials/scripts_en_IN.ftl"): Not found
2025-09-01 17:08:12 DEBUG cache - TemplateLoader.findTemplateSource("spark/partials/scripts_en.ftl"): Not found
2025-09-01 17:08:12 DEBUG cache - TemplateLoader.findTemplateSource("spark/partials/scripts.ftl"): Found
2025-09-01 17:08:12 DEBUG cache - Loading template for "spark/partials/scripts.ftl"("en_IN", UTF-8, parsed) from "jar:file:/C:/Users/Ritesh%20Kumar%20Singh/.m2/repository/com/aventstack/extentreports/5.0.9/extentreports-5.0.9.jar!/com/aventstack/extentreports/templates/spark/partials/scripts.ftl"
2025-09-01 17:08:12 DEBUG cache - Couldn't find template in cache for "commons/commons-inject-js.ftl"("en_IN", UTF-8, parsed); will try to load it.
2025-09-01 17:08:12 DEBUG cache - TemplateLoader.findTemplateSource("commons/commons-inject-js_en_IN.ftl"): Not found
2025-09-01 17:08:12 DEBUG cache - TemplateLoader.findTemplateSource("commons/commons-inject-js_en.ftl"): Not found
2025-09-01 17:08:12 DEBUG cache - TemplateLoader.findTemplateSource("commons/commons-inject-js.ftl"): Found
2025-09-01 17:08:12 DEBUG cache - Loading template for "commons/commons-inject-js.ftl"("en_IN", UTF-8, parsed) from "jar:file:/C:/Users/Ritesh%20Kumar%20Singh/.m2/repository/com/aventstack/extentreports/5.0.9/extentreports-5.0.9.jar!/com/aventstack/extentreports/templates/commons/commons-inject-js.ftl"
2025-09-01 17:15:09 DEBUG cache - Couldn't find template in cache for "spark/spark.spa.ftl"("en_IN", UTF-8, parsed); will try to load it.
2025-09-01 17:15:09 DEBUG cache - TemplateLoader.findTemplateSource("spark/spark.spa_en_IN.ftl"): Not found
2025-09-01 17:15:09 DEBUG cache - TemplateLoader.findTemplateSource("spark/spark.spa_en.ftl"): Not found
2025-09-01 17:15:09 DEBUG cache - TemplateLoader.findTemplateSource("spark/spark.spa.ftl"): Found
2025-09-01 17:15:09 DEBUG cache - Loading template for "spark/spark.spa.ftl"("en_IN", UTF-8, parsed) from "jar:file:/C:/Users/Ritesh%20Kumar%20Singh/.m2/repository/com/aventstack/extentreports/5.0.9/extentreports-5.0.9.jar!/com/aventstack/extentreports/templates/spark/spark.spa.ftl"
2025-09-01 17:15:09 DEBUG cache - Couldn't find template in cache for "commons/commons-variables.ftl"("en_IN", UTF-8, parsed); will try to load it.
2025-09-01 17:15:09 DEBUG cache - TemplateLoader.findTemplateSource("commons/commons-variables_en_IN.ftl"): Not found
2025-09-01 17:15:09 DEBUG cache - TemplateLoader.findTemplateSource("commons/commons-variables_en.ftl"): Not found
2025-09-01 17:15:09 DEBUG cache - TemplateLoader.findTemplateSource("commons/commons-variables.ftl"): Found
2025-09-01 17:15:09 DEBUG cache - Loading template for "commons/commons-variables.ftl"("en_IN", UTF-8, parsed) from "jar:file:/C:/Users/Ritesh%20Kumar%20Singh/.m2/repository/com/aventstack/extentreports/5.0.9/extentreports-5.0.9.jar!/com/aventstack/extentreports/templates/commons/commons-variables.ftl"
2025-09-01 17:15:09 DEBUG cache - Couldn't find template in cache for "commons/commons-macros.ftl"("en_IN", UTF-8, parsed); will try to load it.
2025-09-01 17:15:09 DEBUG cache - TemplateLoader.findTemplateSource("commons/commons-macros_en_IN.ftl"): Not found
2025-09-01 17:15:09 DEBUG cache - TemplateLoader.findTemplateSource("commons/commons-macros_en.ftl"): Not found
2025-09-01 17:15:09 DEBUG cache - TemplateLoader.findTemplateSource("commons/commons-macros.ftl"): Found
2025-09-01 17:15:09 DEBUG cache - Loading template for "commons/commons-macros.ftl"("en_IN", UTF-8, parsed) from "jar:file:/C:/Users/Ritesh%20Kumar%20Singh/.m2/repository/com/aventstack/extentreports/5.0.9/extentreports-5.0.9.jar!/com/aventstack/extentreports/templates/commons/commons-macros.ftl"
2025-09-01 17:15:09 DEBUG cache - Couldn't find template in cache for "spark/macros/attributes.ftl"("en_IN", UTF-8, parsed); will try to load it.
2025-09-01 17:15:09 DEBUG cache - TemplateLoader.findTemplateSource("spark/macros/attributes_en_IN.ftl"): Not found
2025-09-01 17:15:09 DEBUG cache - TemplateLoader.findTemplateSource("spark/macros/attributes_en.ftl"): Not found
2025-09-01 17:15:09 DEBUG cache - TemplateLoader.findTemplateSource("spark/macros/attributes.ftl"): Found
2025-09-01 17:15:09 DEBUG cache - Loading template for "spark/macros/attributes.ftl"("en_IN", UTF-8, parsed) from "jar:file:/C:/Users/Ritesh%20Kumar%20Singh/.m2/repository/com/aventstack/extentreports/5.0.9/extentreports-5.0.9.jar!/com/aventstack/extentreports/templates/spark/macros/attributes.ftl"
2025-09-01 17:15:09 DEBUG cache - Couldn't find template in cache for "spark/macros/log.ftl"("en_IN", UTF-8, parsed); will try to load it.
2025-09-01 17:15:09 DEBUG cache - TemplateLoader.findTemplateSource("spark/macros/log_en_IN.ftl"): Not found
2025-09-01 17:15:09 DEBUG cache - TemplateLoader.findTemplateSource("spark/macros/log_en.ftl"): Not found
2025-09-01 17:15:09 DEBUG cache - TemplateLoader.findTemplateSource("spark/macros/log.ftl"): Found
2025-09-01 17:15:09 DEBUG cache - Loading template for "spark/macros/log.ftl"("en_IN", UTF-8, parsed) from "jar:file:/C:/Users/Ritesh%20Kumar%20Singh/.m2/repository/com/aventstack/extentreports/5.0.9/extentreports-5.0.9.jar!/com/aventstack/extentreports/templates/spark/macros/log.ftl"
2025-09-01 17:15:09 DEBUG cache - Couldn't find template in cache for "spark/macros/recurse_nodes.ftl"("en_IN", UTF-8, parsed); will try to load it.
2025-09-01 17:15:09 DEBUG cache - TemplateLoader.findTemplateSource("spark/macros/recurse_nodes_en_IN.ftl"): Not found
2025-09-01 17:15:09 DEBUG cache - TemplateLoader.findTemplateSource("spark/macros/recurse_nodes_en.ftl"): Not found
2025-09-01 17:15:09 DEBUG cache - TemplateLoader.findTemplateSource("spark/macros/recurse_nodes.ftl"): Found
2025-09-01 17:15:09 DEBUG cache - Loading template for "spark/macros/recurse_nodes.ftl"("en_IN", UTF-8, parsed) from "jar:file:/C:/Users/Ritesh%20Kumar%20Singh/.m2/repository/com/aventstack/extentreports/5.0.9/extentreports-5.0.9.jar!/com/aventstack/extentreports/templates/spark/macros/recurse_nodes.ftl"
2025-09-01 17:15:09 DEBUG cache - "spark/macros/log.ftl"("en_IN", UTF-8, parsed) cached copy not yet stale; using cached.
2025-09-01 17:15:09 DEBUG cache - Couldn't find template in cache for "spark/macros/attr-common.ftl"("en_IN", UTF-8, parsed); will try to load it.
2025-09-01 17:15:09 DEBUG cache - TemplateLoader.findTemplateSource("spark/macros/attr-common_en_IN.ftl"): Not found
2025-09-01 17:15:09 DEBUG cache - TemplateLoader.findTemplateSource("spark/macros/attr-common_en.ftl"): Not found
2025-09-01 17:15:09 DEBUG cache - TemplateLoader.findTemplateSource("spark/macros/attr-common.ftl"): Found
2025-09-01 17:15:09 DEBUG cache - Loading template for "spark/macros/attr-common.ftl"("en_IN", UTF-8, parsed) from "jar:file:/C:/Users/Ritesh%20Kumar%20Singh/.m2/repository/com/aventstack/extentreports/5.0.9/extentreports-5.0.9.jar!/com/aventstack/extentreports/templates/spark/macros/attr-common.ftl"
2025-09-01 17:15:09 DEBUG cache - Couldn't find template in cache for "spark/partials/head.ftl"("en_IN", UTF-8, parsed); will try to load it.
2025-09-01 17:15:09 DEBUG cache - TemplateLoader.findTemplateSource("spark/partials/head_en_IN.ftl"): Not found
2025-09-01 17:15:09 DEBUG cache - TemplateLoader.findTemplateSource("spark/partials/head_en.ftl"): Not found
2025-09-01 17:15:09 DEBUG cache - TemplateLoader.findTemplateSource("spark/partials/head.ftl"): Found
2025-09-01 17:15:09 DEBUG cache - Loading template for "spark/partials/head.ftl"("en_IN", UTF-8, parsed) from "jar:file:/C:/Users/Ritesh%20Kumar%20Singh/.m2/repository/com/aventstack/extentreports/5.0.9/extentreports-5.0.9.jar!/com/aventstack/extentreports/templates/spark/partials/head.ftl"
2025-09-01 17:15:09 DEBUG cache - Couldn't find template in cache for "commons/commons-inject-css.ftl"("en_IN", UTF-8, parsed); will try to load it.
2025-09-01 17:15:09 DEBUG cache - TemplateLoader.findTemplateSource("commons/commons-inject-css_en_IN.ftl"): Not found
2025-09-01 17:15:09 DEBUG cache - TemplateLoader.findTemplateSource("commons/commons-inject-css_en.ftl"): Not found
2025-09-01 17:15:09 DEBUG cache - TemplateLoader.findTemplateSource("commons/commons-inject-css.ftl"): Found
2025-09-01 17:15:09 DEBUG cache - Loading template for "commons/commons-inject-css.ftl"("en_IN", UTF-8, parsed) from "jar:file:/C:/Users/Ritesh%20Kumar%20Singh/.m2/repository/com/aventstack/extentreports/5.0.9/extentreports-5.0.9.jar!/com/aventstack/extentreports/templates/commons/commons-inject-css.ftl"
2025-09-01 17:15:09 DEBUG cache - Couldn't find template in cache for "spark/partials/navbar.ftl"("en_IN", UTF-8, parsed); will try to load it.
2025-09-01 17:15:09 DEBUG cache - TemplateLoader.findTemplateSource("spark/partials/navbar_en_IN.ftl"): Not found
2025-09-01 17:15:09 DEBUG cache - TemplateLoader.findTemplateSource("spark/partials/navbar_en.ftl"): Not found
2025-09-01 17:15:09 DEBUG cache - TemplateLoader.findTemplateSource("spark/partials/navbar.ftl"): Found
2025-09-01 17:15:09 DEBUG cache - Loading template for "spark/partials/navbar.ftl"("en_IN", UTF-8, parsed) from "jar:file:/C:/Users/Ritesh%20Kumar%20Singh/.m2/repository/com/aventstack/extentreports/5.0.9/extentreports-5.0.9.jar!/com/aventstack/extentreports/templates/spark/partials/navbar.ftl"
2025-09-01 17:15:09 DEBUG cache - Couldn't find template in cache for "spark/partials/sidenav.ftl"("en_IN", UTF-8, parsed); will try to load it.
2025-09-01 17:15:09 DEBUG cache - TemplateLoader.findTemplateSource("spark/partials/sidenav_en_IN.ftl"): Not found
2025-09-01 17:15:09 DEBUG cache - TemplateLoader.findTemplateSource("spark/partials/sidenav_en.ftl"): Not found
2025-09-01 17:15:09 DEBUG cache - TemplateLoader.findTemplateSource("spark/partials/sidenav.ftl"): Found
2025-09-01 17:15:09 DEBUG cache - Loading template for "spark/partials/sidenav.ftl"("en_IN", UTF-8, parsed) from "jar:file:/C:/Users/Ritesh%20Kumar%20Singh/.m2/repository/com/aventstack/extentreports/5.0.9/extentreports-5.0.9.jar!/com/aventstack/extentreports/templates/spark/partials/sidenav.ftl"
2025-09-01 17:15:09 DEBUG cache - Couldn't find template in cache for "spark/partials/test.ftl"("en_IN", UTF-8, parsed); will try to load it.
2025-09-01 17:15:09 DEBUG cache - TemplateLoader.findTemplateSource("spark/partials/test_en_IN.ftl"): Not found
2025-09-01 17:15:09 DEBUG cache - TemplateLoader.findTemplateSource("spark/partials/test_en.ftl"): Not found
2025-09-01 17:15:09 DEBUG cache - TemplateLoader.findTemplateSource("spark/partials/test.ftl"): Found
2025-09-01 17:15:09 DEBUG cache - Loading template for "spark/partials/test.ftl"("en_IN", UTF-8, parsed) from "jar:file:/C:/Users/Ritesh%20Kumar%20Singh/.m2/repository/com/aventstack/extentreports/5.0.9/extentreports-5.0.9.jar!/com/aventstack/extentreports/templates/spark/partials/test.ftl"
2025-09-01 17:15:09 DEBUG cache - Couldn't find template in cache for "spark/partials/standard-content.ftl"("en_IN", UTF-8, parsed); will try to load it.
2025-09-01 17:15:09 DEBUG cache - TemplateLoader.findTemplateSource("spark/partials/standard-content_en_IN.ftl"): Not found
2025-09-01 17:15:09 DEBUG cache - TemplateLoader.findTemplateSource("spark/partials/standard-content_en.ftl"): Not found
2025-09-01 17:15:09 DEBUG cache - TemplateLoader.findTemplateSource("spark/partials/standard-content.ftl"): Found
2025-09-01 17:15:09 DEBUG cache - Loading template for "spark/partials/standard-content.ftl"("en_IN", UTF-8, parsed) from "jar:file:/C:/Users/Ritesh%20Kumar%20Singh/.m2/repository/com/aventstack/extentreports/5.0.9/extentreports-5.0.9.jar!/com/aventstack/extentreports/templates/spark/partials/standard-content.ftl"
2025-09-01 17:15:09 DEBUG cache - Couldn't find template in cache for "spark/partials/exception.ftl"("en_IN", UTF-8, parsed); will try to load it.
2025-09-01 17:15:09 DEBUG cache - TemplateLoader.findTemplateSource("spark/partials/exception_en_IN.ftl"): Not found
2025-09-01 17:15:09 DEBUG cache - TemplateLoader.findTemplateSource("spark/partials/exception_en.ftl"): Not found
2025-09-01 17:15:09 DEBUG cache - TemplateLoader.findTemplateSource("spark/partials/exception.ftl"): Found
2025-09-01 17:15:09 DEBUG cache - Loading template for "spark/partials/exception.ftl"("en_IN", UTF-8, parsed) from "jar:file:/C:/Users/Ritesh%20Kumar%20Singh/.m2/repository/com/aventstack/extentreports/5.0.9/extentreports-5.0.9.jar!/com/aventstack/extentreports/templates/spark/partials/exception.ftl"
2025-09-01 17:15:09 DEBUG cache - Couldn't find template in cache for "spark/partials/category.ftl"("en_IN", UTF-8, parsed); will try to load it.
2025-09-01 17:15:09 DEBUG cache - TemplateLoader.findTemplateSource("spark/partials/category_en_IN.ftl"): Not found
2025-09-01 17:15:09 DEBUG cache - TemplateLoader.findTemplateSource("spark/partials/category_en.ftl"): Not found
2025-09-01 17:15:09 DEBUG cache - TemplateLoader.findTemplateSource("spark/partials/category.ftl"): Found
2025-09-01 17:15:09 DEBUG cache - Loading template for "spark/partials/category.ftl"("en_IN", UTF-8, parsed) from "jar:file:/C:/Users/Ritesh%20Kumar%20Singh/.m2/repository/com/aventstack/extentreports/5.0.9/extentreports-5.0.9.jar!/com/aventstack/extentreports/templates/spark/partials/category.ftl"
2025-09-01 17:15:09 DEBUG cache - Couldn't find template in cache for "spark/partials/device.ftl"("en_IN", UTF-8, parsed); will try to load it.
2025-09-01 17:15:09 DEBUG cache - TemplateLoader.findTemplateSource("spark/partials/device_en_IN.ftl"): Not found
2025-09-01 17:15:09 DEBUG cache - TemplateLoader.findTemplateSource("spark/partials/device_en.ftl"): Not found
2025-09-01 17:15:09 DEBUG cache - TemplateLoader.findTemplateSource("spark/partials/device.ftl"): Found
2025-09-01 17:15:09 DEBUG cache - Loading template for "spark/partials/device.ftl"("en_IN", UTF-8, parsed) from "jar:file:/C:/Users/Ritesh%20Kumar%20Singh/.m2/repository/com/aventstack/extentreports/5.0.9/extentreports-5.0.9.jar!/com/aventstack/extentreports/templates/spark/partials/device.ftl"
2025-09-01 17:15:09 DEBUG cache - Couldn't find template in cache for "spark/partials/author.ftl"("en_IN", UTF-8, parsed); will try to load it.
2025-09-01 17:15:09 DEBUG cache - TemplateLoader.findTemplateSource("spark/partials/author_en_IN.ftl"): Not found
2025-09-01 17:15:09 DEBUG cache - TemplateLoader.findTemplateSource("spark/partials/author_en.ftl"): Not found
2025-09-01 17:15:09 DEBUG cache - TemplateLoader.findTemplateSource("spark/partials/author.ftl"): Found
2025-09-01 17:15:09 DEBUG cache - Loading template for "spark/partials/author.ftl"("en_IN", UTF-8, parsed) from "jar:file:/C:/Users/Ritesh%20Kumar%20Singh/.m2/repository/com/aventstack/extentreports/5.0.9/extentreports-5.0.9.jar!/com/aventstack/extentreports/templates/spark/partials/author.ftl"
2025-09-01 17:15:09 DEBUG cache - Couldn't find template in cache for "spark/partials/log.ftl"("en_IN", UTF-8, parsed); will try to load it.
2025-09-01 17:15:09 DEBUG cache - TemplateLoader.findTemplateSource("spark/partials/log_en_IN.ftl"): Not found
2025-09-01 17:15:09 DEBUG cache - TemplateLoader.findTemplateSource("spark/partials/log_en.ftl"): Not found
2025-09-01 17:15:09 DEBUG cache - TemplateLoader.findTemplateSource("spark/partials/log.ftl"): Found
2025-09-01 17:15:09 DEBUG cache - Loading template for "spark/partials/log.ftl"("en_IN", UTF-8, parsed) from "jar:file:/C:/Users/Ritesh%20Kumar%20Singh/.m2/repository/com/aventstack/extentreports/5.0.9/extentreports-5.0.9.jar!/com/aventstack/extentreports/templates/spark/partials/log.ftl"
2025-09-01 17:15:09 DEBUG cache - Couldn't find template in cache for "spark/partials/dashboard.ftl"("en_IN", UTF-8, parsed); will try to load it.
2025-09-01 17:15:09 DEBUG cache - TemplateLoader.findTemplateSource("spark/partials/dashboard_en_IN.ftl"): Not found
2025-09-01 17:15:09 DEBUG cache - TemplateLoader.findTemplateSource("spark/partials/dashboard_en.ftl"): Not found
2025-09-01 17:15:09 DEBUG cache - TemplateLoader.findTemplateSource("spark/partials/dashboard.ftl"): Found
2025-09-01 17:15:09 DEBUG cache - Loading template for "spark/partials/dashboard.ftl"("en_IN", UTF-8, parsed) from "jar:file:/C:/Users/Ritesh%20Kumar%20Singh/.m2/repository/com/aventstack/extentreports/5.0.9/extentreports-5.0.9.jar!/com/aventstack/extentreports/templates/spark/partials/dashboard.ftl"
2025-09-01 17:15:09 DEBUG cache - Couldn't find template in cache for "spark/partials/scripts.ftl"("en_IN", UTF-8, parsed); will try to load it.
2025-09-01 17:15:09 DEBUG cache - TemplateLoader.findTemplateSource("spark/partials/scripts_en_IN.ftl"): Not found
2025-09-01 17:15:09 DEBUG cache - TemplateLoader.findTemplateSource("spark/partials/scripts_en.ftl"): Not found
2025-09-01 17:15:09 DEBUG cache - TemplateLoader.findTemplateSource("spark/partials/scripts.ftl"): Found
2025-09-01 17:15:09 DEBUG cache - Loading template for "spark/partials/scripts.ftl"("en_IN", UTF-8, parsed) from "jar:file:/C:/Users/Ritesh%20Kumar%20Singh/.m2/repository/com/aventstack/extentreports/5.0.9/extentreports-5.0.9.jar!/com/aventstack/extentreports/templates/spark/partials/scripts.ftl"
2025-09-01 17:15:09 DEBUG cache - Couldn't find template in cache for "commons/commons-inject-js.ftl"("en_IN", UTF-8, parsed); will try to load it.
2025-09-01 17:15:09 DEBUG cache - TemplateLoader.findTemplateSource("commons/commons-inject-js_en_IN.ftl"): Not found
2025-09-01 17:15:09 DEBUG cache - TemplateLoader.findTemplateSource("commons/commons-inject-js_en.ftl"): Not found
2025-09-01 17:15:09 DEBUG cache - TemplateLoader.findTemplateSource("commons/commons-inject-js.ftl"): Found
2025-09-01 17:15:09 DEBUG cache - Loading template for "commons/commons-inject-js.ftl"("en_IN", UTF-8, parsed) from "jar:file:/C:/Users/Ritesh%20Kumar%20Singh/.m2/repository/com/aventstack/extentreports/5.0.9/extentreports-5.0.9.jar!/com/aventstack/extentreports/templates/commons/commons-inject-js.ftl"
2025-09-02 10:14:35 DEBUG cache - Couldn't find template in cache for "spark/spark.spa.ftl"("en_IN", UTF-8, parsed); will try to load it.
2025-09-02 10:14:35 DEBUG cache - TemplateLoader.findTemplateSource("spark/spark.spa_en_IN.ftl"): Not found
2025-09-02 10:14:35 DEBUG cache - TemplateLoader.findTemplateSource("spark/spark.spa_en.ftl"): Not found
2025-09-02 10:14:35 DEBUG cache - TemplateLoader.findTemplateSource("spark/spark.spa.ftl"): Found
2025-09-02 10:14:35 DEBUG cache - Loading template for "spark/spark.spa.ftl"("en_IN", UTF-8, parsed) from "jar:file:/C:/Users/Ritesh%20Kumar%20Singh/.m2/repository/com/aventstack/extentreports/5.0.9/extentreports-5.0.9.jar!/com/aventstack/extentreports/templates/spark/spark.spa.ftl"
2025-09-02 10:14:36 DEBUG cache - Couldn't find template in cache for "commons/commons-variables.ftl"("en_IN", UTF-8, parsed); will try to load it.
2025-09-02 10:14:36 DEBUG cache - TemplateLoader.findTemplateSource("commons/commons-variables_en_IN.ftl"): Not found
2025-09-02 10:14:36 DEBUG cache - TemplateLoader.findTemplateSource("commons/commons-variables_en.ftl"): Not found
2025-09-02 10:14:36 DEBUG cache - TemplateLoader.findTemplateSource("commons/commons-variables.ftl"): Found
2025-09-02 10:14:36 DEBUG cache - Loading template for "commons/commons-variables.ftl"("en_IN", UTF-8, parsed) from "jar:file:/C:/Users/Ritesh%20Kumar%20Singh/.m2/repository/com/aventstack/extentreports/5.0.9/extentreports-5.0.9.jar!/com/aventstack/extentreports/templates/commons/commons-variables.ftl"
2025-09-02 10:14:36 DEBUG cache - Couldn't find template in cache for "commons/commons-macros.ftl"("en_IN", UTF-8, parsed); will try to load it.
2025-09-02 10:14:36 DEBUG cache - TemplateLoader.findTemplateSource("commons/commons-macros_en_IN.ftl"): Not found
2025-09-02 10:14:36 DEBUG cache - TemplateLoader.findTemplateSource("commons/commons-macros_en.ftl"): Not found
2025-09-02 10:14:36 DEBUG cache - TemplateLoader.findTemplateSource("commons/commons-macros.ftl"): Found
2025-09-02 10:14:36 DEBUG cache - Loading template for "commons/commons-macros.ftl"("en_IN", UTF-8, parsed) from "jar:file:/C:/Users/Ritesh%20Kumar%20Singh/.m2/repository/com/aventstack/extentreports/5.0.9/extentreports-5.0.9.jar!/com/aventstack/extentreports/templates/commons/commons-macros.ftl"
2025-09-02 10:14:36 DEBUG cache - Couldn't find template in cache for "spark/macros/attributes.ftl"("en_IN", UTF-8, parsed); will try to load it.
2025-09-02 10:14:36 DEBUG cache - TemplateLoader.findTemplateSource("spark/macros/attributes_en_IN.ftl"): Not found
2025-09-02 10:14:36 DEBUG cache - TemplateLoader.findTemplateSource("spark/macros/attributes_en.ftl"): Not found
2025-09-02 10:14:36 DEBUG cache - TemplateLoader.findTemplateSource("spark/macros/attributes.ftl"): Found
2025-09-02 10:14:36 DEBUG cache - Loading template for "spark/macros/attributes.ftl"("en_IN", UTF-8, parsed) from "jar:file:/C:/Users/Ritesh%20Kumar%20Singh/.m2/repository/com/aventstack/extentreports/5.0.9/extentreports-5.0.9.jar!/com/aventstack/extentreports/templates/spark/macros/attributes.ftl"
2025-09-02 10:14:36 DEBUG cache - Couldn't find template in cache for "spark/macros/log.ftl"("en_IN", UTF-8, parsed); will try to load it.
2025-09-02 10:14:36 DEBUG cache - TemplateLoader.findTemplateSource("spark/macros/log_en_IN.ftl"): Not found
2025-09-02 10:14:36 DEBUG cache - TemplateLoader.findTemplateSource("spark/macros/log_en.ftl"): Not found
2025-09-02 10:14:36 DEBUG cache - TemplateLoader.findTemplateSource("spark/macros/log.ftl"): Found
2025-09-02 10:14:36 DEBUG cache - Loading template for "spark/macros/log.ftl"("en_IN", UTF-8, parsed) from "jar:file:/C:/Users/Ritesh%20Kumar%20Singh/.m2/repository/com/aventstack/extentreports/5.0.9/extentreports-5.0.9.jar!/com/aventstack/extentreports/templates/spark/macros/log.ftl"
2025-09-02 10:14:36 DEBUG cache - Couldn't find template in cache for "spark/macros/recurse_nodes.ftl"("en_IN", UTF-8, parsed); will try to load it.
2025-09-02 10:14:36 DEBUG cache - TemplateLoader.findTemplateSource("spark/macros/recurse_nodes_en_IN.ftl"): Not found
2025-09-02 10:14:36 DEBUG cache - TemplateLoader.findTemplateSource("spark/macros/recurse_nodes_en.ftl"): Not found
2025-09-02 10:14:36 DEBUG cache - TemplateLoader.findTemplateSource("spark/macros/recurse_nodes.ftl"): Found
2025-09-02 10:14:36 DEBUG cache - Loading template for "spark/macros/recurse_nodes.ftl"("en_IN", UTF-8, parsed) from "jar:file:/C:/Users/Ritesh%20Kumar%20Singh/.m2/repository/com/aventstack/extentreports/5.0.9/extentreports-5.0.9.jar!/com/aventstack/extentreports/templates/spark/macros/recurse_nodes.ftl"
2025-09-02 10:14:36 DEBUG cache - "spark/macros/log.ftl"("en_IN", UTF-8, parsed) cached copy not yet stale; using cached.
2025-09-02 10:14:36 DEBUG cache - Couldn't find template in cache for "spark/macros/attr-common.ftl"("en_IN", UTF-8, parsed); will try to load it.
2025-09-02 10:14:36 DEBUG cache - TemplateLoader.findTemplateSource("spark/macros/attr-common_en_IN.ftl"): Not found
2025-09-02 10:14:36 DEBUG cache - TemplateLoader.findTemplateSource("spark/macros/attr-common_en.ftl"): Not found
2025-09-02 10:14:36 DEBUG cache - TemplateLoader.findTemplateSource("spark/macros/attr-common.ftl"): Found
2025-09-02 10:14:36 DEBUG cache - Loading template for "spark/macros/attr-common.ftl"("en_IN", UTF-8, parsed) from "jar:file:/C:/Users/Ritesh%20Kumar%20Singh/.m2/repository/com/aventstack/extentreports/5.0.9/extentreports-5.0.9.jar!/com/aventstack/extentreports/templates/spark/macros/attr-common.ftl"
2025-09-02 10:14:36 DEBUG cache - Couldn't find template in cache for "spark/partials/head.ftl"("en_IN", UTF-8, parsed); will try to load it.
2025-09-02 10:14:36 DEBUG cache - TemplateLoader.findTemplateSource("spark/partials/head_en_IN.ftl"): Not found
2025-09-02 10:14:36 DEBUG cache - TemplateLoader.findTemplateSource("spark/partials/head_en.ftl"): Not found
2025-09-02 10:14:36 DEBUG cache - TemplateLoader.findTemplateSource("spark/partials/head.ftl"): Found
2025-09-02 10:14:36 DEBUG cache - Loading template for "spark/partials/head.ftl"("en_IN", UTF-8, parsed) from "jar:file:/C:/Users/Ritesh%20Kumar%20Singh/.m2/repository/com/aventstack/extentreports/5.0.9/extentreports-5.0.9.jar!/com/aventstack/extentreports/templates/spark/partials/head.ftl"
2025-09-02 10:14:36 DEBUG cache - Couldn't find template in cache for "commons/commons-inject-css.ftl"("en_IN", UTF-8, parsed); will try to load it.
2025-09-02 10:14:36 DEBUG cache - TemplateLoader.findTemplateSource("commons/commons-inject-css_en_IN.ftl"): Not found
2025-09-02 10:14:36 DEBUG cache - TemplateLoader.findTemplateSource("commons/commons-inject-css_en.ftl"): Not found
2025-09-02 10:14:36 DEBUG cache - TemplateLoader.findTemplateSource("commons/commons-inject-css.ftl"): Found
2025-09-02 10:14:36 DEBUG cache - Loading template for "commons/commons-inject-css.ftl"("en_IN", UTF-8, parsed) from "jar:file:/C:/Users/Ritesh%20Kumar%20Singh/.m2/repository/com/aventstack/extentreports/5.0.9/extentreports-5.0.9.jar!/com/aventstack/extentreports/templates/commons/commons-inject-css.ftl"
2025-09-02 10:14:36 DEBUG cache - Couldn't find template in cache for "spark/partials/navbar.ftl"("en_IN", UTF-8, parsed); will try to load it.
2025-09-02 10:14:36 DEBUG cache - TemplateLoader.findTemplateSource("spark/partials/navbar_en_IN.ftl"): Not found
2025-09-02 10:14:36 DEBUG cache - TemplateLoader.findTemplateSource("spark/partials/navbar_en.ftl"): Not found
2025-09-02 10:14:36 DEBUG cache - TemplateLoader.findTemplateSource("spark/partials/navbar.ftl"): Found
2025-09-02 10:14:36 DEBUG cache - Loading template for "spark/partials/navbar.ftl"("en_IN", UTF-8, parsed) from "jar:file:/C:/Users/Ritesh%20Kumar%20Singh/.m2/repository/com/aventstack/extentreports/5.0.9/extentreports-5.0.9.jar!/com/aventstack/extentreports/templates/spark/partials/navbar.ftl"
2025-09-02 10:14:36 DEBUG cache - Couldn't find template in cache for "spark/partials/sidenav.ftl"("en_IN", UTF-8, parsed); will try to load it.
2025-09-02 10:14:36 DEBUG cache - TemplateLoader.findTemplateSource("spark/partials/sidenav_en_IN.ftl"): Not found
2025-09-02 10:14:36 DEBUG cache - TemplateLoader.findTemplateSource("spark/partials/sidenav_en.ftl"): Not found
2025-09-02 10:14:36 DEBUG cache - TemplateLoader.findTemplateSource("spark/partials/sidenav.ftl"): Found
2025-09-02 10:14:36 DEBUG cache - Loading template for "spark/partials/sidenav.ftl"("en_IN", UTF-8, parsed) from "jar:file:/C:/Users/Ritesh%20Kumar%20Singh/.m2/repository/com/aventstack/extentreports/5.0.9/extentreports-5.0.9.jar!/com/aventstack/extentreports/templates/spark/partials/sidenav.ftl"
2025-09-02 10:14:36 DEBUG cache - Couldn't find template in cache for "spark/partials/test.ftl"("en_IN", UTF-8, parsed); will try to load it.
2025-09-02 10:14:36 DEBUG cache - TemplateLoader.findTemplateSource("spark/partials/test_en_IN.ftl"): Not found
2025-09-02 10:14:36 DEBUG cache - TemplateLoader.findTemplateSource("spark/partials/test_en.ftl"): Not found
2025-09-02 10:14:36 DEBUG cache - TemplateLoader.findTemplateSource("spark/partials/test.ftl"): Found
2025-09-02 10:14:36 DEBUG cache - Loading template for "spark/partials/test.ftl"("en_IN", UTF-8, parsed) from "jar:file:/C:/Users/Ritesh%20Kumar%20Singh/.m2/repository/com/aventstack/extentreports/5.0.9/extentreports-5.0.9.jar!/com/aventstack/extentreports/templates/spark/partials/test.ftl"
2025-09-02 10:14:36 DEBUG cache - Couldn't find template in cache for "spark/partials/standard-content.ftl"("en_IN", UTF-8, parsed); will try to load it.
2025-09-02 10:14:36 DEBUG cache - TemplateLoader.findTemplateSource("spark/partials/standard-content_en_IN.ftl"): Not found
2025-09-02 10:14:36 DEBUG cache - TemplateLoader.findTemplateSource("spark/partials/standard-content_en.ftl"): Not found
2025-09-02 10:14:36 DEBUG cache - TemplateLoader.findTemplateSource("spark/partials/standard-content.ftl"): Found
2025-09-02 10:14:36 DEBUG cache - Loading template for "spark/partials/standard-content.ftl"("en_IN", UTF-8, parsed) from "jar:file:/C:/Users/Ritesh%20Kumar%20Singh/.m2/repository/com/aventstack/extentreports/5.0.9/extentreports-5.0.9.jar!/com/aventstack/extentreports/templates/spark/partials/standard-content.ftl"
2025-09-02 10:14:36 DEBUG cache - Couldn't find template in cache for "spark/partials/exception.ftl"("en_IN", UTF-8, parsed); will try to load it.
2025-09-02 10:14:36 DEBUG cache - TemplateLoader.findTemplateSource("spark/partials/exception_en_IN.ftl"): Not found
2025-09-02 10:14:36 DEBUG cache - TemplateLoader.findTemplateSource("spark/partials/exception_en.ftl"): Not found
2025-09-02 10:14:36 DEBUG cache - TemplateLoader.findTemplateSource("spark/partials/exception.ftl"): Found
2025-09-02 10:14:36 DEBUG cache - Loading template for "spark/partials/exception.ftl"("en_IN", UTF-8, parsed) from "jar:file:/C:/Users/Ritesh%20Kumar%20Singh/.m2/repository/com/aventstack/extentreports/5.0.9/extentreports-5.0.9.jar!/com/aventstack/extentreports/templates/spark/partials/exception.ftl"
2025-09-02 10:14:36 DEBUG cache - Couldn't find template in cache for "spark/partials/category.ftl"("en_IN", UTF-8, parsed); will try to load it.
2025-09-02 10:14:36 DEBUG cache - TemplateLoader.findTemplateSource("spark/partials/category_en_IN.ftl"): Not found
2025-09-02 10:14:36 DEBUG cache - TemplateLoader.findTemplateSource("spark/partials/category_en.ftl"): Not found
2025-09-02 10:14:36 DEBUG cache - TemplateLoader.findTemplateSource("spark/partials/category.ftl"): Found
2025-09-02 10:14:36 DEBUG cache - Loading template for "spark/partials/category.ftl"("en_IN", UTF-8, parsed) from "jar:file:/C:/Users/Ritesh%20Kumar%20Singh/.m2/repository/com/aventstack/extentreports/5.0.9/extentreports-5.0.9.jar!/com/aventstack/extentreports/templates/spark/partials/category.ftl"
2025-09-02 10:14:36 DEBUG cache - Couldn't find template in cache for "spark/partials/device.ftl"("en_IN", UTF-8, parsed); will try to load it.
2025-09-02 10:14:36 DEBUG cache - TemplateLoader.findTemplateSource("spark/partials/device_en_IN.ftl"): Not found
2025-09-02 10:14:36 DEBUG cache - TemplateLoader.findTemplateSource("spark/partials/device_en.ftl"): Not found
2025-09-02 10:14:36 DEBUG cache - TemplateLoader.findTemplateSource("spark/partials/device.ftl"): Found
2025-09-02 10:14:36 DEBUG cache - Loading template for "spark/partials/device.ftl"("en_IN", UTF-8, parsed) from "jar:file:/C:/Users/Ritesh%20Kumar%20Singh/.m2/repository/com/aventstack/extentreports/5.0.9/extentreports-5.0.9.jar!/com/aventstack/extentreports/templates/spark/partials/device.ftl"
2025-09-02 10:14:36 DEBUG cache - Couldn't find template in cache for "spark/partials/author.ftl"("en_IN", UTF-8, parsed); will try to load it.
2025-09-02 10:14:36 DEBUG cache - TemplateLoader.findTemplateSource("spark/partials/author_en_IN.ftl"): Not found
2025-09-02 10:14:36 DEBUG cache - TemplateLoader.findTemplateSource("spark/partials/author_en.ftl"): Not found
2025-09-02 10:14:36 DEBUG cache - TemplateLoader.findTemplateSource("spark/partials/author.ftl"): Found
2025-09-02 10:14:36 DEBUG cache - Loading template for "spark/partials/author.ftl"("en_IN", UTF-8, parsed) from "jar:file:/C:/Users/Ritesh%20Kumar%20Singh/.m2/repository/com/aventstack/extentreports/5.0.9/extentreports-5.0.9.jar!/com/aventstack/extentreports/templates/spark/partials/author.ftl"
2025-09-02 10:14:36 DEBUG cache - Couldn't find template in cache for "spark/partials/log.ftl"("en_IN", UTF-8, parsed); will try to load it.
2025-09-02 10:14:36 DEBUG cache - TemplateLoader.findTemplateSource("spark/partials/log_en_IN.ftl"): Not found
2025-09-02 10:14:36 DEBUG cache - TemplateLoader.findTemplateSource("spark/partials/log_en.ftl"): Not found
2025-09-02 10:14:36 DEBUG cache - TemplateLoader.findTemplateSource("spark/partials/log.ftl"): Found
2025-09-02 10:14:36 DEBUG cache - Loading template for "spark/partials/log.ftl"("en_IN", UTF-8, parsed) from "jar:file:/C:/Users/Ritesh%20Kumar%20Singh/.m2/repository/com/aventstack/extentreports/5.0.9/extentreports-5.0.9.jar!/com/aventstack/extentreports/templates/spark/partials/log.ftl"
2025-09-02 10:14:36 DEBUG cache - Couldn't find template in cache for "spark/partials/dashboard.ftl"("en_IN", UTF-8, parsed); will try to load it.
2025-09-02 10:14:36 DEBUG cache - TemplateLoader.findTemplateSource("spark/partials/dashboard_en_IN.ftl"): Not found
2025-09-02 10:14:36 DEBUG cache - TemplateLoader.findTemplateSource("spark/partials/dashboard_en.ftl"): Not found
2025-09-02 10:14:36 DEBUG cache - TemplateLoader.findTemplateSource("spark/partials/dashboard.ftl"): Found
2025-09-02 10:14:36 DEBUG cache - Loading template for "spark/partials/dashboard.ftl"("en_IN", UTF-8, parsed) from "jar:file:/C:/Users/Ritesh%20Kumar%20Singh/.m2/repository/com/aventstack/extentreports/5.0.9/extentreports-5.0.9.jar!/com/aventstack/extentreports/templates/spark/partials/dashboard.ftl"
2025-09-02 10:14:36 DEBUG cache - Couldn't find template in cache for "spark/partials/scripts.ftl"("en_IN", UTF-8, parsed); will try to load it.
2025-09-02 10:14:36 DEBUG cache - TemplateLoader.findTemplateSource("spark/partials/scripts_en_IN.ftl"): Not found
2025-09-02 10:14:36 DEBUG cache - TemplateLoader.findTemplateSource("spark/partials/scripts_en.ftl"): Not found
2025-09-02 10:14:36 DEBUG cache - TemplateLoader.findTemplateSource("spark/partials/scripts.ftl"): Found
2025-09-02 10:14:36 DEBUG cache - Loading template for "spark/partials/scripts.ftl"("en_IN", UTF-8, parsed) from "jar:file:/C:/Users/Ritesh%20Kumar%20Singh/.m2/repository/com/aventstack/extentreports/5.0.9/extentreports-5.0.9.jar!/com/aventstack/extentreports/templates/spark/partials/scripts.ftl"
2025-09-02 10:14:36 DEBUG cache - Couldn't find template in cache for "commons/commons-inject-js.ftl"("en_IN", UTF-8, parsed); will try to load it.
2025-09-02 10:14:36 DEBUG cache - TemplateLoader.findTemplateSource("commons/commons-inject-js_en_IN.ftl"): Not found
2025-09-02 10:14:36 DEBUG cache - TemplateLoader.findTemplateSource("commons/commons-inject-js_en.ftl"): Not found
2025-09-02 10:14:36 DEBUG cache - TemplateLoader.findTemplateSource("commons/commons-inject-js.ftl"): Found
2025-09-02 10:14:36 DEBUG cache - Loading template for "commons/commons-inject-js.ftl"("en_IN", UTF-8, parsed) from "jar:file:/C:/Users/Ritesh%20Kumar%20Singh/.m2/repository/com/aventstack/extentreports/5.0.9/extentreports-5.0.9.jar!/com/aventstack/extentreports/templates/commons/commons-inject-js.ftl"
2025-09-02 10:18:49 INFO  BaseTest - Driver initialized
2025-09-02 10:18:51 INFO  Listeners - simpleTextareaCheckBoxStarted
2025-09-02 10:19:02 INFO  Listeners - simpleTextareaCheckBoxPassed
2025-09-02 10:19:03 INFO  Listeners - dropDownActionsTestStarted
2025-09-02 10:19:09 INFO  Listeners - dropDownActionsTestPassed
2025-09-02 10:19:10 INFO  Listeners - scrollSwitchesStarted
2025-09-02 10:19:24 INFO  Listeners - scrollSwitchesPassed
2025-09-02 10:19:25 INFO  Listeners - dragDropStarted
2025-09-02 10:19:34 INFO  Listeners - dragDropPassed
2025-09-02 10:19:35 INFO  Listeners - interactWithHardwareKeysStarted
2025-09-02 10:19:51 INFO  Listeners - interactWithHardwareKeysPassed
2025-09-02 10:19:52 INFO  BaseTest - Driver closed
2025-09-02 10:19:53 DEBUG cache - Couldn't find template in cache for "spark/spark.spa.ftl"("en_IN", UTF-8, parsed); will try to load it.
2025-09-02 10:19:53 DEBUG cache - TemplateLoader.findTemplateSource("spark/spark.spa_en_IN.ftl"): Not found
2025-09-02 10:19:53 DEBUG cache - TemplateLoader.findTemplateSource("spark/spark.spa_en.ftl"): Not found
2025-09-02 10:19:53 DEBUG cache - TemplateLoader.findTemplateSource("spark/spark.spa.ftl"): Found
2025-09-02 10:19:53 DEBUG cache - Loading template for "spark/spark.spa.ftl"("en_IN", UTF-8, parsed) from "jar:file:/C:/Users/Ritesh%20Kumar%20Singh/.m2/repository/com/aventstack/extentreports/5.0.9/extentreports-5.0.9.jar!/com/aventstack/extentreports/templates/spark/spark.spa.ftl"
2025-09-02 10:19:53 DEBUG cache - Couldn't find template in cache for "commons/commons-variables.ftl"("en_IN", UTF-8, parsed); will try to load it.
2025-09-02 10:19:53 DEBUG cache - TemplateLoader.findTemplateSource("commons/commons-variables_en_IN.ftl"): Not found
2025-09-02 10:19:53 DEBUG cache - TemplateLoader.findTemplateSource("commons/commons-variables_en.ftl"): Not found
2025-09-02 10:19:53 DEBUG cache - TemplateLoader.findTemplateSource("commons/commons-variables.ftl"): Found
2025-09-02 10:19:53 DEBUG cache - Loading template for "commons/commons-variables.ftl"("en_IN", UTF-8, parsed) from "jar:file:/C:/Users/Ritesh%20Kumar%20Singh/.m2/repository/com/aventstack/extentreports/5.0.9/extentreports-5.0.9.jar!/com/aventstack/extentreports/templates/commons/commons-variables.ftl"
2025-09-02 10:19:53 DEBUG cache - Couldn't find template in cache for "commons/commons-macros.ftl"("en_IN", UTF-8, parsed); will try to load it.
2025-09-02 10:19:53 DEBUG cache - TemplateLoader.findTemplateSource("commons/commons-macros_en_IN.ftl"): Not found
2025-09-02 10:19:53 DEBUG cache - TemplateLoader.findTemplateSource("commons/commons-macros_en.ftl"): Not found
2025-09-02 10:19:53 DEBUG cache - TemplateLoader.findTemplateSource("commons/commons-macros.ftl"): Found
2025-09-02 10:19:53 DEBUG cache - Loading template for "commons/commons-macros.ftl"("en_IN", UTF-8, parsed) from "jar:file:/C:/Users/Ritesh%20Kumar%20Singh/.m2/repository/com/aventstack/extentreports/5.0.9/extentreports-5.0.9.jar!/com/aventstack/extentreports/templates/commons/commons-macros.ftl"
2025-09-02 10:19:53 DEBUG cache - Couldn't find template in cache for "spark/macros/attributes.ftl"("en_IN", UTF-8, parsed); will try to load it.
2025-09-02 10:19:53 DEBUG cache - TemplateLoader.findTemplateSource("spark/macros/attributes_en_IN.ftl"): Not found
2025-09-02 10:19:53 DEBUG cache - TemplateLoader.findTemplateSource("spark/macros/attributes_en.ftl"): Not found
2025-09-02 10:19:53 DEBUG cache - TemplateLoader.findTemplateSource("spark/macros/attributes.ftl"): Found
2025-09-02 10:19:53 DEBUG cache - Loading template for "spark/macros/attributes.ftl"("en_IN", UTF-8, parsed) from "jar:file:/C:/Users/Ritesh%20Kumar%20Singh/.m2/repository/com/aventstack/extentreports/5.0.9/extentreports-5.0.9.jar!/com/aventstack/extentreports/templates/spark/macros/attributes.ftl"
2025-09-02 10:19:53 DEBUG cache - Couldn't find template in cache for "spark/macros/log.ftl"("en_IN", UTF-8, parsed); will try to load it.
2025-09-02 10:19:53 DEBUG cache - TemplateLoader.findTemplateSource("spark/macros/log_en_IN.ftl"): Not found
2025-09-02 10:19:53 DEBUG cache - TemplateLoader.findTemplateSource("spark/macros/log_en.ftl"): Not found
2025-09-02 10:19:53 DEBUG cache - TemplateLoader.findTemplateSource("spark/macros/log.ftl"): Found
2025-09-02 10:19:53 DEBUG cache - Loading template for "spark/macros/log.ftl"("en_IN", UTF-8, parsed) from "jar:file:/C:/Users/Ritesh%20Kumar%20Singh/.m2/repository/com/aventstack/extentreports/5.0.9/extentreports-5.0.9.jar!/com/aventstack/extentreports/templates/spark/macros/log.ftl"
2025-09-02 10:19:53 DEBUG cache - Couldn't find template in cache for "spark/macros/recurse_nodes.ftl"("en_IN", UTF-8, parsed); will try to load it.
2025-09-02 10:19:53 DEBUG cache - TemplateLoader.findTemplateSource("spark/macros/recurse_nodes_en_IN.ftl"): Not found
2025-09-02 10:19:53 DEBUG cache - TemplateLoader.findTemplateSource("spark/macros/recurse_nodes_en.ftl"): Not found
2025-09-02 10:19:53 DEBUG cache - TemplateLoader.findTemplateSource("spark/macros/recurse_nodes.ftl"): Found
2025-09-02 10:19:53 DEBUG cache - Loading template for "spark/macros/recurse_nodes.ftl"("en_IN", UTF-8, parsed) from "jar:file:/C:/Users/Ritesh%20Kumar%20Singh/.m2/repository/com/aventstack/extentreports/5.0.9/extentreports-5.0.9.jar!/com/aventstack/extentreports/templates/spark/macros/recurse_nodes.ftl"
2025-09-02 10:19:53 DEBUG cache - "spark/macros/log.ftl"("en_IN", UTF-8, parsed) cached copy not yet stale; using cached.
2025-09-02 10:19:53 DEBUG cache - Couldn't find template in cache for "spark/macros/attr-common.ftl"("en_IN", UTF-8, parsed); will try to load it.
2025-09-02 10:19:53 DEBUG cache - TemplateLoader.findTemplateSource("spark/macros/attr-common_en_IN.ftl"): Not found
2025-09-02 10:19:53 DEBUG cache - TemplateLoader.findTemplateSource("spark/macros/attr-common_en.ftl"): Not found
2025-09-02 10:19:53 DEBUG cache - TemplateLoader.findTemplateSource("spark/macros/attr-common.ftl"): Found
2025-09-02 10:19:53 DEBUG cache - Loading template for "spark/macros/attr-common.ftl"("en_IN", UTF-8, parsed) from "jar:file:/C:/Users/Ritesh%20Kumar%20Singh/.m2/repository/com/aventstack/extentreports/5.0.9/extentreports-5.0.9.jar!/com/aventstack/extentreports/templates/spark/macros/attr-common.ftl"
2025-09-02 10:19:53 DEBUG cache - Couldn't find template in cache for "spark/partials/head.ftl"("en_IN", UTF-8, parsed); will try to load it.
2025-09-02 10:19:53 DEBUG cache - TemplateLoader.findTemplateSource("spark/partials/head_en_IN.ftl"): Not found
2025-09-02 10:19:53 DEBUG cache - TemplateLoader.findTemplateSource("spark/partials/head_en.ftl"): Not found
2025-09-02 10:19:53 DEBUG cache - TemplateLoader.findTemplateSource("spark/partials/head.ftl"): Found
2025-09-02 10:19:53 DEBUG cache - Loading template for "spark/partials/head.ftl"("en_IN", UTF-8, parsed) from "jar:file:/C:/Users/Ritesh%20Kumar%20Singh/.m2/repository/com/aventstack/extentreports/5.0.9/extentreports-5.0.9.jar!/com/aventstack/extentreports/templates/spark/partials/head.ftl"
2025-09-02 10:19:53 DEBUG cache - Couldn't find template in cache for "commons/commons-inject-css.ftl"("en_IN", UTF-8, parsed); will try to load it.
2025-09-02 10:19:53 DEBUG cache - TemplateLoader.findTemplateSource("commons/commons-inject-css_en_IN.ftl"): Not found
2025-09-02 10:19:53 DEBUG cache - TemplateLoader.findTemplateSource("commons/commons-inject-css_en.ftl"): Not found
2025-09-02 10:19:53 DEBUG cache - TemplateLoader.findTemplateSource("commons/commons-inject-css.ftl"): Found
2025-09-02 10:19:53 DEBUG cache - Loading template for "commons/commons-inject-css.ftl"("en_IN", UTF-8, parsed) from "jar:file:/C:/Users/Ritesh%20Kumar%20Singh/.m2/repository/com/aventstack/extentreports/5.0.9/extentreports-5.0.9.jar!/com/aventstack/extentreports/templates/commons/commons-inject-css.ftl"
2025-09-02 10:19:53 DEBUG cache - Couldn't find template in cache for "spark/partials/navbar.ftl"("en_IN", UTF-8, parsed); will try to load it.
2025-09-02 10:19:53 DEBUG cache - TemplateLoader.findTemplateSource("spark/partials/navbar_en_IN.ftl"): Not found
2025-09-02 10:19:53 DEBUG cache - TemplateLoader.findTemplateSource("spark/partials/navbar_en.ftl"): Not found
2025-09-02 10:19:53 DEBUG cache - TemplateLoader.findTemplateSource("spark/partials/navbar.ftl"): Found
2025-09-02 10:19:53 DEBUG cache - Loading template for "spark/partials/navbar.ftl"("en_IN", UTF-8, parsed) from "jar:file:/C:/Users/Ritesh%20Kumar%20Singh/.m2/repository/com/aventstack/extentreports/5.0.9/extentreports-5.0.9.jar!/com/aventstack/extentreports/templates/spark/partials/navbar.ftl"
2025-09-02 10:19:53 DEBUG cache - Couldn't find template in cache for "spark/partials/sidenav.ftl"("en_IN", UTF-8, parsed); will try to load it.
2025-09-02 10:19:53 DEBUG cache - TemplateLoader.findTemplateSource("spark/partials/sidenav_en_IN.ftl"): Not found
2025-09-02 10:19:53 DEBUG cache - TemplateLoader.findTemplateSource("spark/partials/sidenav_en.ftl"): Not found
2025-09-02 10:19:53 DEBUG cache - TemplateLoader.findTemplateSource("spark/partials/sidenav.ftl"): Found
2025-09-02 10:19:53 DEBUG cache - Loading template for "spark/partials/sidenav.ftl"("en_IN", UTF-8, parsed) from "jar:file:/C:/Users/Ritesh%20Kumar%20Singh/.m2/repository/com/aventstack/extentreports/5.0.9/extentreports-5.0.9.jar!/com/aventstack/extentreports/templates/spark/partials/sidenav.ftl"
2025-09-02 10:19:53 DEBUG cache - Couldn't find template in cache for "spark/partials/test.ftl"("en_IN", UTF-8, parsed); will try to load it.
2025-09-02 10:19:53 DEBUG cache - TemplateLoader.findTemplateSource("spark/partials/test_en_IN.ftl"): Not found
2025-09-02 10:19:53 DEBUG cache - TemplateLoader.findTemplateSource("spark/partials/test_en.ftl"): Not found
2025-09-02 10:19:53 DEBUG cache - TemplateLoader.findTemplateSource("spark/partials/test.ftl"): Found
2025-09-02 10:19:53 DEBUG cache - Loading template for "spark/partials/test.ftl"("en_IN", UTF-8, parsed) from "jar:file:/C:/Users/Ritesh%20Kumar%20Singh/.m2/repository/com/aventstack/extentreports/5.0.9/extentreports-5.0.9.jar!/com/aventstack/extentreports/templates/spark/partials/test.ftl"
2025-09-02 10:19:53 DEBUG cache - Couldn't find template in cache for "spark/partials/standard-content.ftl"("en_IN", UTF-8, parsed); will try to load it.
2025-09-02 10:19:53 DEBUG cache - TemplateLoader.findTemplateSource("spark/partials/standard-content_en_IN.ftl"): Not found
2025-09-02 10:19:53 DEBUG cache - TemplateLoader.findTemplateSource("spark/partials/standard-content_en.ftl"): Not found
2025-09-02 10:19:53 DEBUG cache - TemplateLoader.findTemplateSource("spark/partials/standard-content.ftl"): Found
2025-09-02 10:19:53 DEBUG cache - Loading template for "spark/partials/standard-content.ftl"("en_IN", UTF-8, parsed) from "jar:file:/C:/Users/Ritesh%20Kumar%20Singh/.m2/repository/com/aventstack/extentreports/5.0.9/extentreports-5.0.9.jar!/com/aventstack/extentreports/templates/spark/partials/standard-content.ftl"
2025-09-02 10:19:53 DEBUG cache - "spark/partials/standard-content.ftl"("en_IN", UTF-8, parsed) cached copy not yet stale; using cached.
2025-09-02 10:19:53 DEBUG cache - "spark/partials/standard-content.ftl"("en_IN", UTF-8, parsed) cached copy not yet stale; using cached.
2025-09-02 10:19:53 DEBUG cache - "spark/partials/standard-content.ftl"("en_IN", UTF-8, parsed) cached copy not yet stale; using cached.
2025-09-02 10:19:53 DEBUG cache - "spark/partials/standard-content.ftl"("en_IN", UTF-8, parsed) cached copy not yet stale; using cached.
2025-09-02 10:19:53 DEBUG cache - Couldn't find template in cache for "spark/partials/exception.ftl"("en_IN", UTF-8, parsed); will try to load it.
2025-09-02 10:19:53 DEBUG cache - TemplateLoader.findTemplateSource("spark/partials/exception_en_IN.ftl"): Not found
2025-09-02 10:19:53 DEBUG cache - TemplateLoader.findTemplateSource("spark/partials/exception_en.ftl"): Not found
2025-09-02 10:19:53 DEBUG cache - TemplateLoader.findTemplateSource("spark/partials/exception.ftl"): Found
2025-09-02 10:19:53 DEBUG cache - Loading template for "spark/partials/exception.ftl"("en_IN", UTF-8, parsed) from "jar:file:/C:/Users/Ritesh%20Kumar%20Singh/.m2/repository/com/aventstack/extentreports/5.0.9/extentreports-5.0.9.jar!/com/aventstack/extentreports/templates/spark/partials/exception.ftl"
2025-09-02 10:19:53 DEBUG cache - Couldn't find template in cache for "spark/partials/category.ftl"("en_IN", UTF-8, parsed); will try to load it.
2025-09-02 10:19:53 DEBUG cache - TemplateLoader.findTemplateSource("spark/partials/category_en_IN.ftl"): Not found
2025-09-02 10:19:53 DEBUG cache - TemplateLoader.findTemplateSource("spark/partials/category_en.ftl"): Not found
2025-09-02 10:19:53 DEBUG cache - TemplateLoader.findTemplateSource("spark/partials/category.ftl"): Found
2025-09-02 10:19:53 DEBUG cache - Loading template for "spark/partials/category.ftl"("en_IN", UTF-8, parsed) from "jar:file:/C:/Users/Ritesh%20Kumar%20Singh/.m2/repository/com/aventstack/extentreports/5.0.9/extentreports-5.0.9.jar!/com/aventstack/extentreports/templates/spark/partials/category.ftl"
2025-09-02 10:19:53 DEBUG cache - Couldn't find template in cache for "spark/partials/device.ftl"("en_IN", UTF-8, parsed); will try to load it.
2025-09-02 10:19:53 DEBUG cache - TemplateLoader.findTemplateSource("spark/partials/device_en_IN.ftl"): Not found
2025-09-02 10:19:53 DEBUG cache - TemplateLoader.findTemplateSource("spark/partials/device_en.ftl"): Not found
2025-09-02 10:19:53 DEBUG cache - TemplateLoader.findTemplateSource("spark/partials/device.ftl"): Found
2025-09-02 10:19:53 DEBUG cache - Loading template for "spark/partials/device.ftl"("en_IN", UTF-8, parsed) from "jar:file:/C:/Users/Ritesh%20Kumar%20Singh/.m2/repository/com/aventstack/extentreports/5.0.9/extentreports-5.0.9.jar!/com/aventstack/extentreports/templates/spark/partials/device.ftl"
2025-09-02 10:19:53 DEBUG cache - Couldn't find template in cache for "spark/partials/author.ftl"("en_IN", UTF-8, parsed); will try to load it.
2025-09-02 10:19:53 DEBUG cache - TemplateLoader.findTemplateSource("spark/partials/author_en_IN.ftl"): Not found
2025-09-02 10:19:53 DEBUG cache - TemplateLoader.findTemplateSource("spark/partials/author_en.ftl"): Not found
2025-09-02 10:19:53 DEBUG cache - TemplateLoader.findTemplateSource("spark/partials/author.ftl"): Found
2025-09-02 10:19:53 DEBUG cache - Loading template for "spark/partials/author.ftl"("en_IN", UTF-8, parsed) from "jar:file:/C:/Users/Ritesh%20Kumar%20Singh/.m2/repository/com/aventstack/extentreports/5.0.9/extentreports-5.0.9.jar!/com/aventstack/extentreports/templates/spark/partials/author.ftl"
2025-09-02 10:19:53 DEBUG cache - Couldn't find template in cache for "spark/partials/log.ftl"("en_IN", UTF-8, parsed); will try to load it.
2025-09-02 10:19:53 DEBUG cache - TemplateLoader.findTemplateSource("spark/partials/log_en_IN.ftl"): Not found
2025-09-02 10:19:53 DEBUG cache - TemplateLoader.findTemplateSource("spark/partials/log_en.ftl"): Not found
2025-09-02 10:19:53 DEBUG cache - TemplateLoader.findTemplateSource("spark/partials/log.ftl"): Found
2025-09-02 10:19:53 DEBUG cache - Loading template for "spark/partials/log.ftl"("en_IN", UTF-8, parsed) from "jar:file:/C:/Users/Ritesh%20Kumar%20Singh/.m2/repository/com/aventstack/extentreports/5.0.9/extentreports-5.0.9.jar!/com/aventstack/extentreports/templates/spark/partials/log.ftl"
2025-09-02 10:19:53 DEBUG cache - Couldn't find template in cache for "spark/partials/dashboard.ftl"("en_IN", UTF-8, parsed); will try to load it.
2025-09-02 10:19:53 DEBUG cache - TemplateLoader.findTemplateSource("spark/partials/dashboard_en_IN.ftl"): Not found
2025-09-02 10:19:53 DEBUG cache - TemplateLoader.findTemplateSource("spark/partials/dashboard_en.ftl"): Not found
2025-09-02 10:19:53 DEBUG cache - TemplateLoader.findTemplateSource("spark/partials/dashboard.ftl"): Found
2025-09-02 10:19:53 DEBUG cache - Loading template for "spark/partials/dashboard.ftl"("en_IN", UTF-8, parsed) from "jar:file:/C:/Users/Ritesh%20Kumar%20Singh/.m2/repository/com/aventstack/extentreports/5.0.9/extentreports-5.0.9.jar!/com/aventstack/extentreports/templates/spark/partials/dashboard.ftl"
2025-09-02 10:19:53 DEBUG cache - Couldn't find template in cache for "spark/partials/scripts.ftl"("en_IN", UTF-8, parsed); will try to load it.
2025-09-02 10:19:53 DEBUG cache - TemplateLoader.findTemplateSource("spark/partials/scripts_en_IN.ftl"): Not found
2025-09-02 10:19:53 DEBUG cache - TemplateLoader.findTemplateSource("spark/partials/scripts_en.ftl"): Not found
2025-09-02 10:19:53 DEBUG cache - TemplateLoader.findTemplateSource("spark/partials/scripts.ftl"): Found
2025-09-02 10:19:53 DEBUG cache - Loading template for "spark/partials/scripts.ftl"("en_IN", UTF-8, parsed) from "jar:file:/C:/Users/Ritesh%20Kumar%20Singh/.m2/repository/com/aventstack/extentreports/5.0.9/extentreports-5.0.9.jar!/com/aventstack/extentreports/templates/spark/partials/scripts.ftl"
2025-09-02 10:19:53 DEBUG cache - Couldn't find template in cache for "commons/commons-inject-js.ftl"("en_IN", UTF-8, parsed); will try to load it.
2025-09-02 10:19:53 DEBUG cache - TemplateLoader.findTemplateSource("commons/commons-inject-js_en_IN.ftl"): Not found
2025-09-02 10:19:53 DEBUG cache - TemplateLoader.findTemplateSource("commons/commons-inject-js_en.ftl"): Not found
2025-09-02 10:19:53 DEBUG cache - TemplateLoader.findTemplateSource("commons/commons-inject-js.ftl"): Found
2025-09-02 10:19:53 DEBUG cache - Loading template for "commons/commons-inject-js.ftl"("en_IN", UTF-8, parsed) from "jar:file:/C:/Users/Ritesh%20Kumar%20Singh/.m2/repository/com/aventstack/extentreports/5.0.9/extentreports-5.0.9.jar!/com/aventstack/extentreports/templates/commons/commons-inject-js.ftl"
2025-09-15 15:24:03 DEBUG cache - Couldn't find template in cache for "spark/spark.spa.ftl"("en_IN", UTF-8, parsed); will try to load it.
2025-09-15 15:24:03 DEBUG cache - TemplateLoader.findTemplateSource("spark/spark.spa_en_IN.ftl"): Not found
2025-09-15 15:24:03 DEBUG cache - TemplateLoader.findTemplateSource("spark/spark.spa_en.ftl"): Not found
2025-09-15 15:24:03 DEBUG cache - TemplateLoader.findTemplateSource("spark/spark.spa.ftl"): Found
2025-09-15 15:24:03 DEBUG cache - Loading template for "spark/spark.spa.ftl"("en_IN", UTF-8, parsed) from "jar:file:/C:/Users/Ritesh%20Kumar%20Singh/.m2/repository/com/aventstack/extentreports/5.1.2/extentreports-5.1.2.jar!/com/aventstack/extentreports/templates/spark/spark.spa.ftl"
2025-09-15 15:24:03 DEBUG cache - Couldn't find template in cache for "commons/commons-variables.ftl"("en_IN", UTF-8, parsed); will try to load it.
2025-09-15 15:24:03 DEBUG cache - TemplateLoader.findTemplateSource("commons/commons-variables_en_IN.ftl"): Not found
2025-09-15 15:24:03 DEBUG cache - TemplateLoader.findTemplateSource("commons/commons-variables_en.ftl"): Not found
2025-09-15 15:24:03 DEBUG cache - TemplateLoader.findTemplateSource("commons/commons-variables.ftl"): Found
2025-09-15 15:24:03 DEBUG cache - Loading template for "commons/commons-variables.ftl"("en_IN", UTF-8, parsed) from "jar:file:/C:/Users/Ritesh%20Kumar%20Singh/.m2/repository/com/aventstack/extentreports/5.1.2/extentreports-5.1.2.jar!/com/aventstack/extentreports/templates/commons/commons-variables.ftl"
2025-09-15 15:24:03 DEBUG cache - Couldn't find template in cache for "commons/commons-macros.ftl"("en_IN", UTF-8, parsed); will try to load it.
2025-09-15 15:24:03 DEBUG cache - TemplateLoader.findTemplateSource("commons/commons-macros_en_IN.ftl"): Not found
2025-09-15 15:24:03 DEBUG cache - TemplateLoader.findTemplateSource("commons/commons-macros_en.ftl"): Not found
2025-09-15 15:24:03 DEBUG cache - TemplateLoader.findTemplateSource("commons/commons-macros.ftl"): Found
2025-09-15 15:24:03 DEBUG cache - Loading template for "commons/commons-macros.ftl"("en_IN", UTF-8, parsed) from "jar:file:/C:/Users/Ritesh%20Kumar%20Singh/.m2/repository/com/aventstack/extentreports/5.1.2/extentreports-5.1.2.jar!/com/aventstack/extentreports/templates/commons/commons-macros.ftl"
2025-09-15 15:24:03 DEBUG cache - Couldn't find template in cache for "spark/macros/attributes.ftl"("en_IN", UTF-8, parsed); will try to load it.
2025-09-15 15:24:03 DEBUG cache - TemplateLoader.findTemplateSource("spark/macros/attributes_en_IN.ftl"): Not found
2025-09-15 15:24:03 DEBUG cache - TemplateLoader.findTemplateSource("spark/macros/attributes_en.ftl"): Not found
2025-09-15 15:24:03 DEBUG cache - TemplateLoader.findTemplateSource("spark/macros/attributes.ftl"): Found
2025-09-15 15:24:03 DEBUG cache - Loading template for "spark/macros/attributes.ftl"("en_IN", UTF-8, parsed) from "jar:file:/C:/Users/Ritesh%20Kumar%20Singh/.m2/repository/com/aventstack/extentreports/5.1.2/extentreports-5.1.2.jar!/com/aventstack/extentreports/templates/spark/macros/attributes.ftl"
2025-09-15 15:24:03 DEBUG cache - Couldn't find template in cache for "spark/macros/log.ftl"("en_IN", UTF-8, parsed); will try to load it.
2025-09-15 15:24:03 DEBUG cache - TemplateLoader.findTemplateSource("spark/macros/log_en_IN.ftl"): Not found
2025-09-15 15:24:03 DEBUG cache - TemplateLoader.findTemplateSource("spark/macros/log_en.ftl"): Not found
2025-09-15 15:24:03 DEBUG cache - TemplateLoader.findTemplateSource("spark/macros/log.ftl"): Found
2025-09-15 15:24:03 DEBUG cache - Loading template for "spark/macros/log.ftl"("en_IN", UTF-8, parsed) from "jar:file:/C:/Users/Ritesh%20Kumar%20Singh/.m2/repository/com/aventstack/extentreports/5.1.2/extentreports-5.1.2.jar!/com/aventstack/extentreports/templates/spark/macros/log.ftl"
2025-09-15 15:24:03 DEBUG cache - Couldn't find template in cache for "spark/macros/recurse_nodes.ftl"("en_IN", UTF-8, parsed); will try to load it.
2025-09-15 15:24:03 DEBUG cache - TemplateLoader.findTemplateSource("spark/macros/recurse_nodes_en_IN.ftl"): Not found
2025-09-15 15:24:03 DEBUG cache - TemplateLoader.findTemplateSource("spark/macros/recurse_nodes_en.ftl"): Not found
2025-09-15 15:24:03 DEBUG cache - TemplateLoader.findTemplateSource("spark/macros/recurse_nodes.ftl"): Found
2025-09-15 15:24:03 DEBUG cache - Loading template for "spark/macros/recurse_nodes.ftl"("en_IN", UTF-8, parsed) from "jar:file:/C:/Users/Ritesh%20Kumar%20Singh/.m2/repository/com/aventstack/extentreports/5.1.2/extentreports-5.1.2.jar!/com/aventstack/extentreports/templates/spark/macros/recurse_nodes.ftl"
2025-09-15 15:24:03 DEBUG cache - "spark/macros/log.ftl"("en_IN", UTF-8, parsed) cached copy not yet stale; using cached.
2025-09-15 15:24:03 DEBUG cache - Couldn't find template in cache for "spark/macros/attr-common.ftl"("en_IN", UTF-8, parsed); will try to load it.
2025-09-15 15:24:03 DEBUG cache - TemplateLoader.findTemplateSource("spark/macros/attr-common_en_IN.ftl"): Not found
2025-09-15 15:24:03 DEBUG cache - TemplateLoader.findTemplateSource("spark/macros/attr-common_en.ftl"): Not found
2025-09-15 15:24:03 DEBUG cache - TemplateLoader.findTemplateSource("spark/macros/attr-common.ftl"): Found
2025-09-15 15:24:03 DEBUG cache - Loading template for "spark/macros/attr-common.ftl"("en_IN", UTF-8, parsed) from "jar:file:/C:/Users/Ritesh%20Kumar%20Singh/.m2/repository/com/aventstack/extentreports/5.1.2/extentreports-5.1.2.jar!/com/aventstack/extentreports/templates/spark/macros/attr-common.ftl"
2025-09-15 15:24:03 DEBUG cache - Couldn't find template in cache for "spark/partials/head.ftl"("en_IN", UTF-8, parsed); will try to load it.
2025-09-15 15:24:03 DEBUG cache - TemplateLoader.findTemplateSource("spark/partials/head_en_IN.ftl"): Not found
2025-09-15 15:24:03 DEBUG cache - TemplateLoader.findTemplateSource("spark/partials/head_en.ftl"): Not found
2025-09-15 15:24:03 DEBUG cache - TemplateLoader.findTemplateSource("spark/partials/head.ftl"): Found
2025-09-15 15:24:03 DEBUG cache - Loading template for "spark/partials/head.ftl"("en_IN", UTF-8, parsed) from "jar:file:/C:/Users/Ritesh%20Kumar%20Singh/.m2/repository/com/aventstack/extentreports/5.1.2/extentreports-5.1.2.jar!/com/aventstack/extentreports/templates/spark/partials/head.ftl"
2025-09-15 15:24:03 DEBUG cache - Couldn't find template in cache for "commons/commons-inject-css.ftl"("en_IN", UTF-8, parsed); will try to load it.
2025-09-15 15:24:03 DEBUG cache - TemplateLoader.findTemplateSource("commons/commons-inject-css_en_IN.ftl"): Not found
2025-09-15 15:24:03 DEBUG cache - TemplateLoader.findTemplateSource("commons/commons-inject-css_en.ftl"): Not found
2025-09-15 15:24:03 DEBUG cache - TemplateLoader.findTemplateSource("commons/commons-inject-css.ftl"): Found
2025-09-15 15:24:03 DEBUG cache - Loading template for "commons/commons-inject-css.ftl"("en_IN", UTF-8, parsed) from "jar:file:/C:/Users/Ritesh%20Kumar%20Singh/.m2/repository/com/aventstack/extentreports/5.1.2/extentreports-5.1.2.jar!/com/aventstack/extentreports/templates/commons/commons-inject-css.ftl"
2025-09-15 15:24:03 DEBUG cache - Couldn't find template in cache for "spark/partials/navbar.ftl"("en_IN", UTF-8, parsed); will try to load it.
2025-09-15 15:24:03 DEBUG cache - TemplateLoader.findTemplateSource("spark/partials/navbar_en_IN.ftl"): Not found
2025-09-15 15:24:03 DEBUG cache - TemplateLoader.findTemplateSource("spark/partials/navbar_en.ftl"): Not found
2025-09-15 15:24:03 DEBUG cache - TemplateLoader.findTemplateSource("spark/partials/navbar.ftl"): Found
2025-09-15 15:24:03 DEBUG cache - Loading template for "spark/partials/navbar.ftl"("en_IN", UTF-8, parsed) from "jar:file:/C:/Users/Ritesh%20Kumar%20Singh/.m2/repository/com/aventstack/extentreports/5.1.2/extentreports-5.1.2.jar!/com/aventstack/extentreports/templates/spark/partials/navbar.ftl"
2025-09-15 15:24:03 DEBUG cache - Couldn't find template in cache for "spark/partials/sidenav.ftl"("en_IN", UTF-8, parsed); will try to load it.
2025-09-15 15:24:03 DEBUG cache - TemplateLoader.findTemplateSource("spark/partials/sidenav_en_IN.ftl"): Not found
2025-09-15 15:24:03 DEBUG cache - TemplateLoader.findTemplateSource("spark/partials/sidenav_en.ftl"): Not found
2025-09-15 15:24:03 DEBUG cache - TemplateLoader.findTemplateSource("spark/partials/sidenav.ftl"): Found
2025-09-15 15:24:03 DEBUG cache - Loading template for "spark/partials/sidenav.ftl"("en_IN", UTF-8, parsed) from "jar:file:/C:/Users/Ritesh%20Kumar%20Singh/.m2/repository/com/aventstack/extentreports/5.1.2/extentreports-5.1.2.jar!/com/aventstack/extentreports/templates/spark/partials/sidenav.ftl"
2025-09-15 15:24:03 DEBUG cache - Couldn't find template in cache for "spark/partials/test.ftl"("en_IN", UTF-8, parsed); will try to load it.
2025-09-15 15:24:03 DEBUG cache - TemplateLoader.findTemplateSource("spark/partials/test_en_IN.ftl"): Not found
2025-09-15 15:24:03 DEBUG cache - TemplateLoader.findTemplateSource("spark/partials/test_en.ftl"): Not found
2025-09-15 15:24:03 DEBUG cache - TemplateLoader.findTemplateSource("spark/partials/test.ftl"): Found
2025-09-15 15:24:03 DEBUG cache - Loading template for "spark/partials/test.ftl"("en_IN", UTF-8, parsed) from "jar:file:/C:/Users/Ritesh%20Kumar%20Singh/.m2/repository/com/aventstack/extentreports/5.1.2/extentreports-5.1.2.jar!/com/aventstack/extentreports/templates/spark/partials/test.ftl"
2025-09-15 15:24:03 DEBUG cache - Couldn't find template in cache for "spark/partials/standard-content.ftl"("en_IN", UTF-8, parsed); will try to load it.
2025-09-15 15:24:03 DEBUG cache - TemplateLoader.findTemplateSource("spark/partials/standard-content_en_IN.ftl"): Not found
2025-09-15 15:24:03 DEBUG cache - TemplateLoader.findTemplateSource("spark/partials/standard-content_en.ftl"): Not found
2025-09-15 15:24:03 DEBUG cache - TemplateLoader.findTemplateSource("spark/partials/standard-content.ftl"): Found
2025-09-15 15:24:03 DEBUG cache - Loading template for "spark/partials/standard-content.ftl"("en_IN", UTF-8, parsed) from "jar:file:/C:/Users/Ritesh%20Kumar%20Singh/.m2/repository/com/aventstack/extentreports/5.1.2/extentreports-5.1.2.jar!/com/aventstack/extentreports/templates/spark/partials/standard-content.ftl"
2025-09-15 15:24:03 DEBUG cache - Couldn't find template in cache for "spark/partials/exception.ftl"("en_IN", UTF-8, parsed); will try to load it.
2025-09-15 15:24:03 DEBUG cache - TemplateLoader.findTemplateSource("spark/partials/exception_en_IN.ftl"): Not found
2025-09-15 15:24:03 DEBUG cache - TemplateLoader.findTemplateSource("spark/partials/exception_en.ftl"): Not found
2025-09-15 15:24:03 DEBUG cache - TemplateLoader.findTemplateSource("spark/partials/exception.ftl"): Found
2025-09-15 15:24:03 DEBUG cache - Loading template for "spark/partials/exception.ftl"("en_IN", UTF-8, parsed) from "jar:file:/C:/Users/Ritesh%20Kumar%20Singh/.m2/repository/com/aventstack/extentreports/5.1.2/extentreports-5.1.2.jar!/com/aventstack/extentreports/templates/spark/partials/exception.ftl"
2025-09-15 15:24:03 DEBUG cache - Couldn't find template in cache for "spark/partials/category.ftl"("en_IN", UTF-8, parsed); will try to load it.
2025-09-15 15:24:03 DEBUG cache - TemplateLoader.findTemplateSource("spark/partials/category_en_IN.ftl"): Not found
2025-09-15 15:24:03 DEBUG cache - TemplateLoader.findTemplateSource("spark/partials/category_en.ftl"): Not found
2025-09-15 15:24:03 DEBUG cache - TemplateLoader.findTemplateSource("spark/partials/category.ftl"): Found
2025-09-15 15:24:03 DEBUG cache - Loading template for "spark/partials/category.ftl"("en_IN", UTF-8, parsed) from "jar:file:/C:/Users/Ritesh%20Kumar%20Singh/.m2/repository/com/aventstack/extentreports/5.1.2/extentreports-5.1.2.jar!/com/aventstack/extentreports/templates/spark/partials/category.ftl"
2025-09-15 15:24:03 DEBUG cache - Couldn't find template in cache for "spark/partials/device.ftl"("en_IN", UTF-8, parsed); will try to load it.
2025-09-15 15:24:03 DEBUG cache - TemplateLoader.findTemplateSource("spark/partials/device_en_IN.ftl"): Not found
2025-09-15 15:24:03 DEBUG cache - TemplateLoader.findTemplateSource("spark/partials/device_en.ftl"): Not found
2025-09-15 15:24:03 DEBUG cache - TemplateLoader.findTemplateSource("spark/partials/device.ftl"): Found
2025-09-15 15:24:03 DEBUG cache - Loading template for "spark/partials/device.ftl"("en_IN", UTF-8, parsed) from "jar:file:/C:/Users/Ritesh%20Kumar%20Singh/.m2/repository/com/aventstack/extentreports/5.1.2/extentreports-5.1.2.jar!/com/aventstack/extentreports/templates/spark/partials/device.ftl"
2025-09-15 15:24:03 DEBUG cache - Couldn't find template in cache for "spark/partials/author.ftl"("en_IN", UTF-8, parsed); will try to load it.
2025-09-15 15:24:03 DEBUG cache - TemplateLoader.findTemplateSource("spark/partials/author_en_IN.ftl"): Not found
2025-09-15 15:24:03 DEBUG cache - TemplateLoader.findTemplateSource("spark/partials/author_en.ftl"): Not found
2025-09-15 15:24:03 DEBUG cache - TemplateLoader.findTemplateSource("spark/partials/author.ftl"): Found
2025-09-15 15:24:03 DEBUG cache - Loading template for "spark/partials/author.ftl"("en_IN", UTF-8, parsed) from "jar:file:/C:/Users/Ritesh%20Kumar%20Singh/.m2/repository/com/aventstack/extentreports/5.1.2/extentreports-5.1.2.jar!/com/aventstack/extentreports/templates/spark/partials/author.ftl"
2025-09-15 15:24:03 DEBUG cache - Couldn't find template in cache for "spark/partials/log.ftl"("en_IN", UTF-8, parsed); will try to load it.
2025-09-15 15:24:03 DEBUG cache - TemplateLoader.findTemplateSource("spark/partials/log_en_IN.ftl"): Not found
2025-09-15 15:24:03 DEBUG cache - TemplateLoader.findTemplateSource("spark/partials/log_en.ftl"): Not found
2025-09-15 15:24:03 DEBUG cache - TemplateLoader.findTemplateSource("spark/partials/log.ftl"): Found
2025-09-15 15:24:03 DEBUG cache - Loading template for "spark/partials/log.ftl"("en_IN", UTF-8, parsed) from "jar:file:/C:/Users/Ritesh%20Kumar%20Singh/.m2/repository/com/aventstack/extentreports/5.1.2/extentreports-5.1.2.jar!/com/aventstack/extentreports/templates/spark/partials/log.ftl"
2025-09-15 15:24:03 DEBUG cache - Couldn't find template in cache for "spark/partials/dashboard.ftl"("en_IN", UTF-8, parsed); will try to load it.
2025-09-15 15:24:03 DEBUG cache - TemplateLoader.findTemplateSource("spark/partials/dashboard_en_IN.ftl"): Not found
2025-09-15 15:24:03 DEBUG cache - TemplateLoader.findTemplateSource("spark/partials/dashboard_en.ftl"): Not found
2025-09-15 15:24:03 DEBUG cache - TemplateLoader.findTemplateSource("spark/partials/dashboard.ftl"): Found
2025-09-15 15:24:03 DEBUG cache - Loading template for "spark/partials/dashboard.ftl"("en_IN", UTF-8, parsed) from "jar:file:/C:/Users/Ritesh%20Kumar%20Singh/.m2/repository/com/aventstack/extentreports/5.1.2/extentreports-5.1.2.jar!/com/aventstack/extentreports/templates/spark/partials/dashboard.ftl"
2025-09-15 15:24:03 DEBUG cache - Couldn't find template in cache for "spark/partials/scripts.ftl"("en_IN", UTF-8, parsed); will try to load it.
2025-09-15 15:24:03 DEBUG cache - TemplateLoader.findTemplateSource("spark/partials/scripts_en_IN.ftl"): Not found
2025-09-15 15:24:03 DEBUG cache - TemplateLoader.findTemplateSource("spark/partials/scripts_en.ftl"): Not found
2025-09-15 15:24:03 DEBUG cache - TemplateLoader.findTemplateSource("spark/partials/scripts.ftl"): Found
2025-09-15 15:24:03 DEBUG cache - Loading template for "spark/partials/scripts.ftl"("en_IN", UTF-8, parsed) from "jar:file:/C:/Users/Ritesh%20Kumar%20Singh/.m2/repository/com/aventstack/extentreports/5.1.2/extentreports-5.1.2.jar!/com/aventstack/extentreports/templates/spark/partials/scripts.ftl"
2025-09-15 15:24:03 DEBUG cache - Couldn't find template in cache for "commons/commons-inject-js.ftl"("en_IN", UTF-8, parsed); will try to load it.
2025-09-15 15:24:03 DEBUG cache - TemplateLoader.findTemplateSource("commons/commons-inject-js_en_IN.ftl"): Not found
2025-09-15 15:24:03 DEBUG cache - TemplateLoader.findTemplateSource("commons/commons-inject-js_en.ftl"): Not found
2025-09-15 15:24:03 DEBUG cache - TemplateLoader.findTemplateSource("commons/commons-inject-js.ftl"): Found
2025-09-15 15:24:03 DEBUG cache - Loading template for "commons/commons-inject-js.ftl"("en_IN", UTF-8, parsed) from "jar:file:/C:/Users/Ritesh%20Kumar%20Singh/.m2/repository/com/aventstack/extentreports/5.1.2/extentreports-5.1.2.jar!/com/aventstack/extentreports/templates/commons/commons-inject-js.ftl"
2025-09-15 15:25:34 INFO  BaseTest - Driver initialized
2025-09-15 15:25:36 INFO  Listeners - simpleTextareaCheckBoxStarted
2025-09-15 15:25:46 INFO  Listeners - simpleTextareaCheckBoxPassed
2025-09-15 15:25:47 INFO  Listeners - dropDownActionsTestStarted
2025-09-15 15:25:55 INFO  Listeners - dropDownActionsTestPassed
2025-09-15 15:25:56 INFO  Listeners - scrollSwitchesStarted
2025-09-15 15:26:10 INFO  Listeners - scrollSwitchesPassed
2025-09-15 15:26:11 INFO  Listeners - dragDropStarted
2025-09-15 15:26:20 INFO  Listeners - dragDropPassed
2025-09-15 15:26:21 INFO  Listeners - interactWithHardwareKeysStarted
2025-09-15 15:26:33 INFO  Listeners - interactWithHardwareKeysPassed
2025-09-15 15:26:36 INFO  BaseTest - Driver closed
2025-09-15 15:26:36 DEBUG cache - Couldn't find template in cache for "spark/spark.spa.ftl"("en_IN", UTF-8, parsed); will try to load it.
2025-09-15 15:26:36 DEBUG cache - TemplateLoader.findTemplateSource("spark/spark.spa_en_IN.ftl"): Not found
2025-09-15 15:26:36 DEBUG cache - TemplateLoader.findTemplateSource("spark/spark.spa_en.ftl"): Not found
2025-09-15 15:26:36 DEBUG cache - TemplateLoader.findTemplateSource("spark/spark.spa.ftl"): Found
2025-09-15 15:26:36 DEBUG cache - Loading template for "spark/spark.spa.ftl"("en_IN", UTF-8, parsed) from "jar:file:/C:/Users/Ritesh%20Kumar%20Singh/.m2/repository/com/aventstack/extentreports/5.1.2/extentreports-5.1.2.jar!/com/aventstack/extentreports/templates/spark/spark.spa.ftl"
2025-09-15 15:26:36 DEBUG cache - Couldn't find template in cache for "commons/commons-variables.ftl"("en_IN", UTF-8, parsed); will try to load it.
2025-09-15 15:26:36 DEBUG cache - TemplateLoader.findTemplateSource("commons/commons-variables_en_IN.ftl"): Not found
2025-09-15 15:26:36 DEBUG cache - TemplateLoader.findTemplateSource("commons/commons-variables_en.ftl"): Not found
2025-09-15 15:26:36 DEBUG cache - TemplateLoader.findTemplateSource("commons/commons-variables.ftl"): Found
2025-09-15 15:26:36 DEBUG cache - Loading template for "commons/commons-variables.ftl"("en_IN", UTF-8, parsed) from "jar:file:/C:/Users/Ritesh%20Kumar%20Singh/.m2/repository/com/aventstack/extentreports/5.1.2/extentreports-5.1.2.jar!/com/aventstack/extentreports/templates/commons/commons-variables.ftl"
2025-09-15 15:26:36 DEBUG cache - Couldn't find template in cache for "commons/commons-macros.ftl"("en_IN", UTF-8, parsed); will try to load it.
2025-09-15 15:26:36 DEBUG cache - TemplateLoader.findTemplateSource("commons/commons-macros_en_IN.ftl"): Not found
2025-09-15 15:26:36 DEBUG cache - TemplateLoader.findTemplateSource("commons/commons-macros_en.ftl"): Not found
2025-09-15 15:26:36 DEBUG cache - TemplateLoader.findTemplateSource("commons/commons-macros.ftl"): Found
2025-09-15 15:26:36 DEBUG cache - Loading template for "commons/commons-macros.ftl"("en_IN", UTF-8, parsed) from "jar:file:/C:/Users/Ritesh%20Kumar%20Singh/.m2/repository/com/aventstack/extentreports/5.1.2/extentreports-5.1.2.jar!/com/aventstack/extentreports/templates/commons/commons-macros.ftl"
2025-09-15 15:26:36 DEBUG cache - Couldn't find template in cache for "spark/macros/attributes.ftl"("en_IN", UTF-8, parsed); will try to load it.
2025-09-15 15:26:36 DEBUG cache - TemplateLoader.findTemplateSource("spark/macros/attributes_en_IN.ftl"): Not found
2025-09-15 15:26:36 DEBUG cache - TemplateLoader.findTemplateSource("spark/macros/attributes_en.ftl"): Not found
2025-09-15 15:26:36 DEBUG cache - TemplateLoader.findTemplateSource("spark/macros/attributes.ftl"): Found
2025-09-15 15:26:36 DEBUG cache - Loading template for "spark/macros/attributes.ftl"("en_IN", UTF-8, parsed) from "jar:file:/C:/Users/Ritesh%20Kumar%20Singh/.m2/repository/com/aventstack/extentreports/5.1.2/extentreports-5.1.2.jar!/com/aventstack/extentreports/templates/spark/macros/attributes.ftl"
2025-09-15 15:26:36 DEBUG cache - Couldn't find template in cache for "spark/macros/log.ftl"("en_IN", UTF-8, parsed); will try to load it.
2025-09-15 15:26:36 DEBUG cache - TemplateLoader.findTemplateSource("spark/macros/log_en_IN.ftl"): Not found
2025-09-15 15:26:36 DEBUG cache - TemplateLoader.findTemplateSource("spark/macros/log_en.ftl"): Not found
2025-09-15 15:26:36 DEBUG cache - TemplateLoader.findTemplateSource("spark/macros/log.ftl"): Found
2025-09-15 15:26:36 DEBUG cache - Loading template for "spark/macros/log.ftl"("en_IN", UTF-8, parsed) from "jar:file:/C:/Users/Ritesh%20Kumar%20Singh/.m2/repository/com/aventstack/extentreports/5.1.2/extentreports-5.1.2.jar!/com/aventstack/extentreports/templates/spark/macros/log.ftl"
2025-09-15 15:26:36 DEBUG cache - Couldn't find template in cache for "spark/macros/recurse_nodes.ftl"("en_IN", UTF-8, parsed); will try to load it.
2025-09-15 15:26:36 DEBUG cache - TemplateLoader.findTemplateSource("spark/macros/recurse_nodes_en_IN.ftl"): Not found
2025-09-15 15:26:36 DEBUG cache - TemplateLoader.findTemplateSource("spark/macros/recurse_nodes_en.ftl"): Not found
2025-09-15 15:26:36 DEBUG cache - TemplateLoader.findTemplateSource("spark/macros/recurse_nodes.ftl"): Found
2025-09-15 15:26:36 DEBUG cache - Loading template for "spark/macros/recurse_nodes.ftl"("en_IN", UTF-8, parsed) from "jar:file:/C:/Users/Ritesh%20Kumar%20Singh/.m2/repository/com/aventstack/extentreports/5.1.2/extentreports-5.1.2.jar!/com/aventstack/extentreports/templates/spark/macros/recurse_nodes.ftl"
2025-09-15 15:26:36 DEBUG cache - "spark/macros/log.ftl"("en_IN", UTF-8, parsed) cached copy not yet stale; using cached.
2025-09-15 15:26:36 DEBUG cache - Couldn't find template in cache for "spark/macros/attr-common.ftl"("en_IN", UTF-8, parsed); will try to load it.
2025-09-15 15:26:36 DEBUG cache - TemplateLoader.findTemplateSource("spark/macros/attr-common_en_IN.ftl"): Not found
2025-09-15 15:26:36 DEBUG cache - TemplateLoader.findTemplateSource("spark/macros/attr-common_en.ftl"): Not found
2025-09-15 15:26:36 DEBUG cache - TemplateLoader.findTemplateSource("spark/macros/attr-common.ftl"): Found
2025-09-15 15:26:36 DEBUG cache - Loading template for "spark/macros/attr-common.ftl"("en_IN", UTF-8, parsed) from "jar:file:/C:/Users/Ritesh%20Kumar%20Singh/.m2/repository/com/aventstack/extentreports/5.1.2/extentreports-5.1.2.jar!/com/aventstack/extentreports/templates/spark/macros/attr-common.ftl"
2025-09-15 15:26:36 DEBUG cache - Couldn't find template in cache for "spark/partials/head.ftl"("en_IN", UTF-8, parsed); will try to load it.
2025-09-15 15:26:36 DEBUG cache - TemplateLoader.findTemplateSource("spark/partials/head_en_IN.ftl"): Not found
2025-09-15 15:26:36 DEBUG cache - TemplateLoader.findTemplateSource("spark/partials/head_en.ftl"): Not found
2025-09-15 15:26:36 DEBUG cache - TemplateLoader.findTemplateSource("spark/partials/head.ftl"): Found
2025-09-15 15:26:36 DEBUG cache - Loading template for "spark/partials/head.ftl"("en_IN", UTF-8, parsed) from "jar:file:/C:/Users/Ritesh%20Kumar%20Singh/.m2/repository/com/aventstack/extentreports/5.1.2/extentreports-5.1.2.jar!/com/aventstack/extentreports/templates/spark/partials/head.ftl"
2025-09-15 15:26:36 DEBUG cache - Couldn't find template in cache for "commons/commons-inject-css.ftl"("en_IN", UTF-8, parsed); will try to load it.
2025-09-15 15:26:36 DEBUG cache - TemplateLoader.findTemplateSource("commons/commons-inject-css_en_IN.ftl"): Not found
2025-09-15 15:26:36 DEBUG cache - TemplateLoader.findTemplateSource("commons/commons-inject-css_en.ftl"): Not found
2025-09-15 15:26:36 DEBUG cache - TemplateLoader.findTemplateSource("commons/commons-inject-css.ftl"): Found
2025-09-15 15:26:36 DEBUG cache - Loading template for "commons/commons-inject-css.ftl"("en_IN", UTF-8, parsed) from "jar:file:/C:/Users/Ritesh%20Kumar%20Singh/.m2/repository/com/aventstack/extentreports/5.1.2/extentreports-5.1.2.jar!/com/aventstack/extentreports/templates/commons/commons-inject-css.ftl"
2025-09-15 15:26:36 DEBUG cache - Couldn't find template in cache for "spark/partials/navbar.ftl"("en_IN", UTF-8, parsed); will try to load it.
2025-09-15 15:26:36 DEBUG cache - TemplateLoader.findTemplateSource("spark/partials/navbar_en_IN.ftl"): Not found
2025-09-15 15:26:36 DEBUG cache - TemplateLoader.findTemplateSource("spark/partials/navbar_en.ftl"): Not found
2025-09-15 15:26:36 DEBUG cache - TemplateLoader.findTemplateSource("spark/partials/navbar.ftl"): Found
2025-09-15 15:26:36 DEBUG cache - Loading template for "spark/partials/navbar.ftl"("en_IN", UTF-8, parsed) from "jar:file:/C:/Users/Ritesh%20Kumar%20Singh/.m2/repository/com/aventstack/extentreports/5.1.2/extentreports-5.1.2.jar!/com/aventstack/extentreports/templates/spark/partials/navbar.ftl"
2025-09-15 15:26:36 DEBUG cache - Couldn't find template in cache for "spark/partials/sidenav.ftl"("en_IN", UTF-8, parsed); will try to load it.
2025-09-15 15:26:36 DEBUG cache - TemplateLoader.findTemplateSource("spark/partials/sidenav_en_IN.ftl"): Not found
2025-09-15 15:26:36 DEBUG cache - TemplateLoader.findTemplateSource("spark/partials/sidenav_en.ftl"): Not found
2025-09-15 15:26:36 DEBUG cache - TemplateLoader.findTemplateSource("spark/partials/sidenav.ftl"): Found
2025-09-15 15:26:36 DEBUG cache - Loading template for "spark/partials/sidenav.ftl"("en_IN", UTF-8, parsed) from "jar:file:/C:/Users/Ritesh%20Kumar%20Singh/.m2/repository/com/aventstack/extentreports/5.1.2/extentreports-5.1.2.jar!/com/aventstack/extentreports/templates/spark/partials/sidenav.ftl"
2025-09-15 15:26:36 DEBUG cache - Couldn't find template in cache for "spark/partials/test.ftl"("en_IN", UTF-8, parsed); will try to load it.
2025-09-15 15:26:36 DEBUG cache - TemplateLoader.findTemplateSource("spark/partials/test_en_IN.ftl"): Not found
2025-09-15 15:26:36 DEBUG cache - TemplateLoader.findTemplateSource("spark/partials/test_en.ftl"): Not found
2025-09-15 15:26:36 DEBUG cache - TemplateLoader.findTemplateSource("spark/partials/test.ftl"): Found
2025-09-15 15:26:36 DEBUG cache - Loading template for "spark/partials/test.ftl"("en_IN", UTF-8, parsed) from "jar:file:/C:/Users/Ritesh%20Kumar%20Singh/.m2/repository/com/aventstack/extentreports/5.1.2/extentreports-5.1.2.jar!/com/aventstack/extentreports/templates/spark/partials/test.ftl"
2025-09-15 15:26:36 DEBUG cache - Couldn't find template in cache for "spark/partials/standard-content.ftl"("en_IN", UTF-8, parsed); will try to load it.
2025-09-15 15:26:36 DEBUG cache - TemplateLoader.findTemplateSource("spark/partials/standard-content_en_IN.ftl"): Not found
2025-09-15 15:26:36 DEBUG cache - TemplateLoader.findTemplateSource("spark/partials/standard-content_en.ftl"): Not found
2025-09-15 15:26:36 DEBUG cache - TemplateLoader.findTemplateSource("spark/partials/standard-content.ftl"): Found
2025-09-15 15:26:36 DEBUG cache - Loading template for "spark/partials/standard-content.ftl"("en_IN", UTF-8, parsed) from "jar:file:/C:/Users/Ritesh%20Kumar%20Singh/.m2/repository/com/aventstack/extentreports/5.1.2/extentreports-5.1.2.jar!/com/aventstack/extentreports/templates/spark/partials/standard-content.ftl"
2025-09-15 15:26:36 DEBUG cache - "spark/partials/standard-content.ftl"("en_IN", UTF-8, parsed) cached copy not yet stale; using cached.
2025-09-15 15:26:36 DEBUG cache - "spark/partials/standard-content.ftl"("en_IN", UTF-8, parsed) cached copy not yet stale; using cached.
2025-09-15 15:26:36 DEBUG cache - "spark/partials/standard-content.ftl"("en_IN", UTF-8, parsed) cached copy not yet stale; using cached.
2025-09-15 15:26:36 DEBUG cache - "spark/partials/standard-content.ftl"("en_IN", UTF-8, parsed) cached copy not yet stale; using cached.
2025-09-15 15:26:36 DEBUG cache - Couldn't find template in cache for "spark/partials/exception.ftl"("en_IN", UTF-8, parsed); will try to load it.
2025-09-15 15:26:36 DEBUG cache - TemplateLoader.findTemplateSource("spark/partials/exception_en_IN.ftl"): Not found
2025-09-15 15:26:36 DEBUG cache - TemplateLoader.findTemplateSource("spark/partials/exception_en.ftl"): Not found
2025-09-15 15:26:36 DEBUG cache - TemplateLoader.findTemplateSource("spark/partials/exception.ftl"): Found
2025-09-15 15:26:36 DEBUG cache - Loading template for "spark/partials/exception.ftl"("en_IN", UTF-8, parsed) from "jar:file:/C:/Users/Ritesh%20Kumar%20Singh/.m2/repository/com/aventstack/extentreports/5.1.2/extentreports-5.1.2.jar!/com/aventstack/extentreports/templates/spark/partials/exception.ftl"
2025-09-15 15:26:36 DEBUG cache - Couldn't find template in cache for "spark/partials/category.ftl"("en_IN", UTF-8, parsed); will try to load it.
2025-09-15 15:26:36 DEBUG cache - TemplateLoader.findTemplateSource("spark/partials/category_en_IN.ftl"): Not found
2025-09-15 15:26:36 DEBUG cache - TemplateLoader.findTemplateSource("spark/partials/category_en.ftl"): Not found
2025-09-15 15:26:36 DEBUG cache - TemplateLoader.findTemplateSource("spark/partials/category.ftl"): Found
2025-09-15 15:26:36 DEBUG cache - Loading template for "spark/partials/category.ftl"("en_IN", UTF-8, parsed) from "jar:file:/C:/Users/Ritesh%20Kumar%20Singh/.m2/repository/com/aventstack/extentreports/5.1.2/extentreports-5.1.2.jar!/com/aventstack/extentreports/templates/spark/partials/category.ftl"
2025-09-15 15:26:36 DEBUG cache - Couldn't find template in cache for "spark/partials/device.ftl"("en_IN", UTF-8, parsed); will try to load it.
2025-09-15 15:26:36 DEBUG cache - TemplateLoader.findTemplateSource("spark/partials/device_en_IN.ftl"): Not found
2025-09-15 15:26:36 DEBUG cache - TemplateLoader.findTemplateSource("spark/partials/device_en.ftl"): Not found
2025-09-15 15:26:36 DEBUG cache - TemplateLoader.findTemplateSource("spark/partials/device.ftl"): Found
2025-09-15 15:26:36 DEBUG cache - Loading template for "spark/partials/device.ftl"("en_IN", UTF-8, parsed) from "jar:file:/C:/Users/Ritesh%20Kumar%20Singh/.m2/repository/com/aventstack/extentreports/5.1.2/extentreports-5.1.2.jar!/com/aventstack/extentreports/templates/spark/partials/device.ftl"
2025-09-15 15:26:36 DEBUG cache - Couldn't find template in cache for "spark/partials/author.ftl"("en_IN", UTF-8, parsed); will try to load it.
2025-09-15 15:26:36 DEBUG cache - TemplateLoader.findTemplateSource("spark/partials/author_en_IN.ftl"): Not found
2025-09-15 15:26:36 DEBUG cache - TemplateLoader.findTemplateSource("spark/partials/author_en.ftl"): Not found
2025-09-15 15:26:36 DEBUG cache - TemplateLoader.findTemplateSource("spark/partials/author.ftl"): Found
2025-09-15 15:26:36 DEBUG cache - Loading template for "spark/partials/author.ftl"("en_IN", UTF-8, parsed) from "jar:file:/C:/Users/Ritesh%20Kumar%20Singh/.m2/repository/com/aventstack/extentreports/5.1.2/extentreports-5.1.2.jar!/com/aventstack/extentreports/templates/spark/partials/author.ftl"
2025-09-15 15:26:36 DEBUG cache - Couldn't find template in cache for "spark/partials/log.ftl"("en_IN", UTF-8, parsed); will try to load it.
2025-09-15 15:26:36 DEBUG cache - TemplateLoader.findTemplateSource("spark/partials/log_en_IN.ftl"): Not found
2025-09-15 15:26:36 DEBUG cache - TemplateLoader.findTemplateSource("spark/partials/log_en.ftl"): Not found
2025-09-15 15:26:36 DEBUG cache - TemplateLoader.findTemplateSource("spark/partials/log.ftl"): Found
2025-09-15 15:26:36 DEBUG cache - Loading template for "spark/partials/log.ftl"("en_IN", UTF-8, parsed) from "jar:file:/C:/Users/Ritesh%20Kumar%20Singh/.m2/repository/com/aventstack/extentreports/5.1.2/extentreports-5.1.2.jar!/com/aventstack/extentreports/templates/spark/partials/log.ftl"
2025-09-15 15:26:36 DEBUG cache - Couldn't find template in cache for "spark/partials/dashboard.ftl"("en_IN", UTF-8, parsed); will try to load it.
2025-09-15 15:26:36 DEBUG cache - TemplateLoader.findTemplateSource("spark/partials/dashboard_en_IN.ftl"): Not found
2025-09-15 15:26:36 DEBUG cache - TemplateLoader.findTemplateSource("spark/partials/dashboard_en.ftl"): Not found
2025-09-15 15:26:36 DEBUG cache - TemplateLoader.findTemplateSource("spark/partials/dashboard.ftl"): Found
2025-09-15 15:26:36 DEBUG cache - Loading template for "spark/partials/dashboard.ftl"("en_IN", UTF-8, parsed) from "jar:file:/C:/Users/Ritesh%20Kumar%20Singh/.m2/repository/com/aventstack/extentreports/5.1.2/extentreports-5.1.2.jar!/com/aventstack/extentreports/templates/spark/partials/dashboard.ftl"
2025-09-15 15:26:36 DEBUG cache - Couldn't find template in cache for "spark/partials/scripts.ftl"("en_IN", UTF-8, parsed); will try to load it.
2025-09-15 15:26:36 DEBUG cache - TemplateLoader.findTemplateSource("spark/partials/scripts_en_IN.ftl"): Not found
2025-09-15 15:26:36 DEBUG cache - TemplateLoader.findTemplateSource("spark/partials/scripts_en.ftl"): Not found
2025-09-15 15:26:36 DEBUG cache - TemplateLoader.findTemplateSource("spark/partials/scripts.ftl"): Found
2025-09-15 15:26:36 DEBUG cache - Loading template for "spark/partials/scripts.ftl"("en_IN", UTF-8, parsed) from "jar:file:/C:/Users/Ritesh%20Kumar%20Singh/.m2/repository/com/aventstack/extentreports/5.1.2/extentreports-5.1.2.jar!/com/aventstack/extentreports/templates/spark/partials/scripts.ftl"
2025-09-15 15:26:36 DEBUG cache - Couldn't find template in cache for "commons/commons-inject-js.ftl"("en_IN", UTF-8, parsed); will try to load it.
2025-09-15 15:26:36 DEBUG cache - TemplateLoader.findTemplateSource("commons/commons-inject-js_en_IN.ftl"): Not found
2025-09-15 15:26:36 DEBUG cache - TemplateLoader.findTemplateSource("commons/commons-inject-js_en.ftl"): Not found
2025-09-15 15:26:36 DEBUG cache - TemplateLoader.findTemplateSource("commons/commons-inject-js.ftl"): Found
2025-09-15 15:26:36 DEBUG cache - Loading template for "commons/commons-inject-js.ftl"("en_IN", UTF-8, parsed) from "jar:file:/C:/Users/Ritesh%20Kumar%20Singh/.m2/repository/com/aventstack/extentreports/5.1.2/extentreports-5.1.2.jar!/com/aventstack/extentreports/templates/commons/commons-inject-js.ftl"
2025-09-16 09:08:54 DEBUG cache - Couldn't find template in cache for "spark/spark.spa.ftl"("en_IN", UTF-8, parsed); will try to load it.
2025-09-16 09:08:54 DEBUG cache - TemplateLoader.findTemplateSource("spark/spark.spa_en_IN.ftl"): Not found
2025-09-16 09:08:54 DEBUG cache - TemplateLoader.findTemplateSource("spark/spark.spa_en.ftl"): Not found
2025-09-16 09:08:54 DEBUG cache - TemplateLoader.findTemplateSource("spark/spark.spa.ftl"): Found
2025-09-16 09:08:54 DEBUG cache - Loading template for "spark/spark.spa.ftl"("en_IN", UTF-8, parsed) from "jar:file:/C:/Users/Ritesh%20Kumar%20Singh/.m2/repository/com/aventstack/extentreports/5.1.2/extentreports-5.1.2.jar!/com/aventstack/extentreports/templates/spark/spark.spa.ftl"
2025-09-16 09:08:54 DEBUG cache - Couldn't find template in cache for "commons/commons-variables.ftl"("en_IN", UTF-8, parsed); will try to load it.
2025-09-16 09:08:54 DEBUG cache - TemplateLoader.findTemplateSource("commons/commons-variables_en_IN.ftl"): Not found
2025-09-16 09:08:54 DEBUG cache - TemplateLoader.findTemplateSource("commons/commons-variables_en.ftl"): Not found
2025-09-16 09:08:54 DEBUG cache - TemplateLoader.findTemplateSource("commons/commons-variables.ftl"): Found
2025-09-16 09:08:54 DEBUG cache - Loading template for "commons/commons-variables.ftl"("en_IN", UTF-8, parsed) from "jar:file:/C:/Users/Ritesh%20Kumar%20Singh/.m2/repository/com/aventstack/extentreports/5.1.2/extentreports-5.1.2.jar!/com/aventstack/extentreports/templates/commons/commons-variables.ftl"
2025-09-16 09:08:54 DEBUG cache - Couldn't find template in cache for "commons/commons-macros.ftl"("en_IN", UTF-8, parsed); will try to load it.
2025-09-16 09:08:54 DEBUG cache - TemplateLoader.findTemplateSource("commons/commons-macros_en_IN.ftl"): Not found
2025-09-16 09:08:54 DEBUG cache - TemplateLoader.findTemplateSource("commons/commons-macros_en.ftl"): Not found
2025-09-16 09:08:54 DEBUG cache - TemplateLoader.findTemplateSource("commons/commons-macros.ftl"): Found
2025-09-16 09:08:54 DEBUG cache - Loading template for "commons/commons-macros.ftl"("en_IN", UTF-8, parsed) from "jar:file:/C:/Users/Ritesh%20Kumar%20Singh/.m2/repository/com/aventstack/extentreports/5.1.2/extentreports-5.1.2.jar!/com/aventstack/extentreports/templates/commons/commons-macros.ftl"
2025-09-16 09:08:54 DEBUG cache - Couldn't find template in cache for "spark/macros/attributes.ftl"("en_IN", UTF-8, parsed); will try to load it.
2025-09-16 09:08:54 DEBUG cache - TemplateLoader.findTemplateSource("spark/macros/attributes_en_IN.ftl"): Not found
2025-09-16 09:08:54 DEBUG cache - TemplateLoader.findTemplateSource("spark/macros/attributes_en.ftl"): Not found
2025-09-16 09:08:54 DEBUG cache - TemplateLoader.findTemplateSource("spark/macros/attributes.ftl"): Found
2025-09-16 09:08:54 DEBUG cache - Loading template for "spark/macros/attributes.ftl"("en_IN", UTF-8, parsed) from "jar:file:/C:/Users/Ritesh%20Kumar%20Singh/.m2/repository/com/aventstack/extentreports/5.1.2/extentreports-5.1.2.jar!/com/aventstack/extentreports/templates/spark/macros/attributes.ftl"
2025-09-16 09:08:54 DEBUG cache - Couldn't find template in cache for "spark/macros/log.ftl"("en_IN", UTF-8, parsed); will try to load it.
2025-09-16 09:08:54 DEBUG cache - TemplateLoader.findTemplateSource("spark/macros/log_en_IN.ftl"): Not found
2025-09-16 09:08:54 DEBUG cache - TemplateLoader.findTemplateSource("spark/macros/log_en.ftl"): Not found
2025-09-16 09:08:54 DEBUG cache - TemplateLoader.findTemplateSource("spark/macros/log.ftl"): Found
2025-09-16 09:08:54 DEBUG cache - Loading template for "spark/macros/log.ftl"("en_IN", UTF-8, parsed) from "jar:file:/C:/Users/Ritesh%20Kumar%20Singh/.m2/repository/com/aventstack/extentreports/5.1.2/extentreports-5.1.2.jar!/com/aventstack/extentreports/templates/spark/macros/log.ftl"
2025-09-16 09:08:54 DEBUG cache - Couldn't find template in cache for "spark/macros/recurse_nodes.ftl"("en_IN", UTF-8, parsed); will try to load it.
2025-09-16 09:08:54 DEBUG cache - TemplateLoader.findTemplateSource("spark/macros/recurse_nodes_en_IN.ftl"): Not found
2025-09-16 09:08:54 DEBUG cache - TemplateLoader.findTemplateSource("spark/macros/recurse_nodes_en.ftl"): Not found
2025-09-16 09:08:54 DEBUG cache - TemplateLoader.findTemplateSource("spark/macros/recurse_nodes.ftl"): Found
2025-09-16 09:08:54 DEBUG cache - Loading template for "spark/macros/recurse_nodes.ftl"("en_IN", UTF-8, parsed) from "jar:file:/C:/Users/Ritesh%20Kumar%20Singh/.m2/repository/com/aventstack/extentreports/5.1.2/extentreports-5.1.2.jar!/com/aventstack/extentreports/templates/spark/macros/recurse_nodes.ftl"
2025-09-16 09:08:54 DEBUG cache - "spark/macros/log.ftl"("en_IN", UTF-8, parsed) cached copy not yet stale; using cached.
2025-09-16 09:08:54 DEBUG cache - Couldn't find template in cache for "spark/macros/attr-common.ftl"("en_IN", UTF-8, parsed); will try to load it.
2025-09-16 09:08:54 DEBUG cache - TemplateLoader.findTemplateSource("spark/macros/attr-common_en_IN.ftl"): Not found
2025-09-16 09:08:54 DEBUG cache - TemplateLoader.findTemplateSource("spark/macros/attr-common_en.ftl"): Not found
2025-09-16 09:08:54 DEBUG cache - TemplateLoader.findTemplateSource("spark/macros/attr-common.ftl"): Found
2025-09-16 09:08:54 DEBUG cache - Loading template for "spark/macros/attr-common.ftl"("en_IN", UTF-8, parsed) from "jar:file:/C:/Users/Ritesh%20Kumar%20Singh/.m2/repository/com/aventstack/extentreports/5.1.2/extentreports-5.1.2.jar!/com/aventstack/extentreports/templates/spark/macros/attr-common.ftl"
2025-09-16 09:08:54 DEBUG cache - Couldn't find template in cache for "spark/partials/head.ftl"("en_IN", UTF-8, parsed); will try to load it.
2025-09-16 09:08:54 DEBUG cache - TemplateLoader.findTemplateSource("spark/partials/head_en_IN.ftl"): Not found
2025-09-16 09:08:54 DEBUG cache - TemplateLoader.findTemplateSource("spark/partials/head_en.ftl"): Not found
2025-09-16 09:08:54 DEBUG cache - TemplateLoader.findTemplateSource("spark/partials/head.ftl"): Found
2025-09-16 09:08:54 DEBUG cache - Loading template for "spark/partials/head.ftl"("en_IN", UTF-8, parsed) from "jar:file:/C:/Users/Ritesh%20Kumar%20Singh/.m2/repository/com/aventstack/extentreports/5.1.2/extentreports-5.1.2.jar!/com/aventstack/extentreports/templates/spark/partials/head.ftl"
2025-09-16 09:08:54 DEBUG cache - Couldn't find template in cache for "commons/commons-inject-css.ftl"("en_IN", UTF-8, parsed); will try to load it.
2025-09-16 09:08:54 DEBUG cache - TemplateLoader.findTemplateSource("commons/commons-inject-css_en_IN.ftl"): Not found
2025-09-16 09:08:54 DEBUG cache - TemplateLoader.findTemplateSource("commons/commons-inject-css_en.ftl"): Not found
2025-09-16 09:08:54 DEBUG cache - TemplateLoader.findTemplateSource("commons/commons-inject-css.ftl"): Found
2025-09-16 09:08:54 DEBUG cache - Loading template for "commons/commons-inject-css.ftl"("en_IN", UTF-8, parsed) from "jar:file:/C:/Users/Ritesh%20Kumar%20Singh/.m2/repository/com/aventstack/extentreports/5.1.2/extentreports-5.1.2.jar!/com/aventstack/extentreports/templates/commons/commons-inject-css.ftl"
2025-09-16 09:08:54 DEBUG cache - Couldn't find template in cache for "spark/partials/navbar.ftl"("en_IN", UTF-8, parsed); will try to load it.
2025-09-16 09:08:54 DEBUG cache - TemplateLoader.findTemplateSource("spark/partials/navbar_en_IN.ftl"): Not found
2025-09-16 09:08:54 DEBUG cache - TemplateLoader.findTemplateSource("spark/partials/navbar_en.ftl"): Not found
2025-09-16 09:08:54 DEBUG cache - TemplateLoader.findTemplateSource("spark/partials/navbar.ftl"): Found
2025-09-16 09:08:54 DEBUG cache - Loading template for "spark/partials/navbar.ftl"("en_IN", UTF-8, parsed) from "jar:file:/C:/Users/Ritesh%20Kumar%20Singh/.m2/repository/com/aventstack/extentreports/5.1.2/extentreports-5.1.2.jar!/com/aventstack/extentreports/templates/spark/partials/navbar.ftl"
2025-09-16 09:08:54 DEBUG cache - Couldn't find template in cache for "spark/partials/sidenav.ftl"("en_IN", UTF-8, parsed); will try to load it.
2025-09-16 09:08:54 DEBUG cache - TemplateLoader.findTemplateSource("spark/partials/sidenav_en_IN.ftl"): Not found
2025-09-16 09:08:54 DEBUG cache - TemplateLoader.findTemplateSource("spark/partials/sidenav_en.ftl"): Not found
2025-09-16 09:08:54 DEBUG cache - TemplateLoader.findTemplateSource("spark/partials/sidenav.ftl"): Found
2025-09-16 09:08:54 DEBUG cache - Loading template for "spark/partials/sidenav.ftl"("en_IN", UTF-8, parsed) from "jar:file:/C:/Users/Ritesh%20Kumar%20Singh/.m2/repository/com/aventstack/extentreports/5.1.2/extentreports-5.1.2.jar!/com/aventstack/extentreports/templates/spark/partials/sidenav.ftl"
2025-09-16 09:08:54 DEBUG cache - Couldn't find template in cache for "spark/partials/test.ftl"("en_IN", UTF-8, parsed); will try to load it.
2025-09-16 09:08:54 DEBUG cache - TemplateLoader.findTemplateSource("spark/partials/test_en_IN.ftl"): Not found
2025-09-16 09:08:54 DEBUG cache - TemplateLoader.findTemplateSource("spark/partials/test_en.ftl"): Not found
2025-09-16 09:08:54 DEBUG cache - TemplateLoader.findTemplateSource("spark/partials/test.ftl"): Found
2025-09-16 09:08:54 DEBUG cache - Loading template for "spark/partials/test.ftl"("en_IN", UTF-8, parsed) from "jar:file:/C:/Users/Ritesh%20Kumar%20Singh/.m2/repository/com/aventstack/extentreports/5.1.2/extentreports-5.1.2.jar!/com/aventstack/extentreports/templates/spark/partials/test.ftl"
2025-09-16 09:08:54 DEBUG cache - Couldn't find template in cache for "spark/partials/standard-content.ftl"("en_IN", UTF-8, parsed); will try to load it.
2025-09-16 09:08:54 DEBUG cache - TemplateLoader.findTemplateSource("spark/partials/standard-content_en_IN.ftl"): Not found
2025-09-16 09:08:54 DEBUG cache - TemplateLoader.findTemplateSource("spark/partials/standard-content_en.ftl"): Not found
2025-09-16 09:08:54 DEBUG cache - TemplateLoader.findTemplateSource("spark/partials/standard-content.ftl"): Found
2025-09-16 09:08:54 DEBUG cache - Loading template for "spark/partials/standard-content.ftl"("en_IN", UTF-8, parsed) from "jar:file:/C:/Users/Ritesh%20Kumar%20Singh/.m2/repository/com/aventstack/extentreports/5.1.2/extentreports-5.1.2.jar!/com/aventstack/extentreports/templates/spark/partials/standard-content.ftl"
2025-09-16 09:08:54 DEBUG cache - Couldn't find template in cache for "spark/partials/exception.ftl"("en_IN", UTF-8, parsed); will try to load it.
2025-09-16 09:08:54 DEBUG cache - TemplateLoader.findTemplateSource("spark/partials/exception_en_IN.ftl"): Not found
2025-09-16 09:08:54 DEBUG cache - TemplateLoader.findTemplateSource("spark/partials/exception_en.ftl"): Not found
2025-09-16 09:08:54 DEBUG cache - TemplateLoader.findTemplateSource("spark/partials/exception.ftl"): Found
2025-09-16 09:08:54 DEBUG cache - Loading template for "spark/partials/exception.ftl"("en_IN", UTF-8, parsed) from "jar:file:/C:/Users/Ritesh%20Kumar%20Singh/.m2/repository/com/aventstack/extentreports/5.1.2/extentreports-5.1.2.jar!/com/aventstack/extentreports/templates/spark/partials/exception.ftl"
2025-09-16 09:08:54 DEBUG cache - Couldn't find template in cache for "spark/partials/category.ftl"("en_IN", UTF-8, parsed); will try to load it.
2025-09-16 09:08:54 DEBUG cache - TemplateLoader.findTemplateSource("spark/partials/category_en_IN.ftl"): Not found
2025-09-16 09:08:54 DEBUG cache - TemplateLoader.findTemplateSource("spark/partials/category_en.ftl"): Not found
2025-09-16 09:08:54 DEBUG cache - TemplateLoader.findTemplateSource("spark/partials/category.ftl"): Found
2025-09-16 09:08:54 DEBUG cache - Loading template for "spark/partials/category.ftl"("en_IN", UTF-8, parsed) from "jar:file:/C:/Users/Ritesh%20Kumar%20Singh/.m2/repository/com/aventstack/extentreports/5.1.2/extentreports-5.1.2.jar!/com/aventstack/extentreports/templates/spark/partials/category.ftl"
2025-09-16 09:08:54 DEBUG cache - Couldn't find template in cache for "spark/partials/device.ftl"("en_IN", UTF-8, parsed); will try to load it.
2025-09-16 09:08:54 DEBUG cache - TemplateLoader.findTemplateSource("spark/partials/device_en_IN.ftl"): Not found
2025-09-16 09:08:54 DEBUG cache - TemplateLoader.findTemplateSource("spark/partials/device_en.ftl"): Not found
2025-09-16 09:08:54 DEBUG cache - TemplateLoader.findTemplateSource("spark/partials/device.ftl"): Found
2025-09-16 09:08:54 DEBUG cache - Loading template for "spark/partials/device.ftl"("en_IN", UTF-8, parsed) from "jar:file:/C:/Users/Ritesh%20Kumar%20Singh/.m2/repository/com/aventstack/extentreports/5.1.2/extentreports-5.1.2.jar!/com/aventstack/extentreports/templates/spark/partials/device.ftl"
2025-09-16 09:08:54 DEBUG cache - Couldn't find template in cache for "spark/partials/author.ftl"("en_IN", UTF-8, parsed); will try to load it.
2025-09-16 09:08:54 DEBUG cache - TemplateLoader.findTemplateSource("spark/partials/author_en_IN.ftl"): Not found
2025-09-16 09:08:54 DEBUG cache - TemplateLoader.findTemplateSource("spark/partials/author_en.ftl"): Not found
2025-09-16 09:08:54 DEBUG cache - TemplateLoader.findTemplateSource("spark/partials/author.ftl"): Found
2025-09-16 09:08:54 DEBUG cache - Loading template for "spark/partials/author.ftl"("en_IN", UTF-8, parsed) from "jar:file:/C:/Users/Ritesh%20Kumar%20Singh/.m2/repository/com/aventstack/extentreports/5.1.2/extentreports-5.1.2.jar!/com/aventstack/extentreports/templates/spark/partials/author.ftl"
2025-09-16 09:08:54 DEBUG cache - Couldn't find template in cache for "spark/partials/log.ftl"("en_IN", UTF-8, parsed); will try to load it.
2025-09-16 09:08:54 DEBUG cache - TemplateLoader.findTemplateSource("spark/partials/log_en_IN.ftl"): Not found
2025-09-16 09:08:54 DEBUG cache - TemplateLoader.findTemplateSource("spark/partials/log_en.ftl"): Not found
2025-09-16 09:08:54 DEBUG cache - TemplateLoader.findTemplateSource("spark/partials/log.ftl"): Found
2025-09-16 09:08:54 DEBUG cache - Loading template for "spark/partials/log.ftl"("en_IN", UTF-8, parsed) from "jar:file:/C:/Users/Ritesh%20Kumar%20Singh/.m2/repository/com/aventstack/extentreports/5.1.2/extentreports-5.1.2.jar!/com/aventstack/extentreports/templates/spark/partials/log.ftl"
2025-09-16 09:08:54 DEBUG cache - Couldn't find template in cache for "spark/partials/dashboard.ftl"("en_IN", UTF-8, parsed); will try to load it.
2025-09-16 09:08:54 DEBUG cache - TemplateLoader.findTemplateSource("spark/partials/dashboard_en_IN.ftl"): Not found
2025-09-16 09:08:54 DEBUG cache - TemplateLoader.findTemplateSource("spark/partials/dashboard_en.ftl"): Not found
2025-09-16 09:08:54 DEBUG cache - TemplateLoader.findTemplateSource("spark/partials/dashboard.ftl"): Found
2025-09-16 09:08:54 DEBUG cache - Loading template for "spark/partials/dashboard.ftl"("en_IN", UTF-8, parsed) from "jar:file:/C:/Users/Ritesh%20Kumar%20Singh/.m2/repository/com/aventstack/extentreports/5.1.2/extentreports-5.1.2.jar!/com/aventstack/extentreports/templates/spark/partials/dashboard.ftl"
2025-09-16 09:08:54 DEBUG cache - Couldn't find template in cache for "spark/partials/scripts.ftl"("en_IN", UTF-8, parsed); will try to load it.
2025-09-16 09:08:54 DEBUG cache - TemplateLoader.findTemplateSource("spark/partials/scripts_en_IN.ftl"): Not found
2025-09-16 09:08:54 DEBUG cache - TemplateLoader.findTemplateSource("spark/partials/scripts_en.ftl"): Not found
2025-09-16 09:08:54 DEBUG cache - TemplateLoader.findTemplateSource("spark/partials/scripts.ftl"): Found
2025-09-16 09:08:54 DEBUG cache - Loading template for "spark/partials/scripts.ftl"("en_IN", UTF-8, parsed) from "jar:file:/C:/Users/Ritesh%20Kumar%20Singh/.m2/repository/com/aventstack/extentreports/5.1.2/extentreports-5.1.2.jar!/com/aventstack/extentreports/templates/spark/partials/scripts.ftl"
2025-09-16 09:08:54 DEBUG cache - Couldn't find template in cache for "commons/commons-inject-js.ftl"("en_IN", UTF-8, parsed); will try to load it.
2025-09-16 09:08:54 DEBUG cache - TemplateLoader.findTemplateSource("commons/commons-inject-js_en_IN.ftl"): Not found
2025-09-16 09:08:54 DEBUG cache - TemplateLoader.findTemplateSource("commons/commons-inject-js_en.ftl"): Not found
2025-09-16 09:08:54 DEBUG cache - TemplateLoader.findTemplateSource("commons/commons-inject-js.ftl"): Found
2025-09-16 09:08:54 DEBUG cache - Loading template for "commons/commons-inject-js.ftl"("en_IN", UTF-8, parsed) from "jar:file:/C:/Users/Ritesh%20Kumar%20Singh/.m2/repository/com/aventstack/extentreports/5.1.2/extentreports-5.1.2.jar!/com/aventstack/extentreports/templates/commons/commons-inject-js.ftl"
2025-09-16 09:11:01 INFO  BaseTest - Driver initialized
2025-09-16 09:11:02 INFO  Listeners - simpleTextareaCheckBoxStarted
2025-09-16 09:11:03 ERROR Listeners - simpleTextareaCheckBoxFailed
2025-09-16 09:11:06 INFO  Listeners - dropDownActionsTestStarted
2025-09-16 09:11:06 ERROR Listeners - dropDownActionsTestFailed
2025-09-16 09:11:09 INFO  Listeners - scrollSwitchesStarted
2025-09-16 09:11:09 ERROR Listeners - scrollSwitchesFailed
2025-09-16 09:11:12 INFO  Listeners - dragDropStarted
2025-09-16 09:11:12 ERROR Listeners - dragDropFailed
2025-09-16 09:11:14 INFO  Listeners - interactWithHardwareKeysStarted
2025-09-16 09:11:15 ERROR Listeners - interactWithHardwareKeysFailed
2025-09-16 09:11:17 INFO  Listeners - installAndUninstallAppsStarted
2025-09-16 09:11:20 ERROR Listeners - installAndUninstallAppsFailed
2025-09-16 09:11:23 INFO  BaseTest - Driver closed
2025-09-16 09:11:23 DEBUG cache - Couldn't find template in cache for "spark/spark.spa.ftl"("en_IN", UTF-8, parsed); will try to load it.
2025-09-16 09:11:23 DEBUG cache - TemplateLoader.findTemplateSource("spark/spark.spa_en_IN.ftl"): Not found
2025-09-16 09:11:23 DEBUG cache - TemplateLoader.findTemplateSource("spark/spark.spa_en.ftl"): Not found
2025-09-16 09:11:23 DEBUG cache - TemplateLoader.findTemplateSource("spark/spark.spa.ftl"): Found
2025-09-16 09:11:23 DEBUG cache - Loading template for "spark/spark.spa.ftl"("en_IN", UTF-8, parsed) from "jar:file:/C:/Users/Ritesh%20Kumar%20Singh/.m2/repository/com/aventstack/extentreports/5.1.2/extentreports-5.1.2.jar!/com/aventstack/extentreports/templates/spark/spark.spa.ftl"
2025-09-16 09:11:23 DEBUG cache - Couldn't find template in cache for "commons/commons-variables.ftl"("en_IN", UTF-8, parsed); will try to load it.
2025-09-16 09:11:23 DEBUG cache - TemplateLoader.findTemplateSource("commons/commons-variables_en_IN.ftl"): Not found
2025-09-16 09:11:23 DEBUG cache - TemplateLoader.findTemplateSource("commons/commons-variables_en.ftl"): Not found
2025-09-16 09:11:23 DEBUG cache - TemplateLoader.findTemplateSource("commons/commons-variables.ftl"): Found
2025-09-16 09:11:23 DEBUG cache - Loading template for "commons/commons-variables.ftl"("en_IN", UTF-8, parsed) from "jar:file:/C:/Users/Ritesh%20Kumar%20Singh/.m2/repository/com/aventstack/extentreports/5.1.2/extentreports-5.1.2.jar!/com/aventstack/extentreports/templates/commons/commons-variables.ftl"
2025-09-16 09:11:23 DEBUG cache - Couldn't find template in cache for "commons/commons-macros.ftl"("en_IN", UTF-8, parsed); will try to load it.
2025-09-16 09:11:23 DEBUG cache - TemplateLoader.findTemplateSource("commons/commons-macros_en_IN.ftl"): Not found
2025-09-16 09:11:23 DEBUG cache - TemplateLoader.findTemplateSource("commons/commons-macros_en.ftl"): Not found
2025-09-16 09:11:23 DEBUG cache - TemplateLoader.findTemplateSource("commons/commons-macros.ftl"): Found
2025-09-16 09:11:23 DEBUG cache - Loading template for "commons/commons-macros.ftl"("en_IN", UTF-8, parsed) from "jar:file:/C:/Users/Ritesh%20Kumar%20Singh/.m2/repository/com/aventstack/extentreports/5.1.2/extentreports-5.1.2.jar!/com/aventstack/extentreports/templates/commons/commons-macros.ftl"
2025-09-16 09:11:23 DEBUG cache - Couldn't find template in cache for "spark/macros/attributes.ftl"("en_IN", UTF-8, parsed); will try to load it.
2025-09-16 09:11:23 DEBUG cache - TemplateLoader.findTemplateSource("spark/macros/attributes_en_IN.ftl"): Not found
2025-09-16 09:11:23 DEBUG cache - TemplateLoader.findTemplateSource("spark/macros/attributes_en.ftl"): Not found
2025-09-16 09:11:23 DEBUG cache - TemplateLoader.findTemplateSource("spark/macros/attributes.ftl"): Found
2025-09-16 09:11:23 DEBUG cache - Loading template for "spark/macros/attributes.ftl"("en_IN", UTF-8, parsed) from "jar:file:/C:/Users/Ritesh%20Kumar%20Singh/.m2/repository/com/aventstack/extentreports/5.1.2/extentreports-5.1.2.jar!/com/aventstack/extentreports/templates/spark/macros/attributes.ftl"
2025-09-16 09:11:23 DEBUG cache - Couldn't find template in cache for "spark/macros/log.ftl"("en_IN", UTF-8, parsed); will try to load it.
2025-09-16 09:11:23 DEBUG cache - TemplateLoader.findTemplateSource("spark/macros/log_en_IN.ftl"): Not found
2025-09-16 09:11:23 DEBUG cache - TemplateLoader.findTemplateSource("spark/macros/log_en.ftl"): Not found
2025-09-16 09:11:23 DEBUG cache - TemplateLoader.findTemplateSource("spark/macros/log.ftl"): Found
2025-09-16 09:11:23 DEBUG cache - Loading template for "spark/macros/log.ftl"("en_IN", UTF-8, parsed) from "jar:file:/C:/Users/Ritesh%20Kumar%20Singh/.m2/repository/com/aventstack/extentreports/5.1.2/extentreports-5.1.2.jar!/com/aventstack/extentreports/templates/spark/macros/log.ftl"
2025-09-16 09:11:23 DEBUG cache - Couldn't find template in cache for "spark/macros/recurse_nodes.ftl"("en_IN", UTF-8, parsed); will try to load it.
2025-09-16 09:11:23 DEBUG cache - TemplateLoader.findTemplateSource("spark/macros/recurse_nodes_en_IN.ftl"): Not found
2025-09-16 09:11:23 DEBUG cache - TemplateLoader.findTemplateSource("spark/macros/recurse_nodes_en.ftl"): Not found
2025-09-16 09:11:23 DEBUG cache - TemplateLoader.findTemplateSource("spark/macros/recurse_nodes.ftl"): Found
2025-09-16 09:11:23 DEBUG cache - Loading template for "spark/macros/recurse_nodes.ftl"("en_IN", UTF-8, parsed) from "jar:file:/C:/Users/Ritesh%20Kumar%20Singh/.m2/repository/com/aventstack/extentreports/5.1.2/extentreports-5.1.2.jar!/com/aventstack/extentreports/templates/spark/macros/recurse_nodes.ftl"
2025-09-16 09:11:23 DEBUG cache - "spark/macros/log.ftl"("en_IN", UTF-8, parsed) cached copy not yet stale; using cached.
2025-09-16 09:11:23 DEBUG cache - Couldn't find template in cache for "spark/macros/attr-common.ftl"("en_IN", UTF-8, parsed); will try to load it.
2025-09-16 09:11:23 DEBUG cache - TemplateLoader.findTemplateSource("spark/macros/attr-common_en_IN.ftl"): Not found
2025-09-16 09:11:23 DEBUG cache - TemplateLoader.findTemplateSource("spark/macros/attr-common_en.ftl"): Not found
2025-09-16 09:11:23 DEBUG cache - TemplateLoader.findTemplateSource("spark/macros/attr-common.ftl"): Found
2025-09-16 09:11:23 DEBUG cache - Loading template for "spark/macros/attr-common.ftl"("en_IN", UTF-8, parsed) from "jar:file:/C:/Users/Ritesh%20Kumar%20Singh/.m2/repository/com/aventstack/extentreports/5.1.2/extentreports-5.1.2.jar!/com/aventstack/extentreports/templates/spark/macros/attr-common.ftl"
2025-09-16 09:11:23 DEBUG cache - Couldn't find template in cache for "spark/partials/head.ftl"("en_IN", UTF-8, parsed); will try to load it.
2025-09-16 09:11:23 DEBUG cache - TemplateLoader.findTemplateSource("spark/partials/head_en_IN.ftl"): Not found
2025-09-16 09:11:23 DEBUG cache - TemplateLoader.findTemplateSource("spark/partials/head_en.ftl"): Not found
2025-09-16 09:11:23 DEBUG cache - TemplateLoader.findTemplateSource("spark/partials/head.ftl"): Found
2025-09-16 09:11:23 DEBUG cache - Loading template for "spark/partials/head.ftl"("en_IN", UTF-8, parsed) from "jar:file:/C:/Users/Ritesh%20Kumar%20Singh/.m2/repository/com/aventstack/extentreports/5.1.2/extentreports-5.1.2.jar!/com/aventstack/extentreports/templates/spark/partials/head.ftl"
2025-09-16 09:11:23 DEBUG cache - Couldn't find template in cache for "commons/commons-inject-css.ftl"("en_IN", UTF-8, parsed); will try to load it.
2025-09-16 09:11:23 DEBUG cache - TemplateLoader.findTemplateSource("commons/commons-inject-css_en_IN.ftl"): Not found
2025-09-16 09:11:23 DEBUG cache - TemplateLoader.findTemplateSource("commons/commons-inject-css_en.ftl"): Not found
2025-09-16 09:11:23 DEBUG cache - TemplateLoader.findTemplateSource("commons/commons-inject-css.ftl"): Found
2025-09-16 09:11:23 DEBUG cache - Loading template for "commons/commons-inject-css.ftl"("en_IN", UTF-8, parsed) from "jar:file:/C:/Users/Ritesh%20Kumar%20Singh/.m2/repository/com/aventstack/extentreports/5.1.2/extentreports-5.1.2.jar!/com/aventstack/extentreports/templates/commons/commons-inject-css.ftl"
2025-09-16 09:11:23 DEBUG cache - Couldn't find template in cache for "spark/partials/navbar.ftl"("en_IN", UTF-8, parsed); will try to load it.
2025-09-16 09:11:23 DEBUG cache - TemplateLoader.findTemplateSource("spark/partials/navbar_en_IN.ftl"): Not found
2025-09-16 09:11:23 DEBUG cache - TemplateLoader.findTemplateSource("spark/partials/navbar_en.ftl"): Not found
2025-09-16 09:11:23 DEBUG cache - TemplateLoader.findTemplateSource("spark/partials/navbar.ftl"): Found
2025-09-16 09:11:23 DEBUG cache - Loading template for "spark/partials/navbar.ftl"("en_IN", UTF-8, parsed) from "jar:file:/C:/Users/Ritesh%20Kumar%20Singh/.m2/repository/com/aventstack/extentreports/5.1.2/extentreports-5.1.2.jar!/com/aventstack/extentreports/templates/spark/partials/navbar.ftl"
2025-09-16 09:11:23 DEBUG cache - Couldn't find template in cache for "spark/partials/sidenav.ftl"("en_IN", UTF-8, parsed); will try to load it.
2025-09-16 09:11:23 DEBUG cache - TemplateLoader.findTemplateSource("spark/partials/sidenav_en_IN.ftl"): Not found
2025-09-16 09:11:23 DEBUG cache - TemplateLoader.findTemplateSource("spark/partials/sidenav_en.ftl"): Not found
2025-09-16 09:11:23 DEBUG cache - TemplateLoader.findTemplateSource("spark/partials/sidenav.ftl"): Found
2025-09-16 09:11:23 DEBUG cache - Loading template for "spark/partials/sidenav.ftl"("en_IN", UTF-8, parsed) from "jar:file:/C:/Users/Ritesh%20Kumar%20Singh/.m2/repository/com/aventstack/extentreports/5.1.2/extentreports-5.1.2.jar!/com/aventstack/extentreports/templates/spark/partials/sidenav.ftl"
2025-09-16 09:11:23 DEBUG cache - Couldn't find template in cache for "spark/partials/test.ftl"("en_IN", UTF-8, parsed); will try to load it.
2025-09-16 09:11:23 DEBUG cache - TemplateLoader.findTemplateSource("spark/partials/test_en_IN.ftl"): Not found
2025-09-16 09:11:23 DEBUG cache - TemplateLoader.findTemplateSource("spark/partials/test_en.ftl"): Not found
2025-09-16 09:11:23 DEBUG cache - TemplateLoader.findTemplateSource("spark/partials/test.ftl"): Found
2025-09-16 09:11:23 DEBUG cache - Loading template for "spark/partials/test.ftl"("en_IN", UTF-8, parsed) from "jar:file:/C:/Users/Ritesh%20Kumar%20Singh/.m2/repository/com/aventstack/extentreports/5.1.2/extentreports-5.1.2.jar!/com/aventstack/extentreports/templates/spark/partials/test.ftl"
2025-09-16 09:11:23 DEBUG cache - Couldn't find template in cache for "spark/partials/standard-content.ftl"("en_IN", UTF-8, parsed); will try to load it.
2025-09-16 09:11:23 DEBUG cache - TemplateLoader.findTemplateSource("spark/partials/standard-content_en_IN.ftl"): Not found
2025-09-16 09:11:23 DEBUG cache - TemplateLoader.findTemplateSource("spark/partials/standard-content_en.ftl"): Not found
2025-09-16 09:11:23 DEBUG cache - TemplateLoader.findTemplateSource("spark/partials/standard-content.ftl"): Found
2025-09-16 09:11:23 DEBUG cache - Loading template for "spark/partials/standard-content.ftl"("en_IN", UTF-8, parsed) from "jar:file:/C:/Users/Ritesh%20Kumar%20Singh/.m2/repository/com/aventstack/extentreports/5.1.2/extentreports-5.1.2.jar!/com/aventstack/extentreports/templates/spark/partials/standard-content.ftl"
2025-09-16 09:11:23 DEBUG cache - "spark/partials/standard-content.ftl"("en_IN", UTF-8, parsed) cached copy not yet stale; using cached.
2025-09-16 09:11:23 DEBUG cache - "spark/partials/standard-content.ftl"("en_IN", UTF-8, parsed) cached copy not yet stale; using cached.
2025-09-16 09:11:23 DEBUG cache - "spark/partials/standard-content.ftl"("en_IN", UTF-8, parsed) cached copy not yet stale; using cached.
2025-09-16 09:11:23 DEBUG cache - "spark/partials/standard-content.ftl"("en_IN", UTF-8, parsed) cached copy not yet stale; using cached.
2025-09-16 09:11:24 DEBUG cache - "spark/partials/standard-content.ftl"("en_IN", UTF-8, parsed) cached copy not yet stale; using cached.
2025-09-16 09:11:24 DEBUG cache - Couldn't find template in cache for "spark/partials/exception.ftl"("en_IN", UTF-8, parsed); will try to load it.
2025-09-16 09:11:24 DEBUG cache - TemplateLoader.findTemplateSource("spark/partials/exception_en_IN.ftl"): Not found
2025-09-16 09:11:24 DEBUG cache - TemplateLoader.findTemplateSource("spark/partials/exception_en.ftl"): Not found
2025-09-16 09:11:24 DEBUG cache - TemplateLoader.findTemplateSource("spark/partials/exception.ftl"): Found
2025-09-16 09:11:24 DEBUG cache - Loading template for "spark/partials/exception.ftl"("en_IN", UTF-8, parsed) from "jar:file:/C:/Users/Ritesh%20Kumar%20Singh/.m2/repository/com/aventstack/extentreports/5.1.2/extentreports-5.1.2.jar!/com/aventstack/extentreports/templates/spark/partials/exception.ftl"
2025-09-16 09:11:24 DEBUG cache - Couldn't find template in cache for "spark/partials/category.ftl"("en_IN", UTF-8, parsed); will try to load it.
2025-09-16 09:11:24 DEBUG cache - TemplateLoader.findTemplateSource("spark/partials/category_en_IN.ftl"): Not found
2025-09-16 09:11:24 DEBUG cache - TemplateLoader.findTemplateSource("spark/partials/category_en.ftl"): Not found
2025-09-16 09:11:24 DEBUG cache - TemplateLoader.findTemplateSource("spark/partials/category.ftl"): Found
2025-09-16 09:11:24 DEBUG cache - Loading template for "spark/partials/category.ftl"("en_IN", UTF-8, parsed) from "jar:file:/C:/Users/Ritesh%20Kumar%20Singh/.m2/repository/com/aventstack/extentreports/5.1.2/extentreports-5.1.2.jar!/com/aventstack/extentreports/templates/spark/partials/category.ftl"
2025-09-16 09:11:24 DEBUG cache - Couldn't find template in cache for "spark/partials/device.ftl"("en_IN", UTF-8, parsed); will try to load it.
2025-09-16 09:11:24 DEBUG cache - TemplateLoader.findTemplateSource("spark/partials/device_en_IN.ftl"): Not found
2025-09-16 09:11:24 DEBUG cache - TemplateLoader.findTemplateSource("spark/partials/device_en.ftl"): Not found
2025-09-16 09:11:24 DEBUG cache - TemplateLoader.findTemplateSource("spark/partials/device.ftl"): Found
2025-09-16 09:11:24 DEBUG cache - Loading template for "spark/partials/device.ftl"("en_IN", UTF-8, parsed) from "jar:file:/C:/Users/Ritesh%20Kumar%20Singh/.m2/repository/com/aventstack/extentreports/5.1.2/extentreports-5.1.2.jar!/com/aventstack/extentreports/templates/spark/partials/device.ftl"
2025-09-16 09:11:24 DEBUG cache - Couldn't find template in cache for "spark/partials/author.ftl"("en_IN", UTF-8, parsed); will try to load it.
2025-09-16 09:11:24 DEBUG cache - TemplateLoader.findTemplateSource("spark/partials/author_en_IN.ftl"): Not found
2025-09-16 09:11:24 DEBUG cache - TemplateLoader.findTemplateSource("spark/partials/author_en.ftl"): Not found
2025-09-16 09:11:24 DEBUG cache - TemplateLoader.findTemplateSource("spark/partials/author.ftl"): Found
2025-09-16 09:11:24 DEBUG cache - Loading template for "spark/partials/author.ftl"("en_IN", UTF-8, parsed) from "jar:file:/C:/Users/Ritesh%20Kumar%20Singh/.m2/repository/com/aventstack/extentreports/5.1.2/extentreports-5.1.2.jar!/com/aventstack/extentreports/templates/spark/partials/author.ftl"
2025-09-16 09:11:24 DEBUG cache - Couldn't find template in cache for "spark/partials/log.ftl"("en_IN", UTF-8, parsed); will try to load it.
2025-09-16 09:11:24 DEBUG cache - TemplateLoader.findTemplateSource("spark/partials/log_en_IN.ftl"): Not found
2025-09-16 09:11:24 DEBUG cache - TemplateLoader.findTemplateSource("spark/partials/log_en.ftl"): Not found
2025-09-16 09:11:24 DEBUG cache - TemplateLoader.findTemplateSource("spark/partials/log.ftl"): Found
2025-09-16 09:11:24 DEBUG cache - Loading template for "spark/partials/log.ftl"("en_IN", UTF-8, parsed) from "jar:file:/C:/Users/Ritesh%20Kumar%20Singh/.m2/repository/com/aventstack/extentreports/5.1.2/extentreports-5.1.2.jar!/com/aventstack/extentreports/templates/spark/partials/log.ftl"
2025-09-16 09:11:24 DEBUG cache - Couldn't find template in cache for "spark/partials/dashboard.ftl"("en_IN", UTF-8, parsed); will try to load it.
2025-09-16 09:11:24 DEBUG cache - TemplateLoader.findTemplateSource("spark/partials/dashboard_en_IN.ftl"): Not found
2025-09-16 09:11:24 DEBUG cache - TemplateLoader.findTemplateSource("spark/partials/dashboard_en.ftl"): Not found
2025-09-16 09:11:24 DEBUG cache - TemplateLoader.findTemplateSource("spark/partials/dashboard.ftl"): Found
2025-09-16 09:11:24 DEBUG cache - Loading template for "spark/partials/dashboard.ftl"("en_IN", UTF-8, parsed) from "jar:file:/C:/Users/Ritesh%20Kumar%20Singh/.m2/repository/com/aventstack/extentreports/5.1.2/extentreports-5.1.2.jar!/com/aventstack/extentreports/templates/spark/partials/dashboard.ftl"
2025-09-16 09:11:24 DEBUG cache - Couldn't find template in cache for "spark/partials/scripts.ftl"("en_IN", UTF-8, parsed); will try to load it.
2025-09-16 09:11:24 DEBUG cache - TemplateLoader.findTemplateSource("spark/partials/scripts_en_IN.ftl"): Not found
2025-09-16 09:11:24 DEBUG cache - TemplateLoader.findTemplateSource("spark/partials/scripts_en.ftl"): Not found
2025-09-16 09:11:24 DEBUG cache - TemplateLoader.findTemplateSource("spark/partials/scripts.ftl"): Found
2025-09-16 09:11:24 DEBUG cache - Loading template for "spark/partials/scripts.ftl"("en_IN", UTF-8, parsed) from "jar:file:/C:/Users/Ritesh%20Kumar%20Singh/.m2/repository/com/aventstack/extentreports/5.1.2/extentreports-5.1.2.jar!/com/aventstack/extentreports/templates/spark/partials/scripts.ftl"
2025-09-16 09:11:24 DEBUG cache - Couldn't find template in cache for "commons/commons-inject-js.ftl"("en_IN", UTF-8, parsed); will try to load it.
2025-09-16 09:11:24 DEBUG cache - TemplateLoader.findTemplateSource("commons/commons-inject-js_en_IN.ftl"): Not found
2025-09-16 09:11:24 DEBUG cache - TemplateLoader.findTemplateSource("commons/commons-inject-js_en.ftl"): Not found
2025-09-16 09:11:24 DEBUG cache - TemplateLoader.findTemplateSource("commons/commons-inject-js.ftl"): Found
2025-09-16 09:11:24 DEBUG cache - Loading template for "commons/commons-inject-js.ftl"("en_IN", UTF-8, parsed) from "jar:file:/C:/Users/Ritesh%20Kumar%20Singh/.m2/repository/com/aventstack/extentreports/5.1.2/extentreports-5.1.2.jar!/com/aventstack/extentreports/templates/commons/commons-inject-js.ftl"
2025-09-23 12:47:57 DEBUG cache - Couldn't find template in cache for "spark/spark.spa.ftl"("en_IN", UTF-8, parsed); will try to load it.
2025-09-23 12:47:57 DEBUG cache - TemplateLoader.findTemplateSource("spark/spark.spa_en_IN.ftl"): Not found
2025-09-23 12:47:57 DEBUG cache - TemplateLoader.findTemplateSource("spark/spark.spa_en.ftl"): Not found
2025-09-23 12:47:57 DEBUG cache - TemplateLoader.findTemplateSource("spark/spark.spa.ftl"): Found
2025-09-23 12:47:57 DEBUG cache - Loading template for "spark/spark.spa.ftl"("en_IN", UTF-8, parsed) from "jar:file:/C:/Users/Ritesh%20Kumar%20Singh/.m2/repository/com/aventstack/extentreports/5.1.2/extentreports-5.1.2.jar!/com/aventstack/extentreports/templates/spark/spark.spa.ftl"
2025-09-23 12:47:57 DEBUG cache - Couldn't find template in cache for "commons/commons-variables.ftl"("en_IN", UTF-8, parsed); will try to load it.
2025-09-23 12:47:57 DEBUG cache - TemplateLoader.findTemplateSource("commons/commons-variables_en_IN.ftl"): Not found
2025-09-23 12:47:57 DEBUG cache - TemplateLoader.findTemplateSource("commons/commons-variables_en.ftl"): Not found
2025-09-23 12:47:57 DEBUG cache - TemplateLoader.findTemplateSource("commons/commons-variables.ftl"): Found
2025-09-23 12:47:57 DEBUG cache - Loading template for "commons/commons-variables.ftl"("en_IN", UTF-8, parsed) from "jar:file:/C:/Users/Ritesh%20Kumar%20Singh/.m2/repository/com/aventstack/extentreports/5.1.2/extentreports-5.1.2.jar!/com/aventstack/extentreports/templates/commons/commons-variables.ftl"
2025-09-23 12:47:57 DEBUG cache - Couldn't find template in cache for "commons/commons-macros.ftl"("en_IN", UTF-8, parsed); will try to load it.
2025-09-23 12:47:57 DEBUG cache - TemplateLoader.findTemplateSource("commons/commons-macros_en_IN.ftl"): Not found
2025-09-23 12:47:57 DEBUG cache - TemplateLoader.findTemplateSource("commons/commons-macros_en.ftl"): Not found
2025-09-23 12:47:57 DEBUG cache - TemplateLoader.findTemplateSource("commons/commons-macros.ftl"): Found
2025-09-23 12:47:57 DEBUG cache - Loading template for "commons/commons-macros.ftl"("en_IN", UTF-8, parsed) from "jar:file:/C:/Users/Ritesh%20Kumar%20Singh/.m2/repository/com/aventstack/extentreports/5.1.2/extentreports-5.1.2.jar!/com/aventstack/extentreports/templates/commons/commons-macros.ftl"
2025-09-23 12:47:58 DEBUG cache - Couldn't find template in cache for "spark/macros/attributes.ftl"("en_IN", UTF-8, parsed); will try to load it.
2025-09-23 12:47:58 DEBUG cache - TemplateLoader.findTemplateSource("spark/macros/attributes_en_IN.ftl"): Not found
2025-09-23 12:47:58 DEBUG cache - TemplateLoader.findTemplateSource("spark/macros/attributes_en.ftl"): Not found
2025-09-23 12:47:58 DEBUG cache - TemplateLoader.findTemplateSource("spark/macros/attributes.ftl"): Found
2025-09-23 12:47:58 DEBUG cache - Loading template for "spark/macros/attributes.ftl"("en_IN", UTF-8, parsed) from "jar:file:/C:/Users/Ritesh%20Kumar%20Singh/.m2/repository/com/aventstack/extentreports/5.1.2/extentreports-5.1.2.jar!/com/aventstack/extentreports/templates/spark/macros/attributes.ftl"
2025-09-23 12:47:58 DEBUG cache - Couldn't find template in cache for "spark/macros/log.ftl"("en_IN", UTF-8, parsed); will try to load it.
2025-09-23 12:47:58 DEBUG cache - TemplateLoader.findTemplateSource("spark/macros/log_en_IN.ftl"): Not found
2025-09-23 12:47:58 DEBUG cache - TemplateLoader.findTemplateSource("spark/macros/log_en.ftl"): Not found
2025-09-23 12:47:58 DEBUG cache - TemplateLoader.findTemplateSource("spark/macros/log.ftl"): Found
2025-09-23 12:47:58 DEBUG cache - Loading template for "spark/macros/log.ftl"("en_IN", UTF-8, parsed) from "jar:file:/C:/Users/Ritesh%20Kumar%20Singh/.m2/repository/com/aventstack/extentreports/5.1.2/extentreports-5.1.2.jar!/com/aventstack/extentreports/templates/spark/macros/log.ftl"
2025-09-23 12:47:58 DEBUG cache - Couldn't find template in cache for "spark/macros/recurse_nodes.ftl"("en_IN", UTF-8, parsed); will try to load it.
2025-09-23 12:47:58 DEBUG cache - TemplateLoader.findTemplateSource("spark/macros/recurse_nodes_en_IN.ftl"): Not found
2025-09-23 12:47:58 DEBUG cache - TemplateLoader.findTemplateSource("spark/macros/recurse_nodes_en.ftl"): Not found
2025-09-23 12:47:58 DEBUG cache - TemplateLoader.findTemplateSource("spark/macros/recurse_nodes.ftl"): Found
2025-09-23 12:47:58 DEBUG cache - Loading template for "spark/macros/recurse_nodes.ftl"("en_IN", UTF-8, parsed) from "jar:file:/C:/Users/Ritesh%20Kumar%20Singh/.m2/repository/com/aventstack/extentreports/5.1.2/extentreports-5.1.2.jar!/com/aventstack/extentreports/templates/spark/macros/recurse_nodes.ftl"
2025-09-23 12:47:58 DEBUG cache - "spark/macros/log.ftl"("en_IN", UTF-8, parsed) cached copy not yet stale; using cached.
2025-09-23 12:47:58 DEBUG cache - Couldn't find template in cache for "spark/macros/attr-common.ftl"("en_IN", UTF-8, parsed); will try to load it.
2025-09-23 12:47:58 DEBUG cache - TemplateLoader.findTemplateSource("spark/macros/attr-common_en_IN.ftl"): Not found
2025-09-23 12:47:58 DEBUG cache - TemplateLoader.findTemplateSource("spark/macros/attr-common_en.ftl"): Not found
2025-09-23 12:47:58 DEBUG cache - TemplateLoader.findTemplateSource("spark/macros/attr-common.ftl"): Found
2025-09-23 12:47:58 DEBUG cache - Loading template for "spark/macros/attr-common.ftl"("en_IN", UTF-8, parsed) from "jar:file:/C:/Users/Ritesh%20Kumar%20Singh/.m2/repository/com/aventstack/extentreports/5.1.2/extentreports-5.1.2.jar!/com/aventstack/extentreports/templates/spark/macros/attr-common.ftl"
2025-09-23 12:47:58 DEBUG cache - Couldn't find template in cache for "spark/partials/head.ftl"("en_IN", UTF-8, parsed); will try to load it.
2025-09-23 12:47:58 DEBUG cache - TemplateLoader.findTemplateSource("spark/partials/head_en_IN.ftl"): Not found
2025-09-23 12:47:58 DEBUG cache - TemplateLoader.findTemplateSource("spark/partials/head_en.ftl"): Not found
2025-09-23 12:47:58 DEBUG cache - TemplateLoader.findTemplateSource("spark/partials/head.ftl"): Found
2025-09-23 12:47:58 DEBUG cache - Loading template for "spark/partials/head.ftl"("en_IN", UTF-8, parsed) from "jar:file:/C:/Users/Ritesh%20Kumar%20Singh/.m2/repository/com/aventstack/extentreports/5.1.2/extentreports-5.1.2.jar!/com/aventstack/extentreports/templates/spark/partials/head.ftl"
2025-09-23 12:47:58 DEBUG cache - Couldn't find template in cache for "commons/commons-inject-css.ftl"("en_IN", UTF-8, parsed); will try to load it.
2025-09-23 12:47:58 DEBUG cache - TemplateLoader.findTemplateSource("commons/commons-inject-css_en_IN.ftl"): Not found
2025-09-23 12:47:58 DEBUG cache - TemplateLoader.findTemplateSource("commons/commons-inject-css_en.ftl"): Not found
2025-09-23 12:47:58 DEBUG cache - TemplateLoader.findTemplateSource("commons/commons-inject-css.ftl"): Found
2025-09-23 12:47:58 DEBUG cache - Loading template for "commons/commons-inject-css.ftl"("en_IN", UTF-8, parsed) from "jar:file:/C:/Users/Ritesh%20Kumar%20Singh/.m2/repository/com/aventstack/extentreports/5.1.2/extentreports-5.1.2.jar!/com/aventstack/extentreports/templates/commons/commons-inject-css.ftl"
2025-09-23 12:47:58 DEBUG cache - Couldn't find template in cache for "spark/partials/navbar.ftl"("en_IN", UTF-8, parsed); will try to load it.
2025-09-23 12:47:58 DEBUG cache - TemplateLoader.findTemplateSource("spark/partials/navbar_en_IN.ftl"): Not found
2025-09-23 12:47:58 DEBUG cache - TemplateLoader.findTemplateSource("spark/partials/navbar_en.ftl"): Not found
2025-09-23 12:47:58 DEBUG cache - TemplateLoader.findTemplateSource("spark/partials/navbar.ftl"): Found
2025-09-23 12:47:58 DEBUG cache - Loading template for "spark/partials/navbar.ftl"("en_IN", UTF-8, parsed) from "jar:file:/C:/Users/Ritesh%20Kumar%20Singh/.m2/repository/com/aventstack/extentreports/5.1.2/extentreports-5.1.2.jar!/com/aventstack/extentreports/templates/spark/partials/navbar.ftl"
2025-09-23 12:47:58 DEBUG cache - Couldn't find template in cache for "spark/partials/sidenav.ftl"("en_IN", UTF-8, parsed); will try to load it.
2025-09-23 12:47:58 DEBUG cache - TemplateLoader.findTemplateSource("spark/partials/sidenav_en_IN.ftl"): Not found
2025-09-23 12:47:58 DEBUG cache - TemplateLoader.findTemplateSource("spark/partials/sidenav_en.ftl"): Not found
2025-09-23 12:47:58 DEBUG cache - TemplateLoader.findTemplateSource("spark/partials/sidenav.ftl"): Found
2025-09-23 12:47:58 DEBUG cache - Loading template for "spark/partials/sidenav.ftl"("en_IN", UTF-8, parsed) from "jar:file:/C:/Users/Ritesh%20Kumar%20Singh/.m2/repository/com/aventstack/extentreports/5.1.2/extentreports-5.1.2.jar!/com/aventstack/extentreports/templates/spark/partials/sidenav.ftl"
2025-09-23 12:47:58 DEBUG cache - Couldn't find template in cache for "spark/partials/test.ftl"("en_IN", UTF-8, parsed); will try to load it.
2025-09-23 12:47:58 DEBUG cache - TemplateLoader.findTemplateSource("spark/partials/test_en_IN.ftl"): Not found
2025-09-23 12:47:58 DEBUG cache - TemplateLoader.findTemplateSource("spark/partials/test_en.ftl"): Not found
2025-09-23 12:47:58 DEBUG cache - TemplateLoader.findTemplateSource("spark/partials/test.ftl"): Found
2025-09-23 12:47:58 DEBUG cache - Loading template for "spark/partials/test.ftl"("en_IN", UTF-8, parsed) from "jar:file:/C:/Users/Ritesh%20Kumar%20Singh/.m2/repository/com/aventstack/extentreports/5.1.2/extentreports-5.1.2.jar!/com/aventstack/extentreports/templates/spark/partials/test.ftl"
2025-09-23 12:47:58 DEBUG cache - Couldn't find template in cache for "spark/partials/standard-content.ftl"("en_IN", UTF-8, parsed); will try to load it.
2025-09-23 12:47:58 DEBUG cache - TemplateLoader.findTemplateSource("spark/partials/standard-content_en_IN.ftl"): Not found
2025-09-23 12:47:58 DEBUG cache - TemplateLoader.findTemplateSource("spark/partials/standard-content_en.ftl"): Not found
2025-09-23 12:47:58 DEBUG cache - TemplateLoader.findTemplateSource("spark/partials/standard-content.ftl"): Found
2025-09-23 12:47:58 DEBUG cache - Loading template for "spark/partials/standard-content.ftl"("en_IN", UTF-8, parsed) from "jar:file:/C:/Users/Ritesh%20Kumar%20Singh/.m2/repository/com/aventstack/extentreports/5.1.2/extentreports-5.1.2.jar!/com/aventstack/extentreports/templates/spark/partials/standard-content.ftl"
2025-09-23 12:47:58 DEBUG cache - Couldn't find template in cache for "spark/partials/exception.ftl"("en_IN", UTF-8, parsed); will try to load it.
2025-09-23 12:47:58 DEBUG cache - TemplateLoader.findTemplateSource("spark/partials/exception_en_IN.ftl"): Not found
2025-09-23 12:47:58 DEBUG cache - TemplateLoader.findTemplateSource("spark/partials/exception_en.ftl"): Not found
2025-09-23 12:47:58 DEBUG cache - TemplateLoader.findTemplateSource("spark/partials/exception.ftl"): Found
2025-09-23 12:47:58 DEBUG cache - Loading template for "spark/partials/exception.ftl"("en_IN", UTF-8, parsed) from "jar:file:/C:/Users/Ritesh%20Kumar%20Singh/.m2/repository/com/aventstack/extentreports/5.1.2/extentreports-5.1.2.jar!/com/aventstack/extentreports/templates/spark/partials/exception.ftl"
2025-09-23 12:47:58 DEBUG cache - Couldn't find template in cache for "spark/partials/category.ftl"("en_IN", UTF-8, parsed); will try to load it.
2025-09-23 12:47:58 DEBUG cache - TemplateLoader.findTemplateSource("spark/partials/category_en_IN.ftl"): Not found
2025-09-23 12:47:58 DEBUG cache - TemplateLoader.findTemplateSource("spark/partials/category_en.ftl"): Not found
2025-09-23 12:47:58 DEBUG cache - TemplateLoader.findTemplateSource("spark/partials/category.ftl"): Found
2025-09-23 12:47:58 DEBUG cache - Loading template for "spark/partials/category.ftl"("en_IN", UTF-8, parsed) from "jar:file:/C:/Users/Ritesh%20Kumar%20Singh/.m2/repository/com/aventstack/extentreports/5.1.2/extentreports-5.1.2.jar!/com/aventstack/extentreports/templates/spark/partials/category.ftl"
2025-09-23 12:47:58 DEBUG cache - Couldn't find template in cache for "spark/partials/device.ftl"("en_IN", UTF-8, parsed); will try to load it.
2025-09-23 12:47:58 DEBUG cache - TemplateLoader.findTemplateSource("spark/partials/device_en_IN.ftl"): Not found
2025-09-23 12:47:58 DEBUG cache - TemplateLoader.findTemplateSource("spark/partials/device_en.ftl"): Not found
2025-09-23 12:47:58 DEBUG cache - TemplateLoader.findTemplateSource("spark/partials/device.ftl"): Found
2025-09-23 12:47:58 DEBUG cache - Loading template for "spark/partials/device.ftl"("en_IN", UTF-8, parsed) from "jar:file:/C:/Users/Ritesh%20Kumar%20Singh/.m2/repository/com/aventstack/extentreports/5.1.2/extentreports-5.1.2.jar!/com/aventstack/extentreports/templates/spark/partials/device.ftl"
2025-09-23 12:47:58 DEBUG cache - Couldn't find template in cache for "spark/partials/author.ftl"("en_IN", UTF-8, parsed); will try to load it.
2025-09-23 12:47:58 DEBUG cache - TemplateLoader.findTemplateSource("spark/partials/author_en_IN.ftl"): Not found
2025-09-23 12:47:58 DEBUG cache - TemplateLoader.findTemplateSource("spark/partials/author_en.ftl"): Not found
2025-09-23 12:47:58 DEBUG cache - TemplateLoader.findTemplateSource("spark/partials/author.ftl"): Found
2025-09-23 12:47:58 DEBUG cache - Loading template for "spark/partials/author.ftl"("en_IN", UTF-8, parsed) from "jar:file:/C:/Users/Ritesh%20Kumar%20Singh/.m2/repository/com/aventstack/extentreports/5.1.2/extentreports-5.1.2.jar!/com/aventstack/extentreports/templates/spark/partials/author.ftl"
2025-09-23 12:47:58 DEBUG cache - Couldn't find template in cache for "spark/partials/log.ftl"("en_IN", UTF-8, parsed); will try to load it.
2025-09-23 12:47:58 DEBUG cache - TemplateLoader.findTemplateSource("spark/partials/log_en_IN.ftl"): Not found
2025-09-23 12:47:58 DEBUG cache - TemplateLoader.findTemplateSource("spark/partials/log_en.ftl"): Not found
2025-09-23 12:47:58 DEBUG cache - TemplateLoader.findTemplateSource("spark/partials/log.ftl"): Found
2025-09-23 12:47:58 DEBUG cache - Loading template for "spark/partials/log.ftl"("en_IN", UTF-8, parsed) from "jar:file:/C:/Users/Ritesh%20Kumar%20Singh/.m2/repository/com/aventstack/extentreports/5.1.2/extentreports-5.1.2.jar!/com/aventstack/extentreports/templates/spark/partials/log.ftl"
2025-09-23 12:47:58 DEBUG cache - Couldn't find template in cache for "spark/partials/dashboard.ftl"("en_IN", UTF-8, parsed); will try to load it.
2025-09-23 12:47:58 DEBUG cache - TemplateLoader.findTemplateSource("spark/partials/dashboard_en_IN.ftl"): Not found
2025-09-23 12:47:58 DEBUG cache - TemplateLoader.findTemplateSource("spark/partials/dashboard_en.ftl"): Not found
2025-09-23 12:47:58 DEBUG cache - TemplateLoader.findTemplateSource("spark/partials/dashboard.ftl"): Found
2025-09-23 12:47:58 DEBUG cache - Loading template for "spark/partials/dashboard.ftl"("en_IN", UTF-8, parsed) from "jar:file:/C:/Users/Ritesh%20Kumar%20Singh/.m2/repository/com/aventstack/extentreports/5.1.2/extentreports-5.1.2.jar!/com/aventstack/extentreports/templates/spark/partials/dashboard.ftl"
2025-09-23 12:47:58 DEBUG cache - Couldn't find template in cache for "spark/partials/scripts.ftl"("en_IN", UTF-8, parsed); will try to load it.
2025-09-23 12:47:58 DEBUG cache - TemplateLoader.findTemplateSource("spark/partials/scripts_en_IN.ftl"): Not found
2025-09-23 12:47:58 DEBUG cache - TemplateLoader.findTemplateSource("spark/partials/scripts_en.ftl"): Not found
2025-09-23 12:47:58 DEBUG cache - TemplateLoader.findTemplateSource("spark/partials/scripts.ftl"): Found
2025-09-23 12:47:58 DEBUG cache - Loading template for "spark/partials/scripts.ftl"("en_IN", UTF-8, parsed) from "jar:file:/C:/Users/Ritesh%20Kumar%20Singh/.m2/repository/com/aventstack/extentreports/5.1.2/extentreports-5.1.2.jar!/com/aventstack/extentreports/templates/spark/partials/scripts.ftl"
2025-09-23 12:47:58 DEBUG cache - Couldn't find template in cache for "commons/commons-inject-js.ftl"("en_IN", UTF-8, parsed); will try to load it.
2025-09-23 12:47:58 DEBUG cache - TemplateLoader.findTemplateSource("commons/commons-inject-js_en_IN.ftl"): Not found
2025-09-23 12:47:58 DEBUG cache - TemplateLoader.findTemplateSource("commons/commons-inject-js_en.ftl"): Not found
2025-09-23 12:47:58 DEBUG cache - TemplateLoader.findTemplateSource("commons/commons-inject-js.ftl"): Found
2025-09-23 12:47:58 DEBUG cache - Loading template for "commons/commons-inject-js.ftl"("en_IN", UTF-8, parsed) from "jar:file:/C:/Users/Ritesh%20Kumar%20Singh/.m2/repository/com/aventstack/extentreports/5.1.2/extentreports-5.1.2.jar!/com/aventstack/extentreports/templates/commons/commons-inject-js.ftl"
2025-09-23 13:42:15 INFO  BaseTest - Driver initialized
2025-09-23 13:42:16 INFO  Listeners - simpleTextareaCheckBoxStarted
2025-09-23 13:42:17 ERROR Listeners - simpleTextareaCheckBoxFailed
2025-09-23 13:42:19 INFO  Listeners - dropDownActionsTestStarted
2025-09-23 13:42:20 ERROR Listeners - dropDownActionsTestFailed
2025-09-23 13:42:22 INFO  Listeners - scrollSwitchesStarted
2025-09-23 13:42:22 ERROR Listeners - scrollSwitchesFailed
2025-09-23 13:42:24 INFO  Listeners - dragDropStarted
2025-09-23 13:42:24 ERROR Listeners - dragDropFailed
2025-09-23 13:42:26 INFO  Listeners - interactWithHardwareKeysStarted
2025-09-23 13:42:27 ERROR Listeners - interactWithHardwareKeysFailed
2025-09-23 13:42:29 INFO  Listeners - installAndUninstallAppsStarted
2025-09-23 13:42:32 ERROR Listeners - installAndUninstallAppsFailed
2025-09-23 13:42:34 INFO  BaseTest - Driver closed
2025-09-23 13:42:34 DEBUG cache - Couldn't find template in cache for "spark/spark.spa.ftl"("en_IN", UTF-8, parsed); will try to load it.
2025-09-23 13:42:34 DEBUG cache - TemplateLoader.findTemplateSource("spark/spark.spa_en_IN.ftl"): Not found
2025-09-23 13:42:34 DEBUG cache - TemplateLoader.findTemplateSource("spark/spark.spa_en.ftl"): Not found
2025-09-23 13:42:34 DEBUG cache - TemplateLoader.findTemplateSource("spark/spark.spa.ftl"): Found
2025-09-23 13:42:34 DEBUG cache - Loading template for "spark/spark.spa.ftl"("en_IN", UTF-8, parsed) from "jar:file:/C:/Users/Ritesh%20Kumar%20Singh/.m2/repository/com/aventstack/extentreports/5.1.2/extentreports-5.1.2.jar!/com/aventstack/extentreports/templates/spark/spark.spa.ftl"
2025-09-23 13:42:34 DEBUG cache - Couldn't find template in cache for "commons/commons-variables.ftl"("en_IN", UTF-8, parsed); will try to load it.
2025-09-23 13:42:34 DEBUG cache - TemplateLoader.findTemplateSource("commons/commons-variables_en_IN.ftl"): Not found
2025-09-23 13:42:34 DEBUG cache - TemplateLoader.findTemplateSource("commons/commons-variables_en.ftl"): Not found
2025-09-23 13:42:34 DEBUG cache - TemplateLoader.findTemplateSource("commons/commons-variables.ftl"): Found
2025-09-23 13:42:34 DEBUG cache - Loading template for "commons/commons-variables.ftl"("en_IN", UTF-8, parsed) from "jar:file:/C:/Users/Ritesh%20Kumar%20Singh/.m2/repository/com/aventstack/extentreports/5.1.2/extentreports-5.1.2.jar!/com/aventstack/extentreports/templates/commons/commons-variables.ftl"
2025-09-23 13:42:34 DEBUG cache - Couldn't find template in cache for "commons/commons-macros.ftl"("en_IN", UTF-8, parsed); will try to load it.
2025-09-23 13:42:34 DEBUG cache - TemplateLoader.findTemplateSource("commons/commons-macros_en_IN.ftl"): Not found
2025-09-23 13:42:34 DEBUG cache - TemplateLoader.findTemplateSource("commons/commons-macros_en.ftl"): Not found
2025-09-23 13:42:34 DEBUG cache - TemplateLoader.findTemplateSource("commons/commons-macros.ftl"): Found
2025-09-23 13:42:34 DEBUG cache - Loading template for "commons/commons-macros.ftl"("en_IN", UTF-8, parsed) from "jar:file:/C:/Users/Ritesh%20Kumar%20Singh/.m2/repository/com/aventstack/extentreports/5.1.2/extentreports-5.1.2.jar!/com/aventstack/extentreports/templates/commons/commons-macros.ftl"
2025-09-23 13:42:34 DEBUG cache - Couldn't find template in cache for "spark/macros/attributes.ftl"("en_IN", UTF-8, parsed); will try to load it.
2025-09-23 13:42:34 DEBUG cache - TemplateLoader.findTemplateSource("spark/macros/attributes_en_IN.ftl"): Not found
2025-09-23 13:42:34 DEBUG cache - TemplateLoader.findTemplateSource("spark/macros/attributes_en.ftl"): Not found
2025-09-23 13:42:34 DEBUG cache - TemplateLoader.findTemplateSource("spark/macros/attributes.ftl"): Found
2025-09-23 13:42:34 DEBUG cache - Loading template for "spark/macros/attributes.ftl"("en_IN", UTF-8, parsed) from "jar:file:/C:/Users/Ritesh%20Kumar%20Singh/.m2/repository/com/aventstack/extentreports/5.1.2/extentreports-5.1.2.jar!/com/aventstack/extentreports/templates/spark/macros/attributes.ftl"
2025-09-23 13:42:34 DEBUG cache - Couldn't find template in cache for "spark/macros/log.ftl"("en_IN", UTF-8, parsed); will try to load it.
2025-09-23 13:42:34 DEBUG cache - TemplateLoader.findTemplateSource("spark/macros/log_en_IN.ftl"): Not found
2025-09-23 13:42:34 DEBUG cache - TemplateLoader.findTemplateSource("spark/macros/log_en.ftl"): Not found
2025-09-23 13:42:34 DEBUG cache - TemplateLoader.findTemplateSource("spark/macros/log.ftl"): Found
2025-09-23 13:42:34 DEBUG cache - Loading template for "spark/macros/log.ftl"("en_IN", UTF-8, parsed) from "jar:file:/C:/Users/Ritesh%20Kumar%20Singh/.m2/repository/com/aventstack/extentreports/5.1.2/extentreports-5.1.2.jar!/com/aventstack/extentreports/templates/spark/macros/log.ftl"
2025-09-23 13:42:34 DEBUG cache - Couldn't find template in cache for "spark/macros/recurse_nodes.ftl"("en_IN", UTF-8, parsed); will try to load it.
2025-09-23 13:42:34 DEBUG cache - TemplateLoader.findTemplateSource("spark/macros/recurse_nodes_en_IN.ftl"): Not found
2025-09-23 13:42:34 DEBUG cache - TemplateLoader.findTemplateSource("spark/macros/recurse_nodes_en.ftl"): Not found
2025-09-23 13:42:34 DEBUG cache - TemplateLoader.findTemplateSource("spark/macros/recurse_nodes.ftl"): Found
2025-09-23 13:42:34 DEBUG cache - Loading template for "spark/macros/recurse_nodes.ftl"("en_IN", UTF-8, parsed) from "jar:file:/C:/Users/Ritesh%20Kumar%20Singh/.m2/repository/com/aventstack/extentreports/5.1.2/extentreports-5.1.2.jar!/com/aventstack/extentreports/templates/spark/macros/recurse_nodes.ftl"
2025-09-23 13:42:34 DEBUG cache - "spark/macros/log.ftl"("en_IN", UTF-8, parsed) cached copy not yet stale; using cached.
2025-09-23 13:42:34 DEBUG cache - Couldn't find template in cache for "spark/macros/attr-common.ftl"("en_IN", UTF-8, parsed); will try to load it.
2025-09-23 13:42:34 DEBUG cache - TemplateLoader.findTemplateSource("spark/macros/attr-common_en_IN.ftl"): Not found
2025-09-23 13:42:34 DEBUG cache - TemplateLoader.findTemplateSource("spark/macros/attr-common_en.ftl"): Not found
2025-09-23 13:42:34 DEBUG cache - TemplateLoader.findTemplateSource("spark/macros/attr-common.ftl"): Found
2025-09-23 13:42:34 DEBUG cache - Loading template for "spark/macros/attr-common.ftl"("en_IN", UTF-8, parsed) from "jar:file:/C:/Users/Ritesh%20Kumar%20Singh/.m2/repository/com/aventstack/extentreports/5.1.2/extentreports-5.1.2.jar!/com/aventstack/extentreports/templates/spark/macros/attr-common.ftl"
2025-09-23 13:42:35 DEBUG cache - Couldn't find template in cache for "spark/partials/head.ftl"("en_IN", UTF-8, parsed); will try to load it.
2025-09-23 13:42:35 DEBUG cache - TemplateLoader.findTemplateSource("spark/partials/head_en_IN.ftl"): Not found
2025-09-23 13:42:35 DEBUG cache - TemplateLoader.findTemplateSource("spark/partials/head_en.ftl"): Not found
2025-09-23 13:42:35 DEBUG cache - TemplateLoader.findTemplateSource("spark/partials/head.ftl"): Found
2025-09-23 13:42:35 DEBUG cache - Loading template for "spark/partials/head.ftl"("en_IN", UTF-8, parsed) from "jar:file:/C:/Users/Ritesh%20Kumar%20Singh/.m2/repository/com/aventstack/extentreports/5.1.2/extentreports-5.1.2.jar!/com/aventstack/extentreports/templates/spark/partials/head.ftl"
2025-09-23 13:42:35 DEBUG cache - Couldn't find template in cache for "commons/commons-inject-css.ftl"("en_IN", UTF-8, parsed); will try to load it.
2025-09-23 13:42:35 DEBUG cache - TemplateLoader.findTemplateSource("commons/commons-inject-css_en_IN.ftl"): Not found
2025-09-23 13:42:35 DEBUG cache - TemplateLoader.findTemplateSource("commons/commons-inject-css_en.ftl"): Not found
2025-09-23 13:42:35 DEBUG cache - TemplateLoader.findTemplateSource("commons/commons-inject-css.ftl"): Found
2025-09-23 13:42:35 DEBUG cache - Loading template for "commons/commons-inject-css.ftl"("en_IN", UTF-8, parsed) from "jar:file:/C:/Users/Ritesh%20Kumar%20Singh/.m2/repository/com/aventstack/extentreports/5.1.2/extentreports-5.1.2.jar!/com/aventstack/extentreports/templates/commons/commons-inject-css.ftl"
2025-09-23 13:42:35 DEBUG cache - Couldn't find template in cache for "spark/partials/navbar.ftl"("en_IN", UTF-8, parsed); will try to load it.
2025-09-23 13:42:35 DEBUG cache - TemplateLoader.findTemplateSource("spark/partials/navbar_en_IN.ftl"): Not found
2025-09-23 13:42:35 DEBUG cache - TemplateLoader.findTemplateSource("spark/partials/navbar_en.ftl"): Not found
2025-09-23 13:42:35 DEBUG cache - TemplateLoader.findTemplateSource("spark/partials/navbar.ftl"): Found
2025-09-23 13:42:35 DEBUG cache - Loading template for "spark/partials/navbar.ftl"("en_IN", UTF-8, parsed) from "jar:file:/C:/Users/Ritesh%20Kumar%20Singh/.m2/repository/com/aventstack/extentreports/5.1.2/extentreports-5.1.2.jar!/com/aventstack/extentreports/templates/spark/partials/navbar.ftl"
2025-09-23 13:42:35 DEBUG cache - Couldn't find template in cache for "spark/partials/sidenav.ftl"("en_IN", UTF-8, parsed); will try to load it.
2025-09-23 13:42:35 DEBUG cache - TemplateLoader.findTemplateSource("spark/partials/sidenav_en_IN.ftl"): Not found
2025-09-23 13:42:35 DEBUG cache - TemplateLoader.findTemplateSource("spark/partials/sidenav_en.ftl"): Not found
2025-09-23 13:42:35 DEBUG cache - TemplateLoader.findTemplateSource("spark/partials/sidenav.ftl"): Found
2025-09-23 13:42:35 DEBUG cache - Loading template for "spark/partials/sidenav.ftl"("en_IN", UTF-8, parsed) from "jar:file:/C:/Users/Ritesh%20Kumar%20Singh/.m2/repository/com/aventstack/extentreports/5.1.2/extentreports-5.1.2.jar!/com/aventstack/extentreports/templates/spark/partials/sidenav.ftl"
2025-09-23 13:42:35 DEBUG cache - Couldn't find template in cache for "spark/partials/test.ftl"("en_IN", UTF-8, parsed); will try to load it.
2025-09-23 13:42:35 DEBUG cache - TemplateLoader.findTemplateSource("spark/partials/test_en_IN.ftl"): Not found
2025-09-23 13:42:35 DEBUG cache - TemplateLoader.findTemplateSource("spark/partials/test_en.ftl"): Not found
2025-09-23 13:42:35 DEBUG cache - TemplateLoader.findTemplateSource("spark/partials/test.ftl"): Found
2025-09-23 13:42:35 DEBUG cache - Loading template for "spark/partials/test.ftl"("en_IN", UTF-8, parsed) from "jar:file:/C:/Users/Ritesh%20Kumar%20Singh/.m2/repository/com/aventstack/extentreports/5.1.2/extentreports-5.1.2.jar!/com/aventstack/extentreports/templates/spark/partials/test.ftl"
2025-09-23 13:42:35 DEBUG cache - Couldn't find template in cache for "spark/partials/standard-content.ftl"("en_IN", UTF-8, parsed); will try to load it.
2025-09-23 13:42:35 DEBUG cache - TemplateLoader.findTemplateSource("spark/partials/standard-content_en_IN.ftl"): Not found
2025-09-23 13:42:35 DEBUG cache - TemplateLoader.findTemplateSource("spark/partials/standard-content_en.ftl"): Not found
2025-09-23 13:42:35 DEBUG cache - TemplateLoader.findTemplateSource("spark/partials/standard-content.ftl"): Found
2025-09-23 13:42:35 DEBUG cache - Loading template for "spark/partials/standard-content.ftl"("en_IN", UTF-8, parsed) from "jar:file:/C:/Users/Ritesh%20Kumar%20Singh/.m2/repository/com/aventstack/extentreports/5.1.2/extentreports-5.1.2.jar!/com/aventstack/extentreports/templates/spark/partials/standard-content.ftl"
2025-09-23 13:42:35 DEBUG cache - "spark/partials/standard-content.ftl"("en_IN", UTF-8, parsed) cached copy not yet stale; using cached.
2025-09-23 13:42:35 DEBUG cache - "spark/partials/standard-content.ftl"("en_IN", UTF-8, parsed) cached copy not yet stale; using cached.
2025-09-23 13:42:35 DEBUG cache - "spark/partials/standard-content.ftl"("en_IN", UTF-8, parsed) cached copy not yet stale; using cached.
2025-09-23 13:42:35 DEBUG cache - "spark/partials/standard-content.ftl"("en_IN", UTF-8, parsed) cached copy not yet stale; using cached.
2025-09-23 13:42:35 DEBUG cache - "spark/partials/standard-content.ftl"("en_IN", UTF-8, parsed) cached copy not yet stale; using cached.
2025-09-23 13:42:35 DEBUG cache - Couldn't find template in cache for "spark/partials/exception.ftl"("en_IN", UTF-8, parsed); will try to load it.
2025-09-23 13:42:35 DEBUG cache - TemplateLoader.findTemplateSource("spark/partials/exception_en_IN.ftl"): Not found
2025-09-23 13:42:35 DEBUG cache - TemplateLoader.findTemplateSource("spark/partials/exception_en.ftl"): Not found
2025-09-23 13:42:35 DEBUG cache - TemplateLoader.findTemplateSource("spark/partials/exception.ftl"): Found
2025-09-23 13:42:35 DEBUG cache - Loading template for "spark/partials/exception.ftl"("en_IN", UTF-8, parsed) from "jar:file:/C:/Users/Ritesh%20Kumar%20Singh/.m2/repository/com/aventstack/extentreports/5.1.2/extentreports-5.1.2.jar!/com/aventstack/extentreports/templates/spark/partials/exception.ftl"
2025-09-23 13:42:35 DEBUG cache - Couldn't find template in cache for "spark/partials/category.ftl"("en_IN", UTF-8, parsed); will try to load it.
2025-09-23 13:42:35 DEBUG cache - TemplateLoader.findTemplateSource("spark/partials/category_en_IN.ftl"): Not found
2025-09-23 13:42:35 DEBUG cache - TemplateLoader.findTemplateSource("spark/partials/category_en.ftl"): Not found
2025-09-23 13:42:35 DEBUG cache - TemplateLoader.findTemplateSource("spark/partials/category.ftl"): Found
2025-09-23 13:42:35 DEBUG cache - Loading template for "spark/partials/category.ftl"("en_IN", UTF-8, parsed) from "jar:file:/C:/Users/Ritesh%20Kumar%20Singh/.m2/repository/com/aventstack/extentreports/5.1.2/extentreports-5.1.2.jar!/com/aventstack/extentreports/templates/spark/partials/category.ftl"
2025-09-23 13:42:35 DEBUG cache - Couldn't find template in cache for "spark/partials/device.ftl"("en_IN", UTF-8, parsed); will try to load it.
2025-09-23 13:42:35 DEBUG cache - TemplateLoader.findTemplateSource("spark/partials/device_en_IN.ftl"): Not found
2025-09-23 13:42:35 DEBUG cache - TemplateLoader.findTemplateSource("spark/partials/device_en.ftl"): Not found
2025-09-23 13:42:35 DEBUG cache - TemplateLoader.findTemplateSource("spark/partials/device.ftl"): Found
2025-09-23 13:42:35 DEBUG cache - Loading template for "spark/partials/device.ftl"("en_IN", UTF-8, parsed) from "jar:file:/C:/Users/Ritesh%20Kumar%20Singh/.m2/repository/com/aventstack/extentreports/5.1.2/extentreports-5.1.2.jar!/com/aventstack/extentreports/templates/spark/partials/device.ftl"
2025-09-23 13:42:35 DEBUG cache - Couldn't find template in cache for "spark/partials/author.ftl"("en_IN", UTF-8, parsed); will try to load it.
2025-09-23 13:42:35 DEBUG cache - TemplateLoader.findTemplateSource("spark/partials/author_en_IN.ftl"): Not found
2025-09-23 13:42:35 DEBUG cache - TemplateLoader.findTemplateSource("spark/partials/author_en.ftl"): Not found
2025-09-23 13:42:35 DEBUG cache - TemplateLoader.findTemplateSource("spark/partials/author.ftl"): Found
2025-09-23 13:42:35 DEBUG cache - Loading template for "spark/partials/author.ftl"("en_IN", UTF-8, parsed) from "jar:file:/C:/Users/Ritesh%20Kumar%20Singh/.m2/repository/com/aventstack/extentreports/5.1.2/extentreports-5.1.2.jar!/com/aventstack/extentreports/templates/spark/partials/author.ftl"
2025-09-23 13:42:35 DEBUG cache - Couldn't find template in cache for "spark/partials/log.ftl"("en_IN", UTF-8, parsed); will try to load it.
2025-09-23 13:42:35 DEBUG cache - TemplateLoader.findTemplateSource("spark/partials/log_en_IN.ftl"): Not found
2025-09-23 13:42:35 DEBUG cache - TemplateLoader.findTemplateSource("spark/partials/log_en.ftl"): Not found
2025-09-23 13:42:35 DEBUG cache - TemplateLoader.findTemplateSource("spark/partials/log.ftl"): Found
2025-09-23 13:42:35 DEBUG cache - Loading template for "spark/partials/log.ftl"("en_IN", UTF-8, parsed) from "jar:file:/C:/Users/Ritesh%20Kumar%20Singh/.m2/repository/com/aventstack/extentreports/5.1.2/extentreports-5.1.2.jar!/com/aventstack/extentreports/templates/spark/partials/log.ftl"
2025-09-23 13:42:35 DEBUG cache - Couldn't find template in cache for "spark/partials/dashboard.ftl"("en_IN", UTF-8, parsed); will try to load it.
2025-09-23 13:42:35 DEBUG cache - TemplateLoader.findTemplateSource("spark/partials/dashboard_en_IN.ftl"): Not found
2025-09-23 13:42:35 DEBUG cache - TemplateLoader.findTemplateSource("spark/partials/dashboard_en.ftl"): Not found
2025-09-23 13:42:35 DEBUG cache - TemplateLoader.findTemplateSource("spark/partials/dashboard.ftl"): Found
2025-09-23 13:42:35 DEBUG cache - Loading template for "spark/partials/dashboard.ftl"("en_IN", UTF-8, parsed) from "jar:file:/C:/Users/Ritesh%20Kumar%20Singh/.m2/repository/com/aventstack/extentreports/5.1.2/extentreports-5.1.2.jar!/com/aventstack/extentreports/templates/spark/partials/dashboard.ftl"
2025-09-23 13:42:35 DEBUG cache - Couldn't find template in cache for "spark/partials/scripts.ftl"("en_IN", UTF-8, parsed); will try to load it.
2025-09-23 13:42:35 DEBUG cache - TemplateLoader.findTemplateSource("spark/partials/scripts_en_IN.ftl"): Not found
2025-09-23 13:42:35 DEBUG cache - TemplateLoader.findTemplateSource("spark/partials/scripts_en.ftl"): Not found
2025-09-23 13:42:35 DEBUG cache - TemplateLoader.findTemplateSource("spark/partials/scripts.ftl"): Found
2025-09-23 13:42:35 DEBUG cache - Loading template for "spark/partials/scripts.ftl"("en_IN", UTF-8, parsed) from "jar:file:/C:/Users/Ritesh%20Kumar%20Singh/.m2/repository/com/aventstack/extentreports/5.1.2/extentreports-5.1.2.jar!/com/aventstack/extentreports/templates/spark/partials/scripts.ftl"
2025-09-23 13:42:35 DEBUG cache - Couldn't find template in cache for "commons/commons-inject-js.ftl"("en_IN", UTF-8, parsed); will try to load it.
2025-09-23 13:42:35 DEBUG cache - TemplateLoader.findTemplateSource("commons/commons-inject-js_en_IN.ftl"): Not found
2025-09-23 13:42:35 DEBUG cache - TemplateLoader.findTemplateSource("commons/commons-inject-js_en.ftl"): Not found
2025-09-23 13:42:35 DEBUG cache - TemplateLoader.findTemplateSource("commons/commons-inject-js.ftl"): Found
2025-09-23 13:42:35 DEBUG cache - Loading template for "commons/commons-inject-js.ftl"("en_IN", UTF-8, parsed) from "jar:file:/C:/Users/Ritesh%20Kumar%20Singh/.m2/repository/com/aventstack/extentreports/5.1.2/extentreports-5.1.2.jar!/com/aventstack/extentreports/templates/commons/commons-inject-js.ftl"
2025-09-23 13:45:05 INFO  BaseTest - Driver initialized
2025-09-23 13:45:06 INFO  Listeners - simpleTextareaCheckBoxStarted
2025-09-23 13:45:07 ERROR Listeners - simpleTextareaCheckBoxFailed
2025-09-23 13:45:09 INFO  Listeners - dropDownActionsTestStarted
2025-09-23 13:45:09 ERROR Listeners - dropDownActionsTestFailed
2025-09-23 13:45:11 INFO  Listeners - scrollSwitchesStarted
2025-09-23 13:45:12 ERROR Listeners - scrollSwitchesFailed
2025-09-23 13:45:14 INFO  Listeners - dragDropStarted
2025-09-23 13:45:15 ERROR Listeners - dragDropFailed
2025-09-23 13:45:17 INFO  Listeners - interactWithHardwareKeysStarted
2025-09-23 13:45:17 ERROR Listeners - interactWithHardwareKeysFailed
2025-09-23 13:45:19 INFO  Listeners - installAndUninstallAppsStarted
2025-09-23 13:45:22 ERROR Listeners - installAndUninstallAppsFailed
2025-09-23 13:45:24 INFO  BaseTest - Driver closed
2025-09-23 13:45:24 DEBUG cache - Couldn't find template in cache for "spark/spark.spa.ftl"("en_IN", UTF-8, parsed); will try to load it.
2025-09-23 13:45:24 DEBUG cache - TemplateLoader.findTemplateSource("spark/spark.spa_en_IN.ftl"): Not found
2025-09-23 13:45:24 DEBUG cache - TemplateLoader.findTemplateSource("spark/spark.spa_en.ftl"): Not found
2025-09-23 13:45:24 DEBUG cache - TemplateLoader.findTemplateSource("spark/spark.spa.ftl"): Found
2025-09-23 13:45:24 DEBUG cache - Loading template for "spark/spark.spa.ftl"("en_IN", UTF-8, parsed) from "jar:file:/C:/Users/Ritesh%20Kumar%20Singh/.m2/repository/com/aventstack/extentreports/5.1.2/extentreports-5.1.2.jar!/com/aventstack/extentreports/templates/spark/spark.spa.ftl"
2025-09-23 13:45:24 DEBUG cache - Couldn't find template in cache for "commons/commons-variables.ftl"("en_IN", UTF-8, parsed); will try to load it.
2025-09-23 13:45:24 DEBUG cache - TemplateLoader.findTemplateSource("commons/commons-variables_en_IN.ftl"): Not found
2025-09-23 13:45:24 DEBUG cache - TemplateLoader.findTemplateSource("commons/commons-variables_en.ftl"): Not found
2025-09-23 13:45:24 DEBUG cache - TemplateLoader.findTemplateSource("commons/commons-variables.ftl"): Found
2025-09-23 13:45:24 DEBUG cache - Loading template for "commons/commons-variables.ftl"("en_IN", UTF-8, parsed) from "jar:file:/C:/Users/Ritesh%20Kumar%20Singh/.m2/repository/com/aventstack/extentreports/5.1.2/extentreports-5.1.2.jar!/com/aventstack/extentreports/templates/commons/commons-variables.ftl"
2025-09-23 13:45:24 DEBUG cache - Couldn't find template in cache for "commons/commons-macros.ftl"("en_IN", UTF-8, parsed); will try to load it.
2025-09-23 13:45:24 DEBUG cache - TemplateLoader.findTemplateSource("commons/commons-macros_en_IN.ftl"): Not found
2025-09-23 13:45:24 DEBUG cache - TemplateLoader.findTemplateSource("commons/commons-macros_en.ftl"): Not found
2025-09-23 13:45:24 DEBUG cache - TemplateLoader.findTemplateSource("commons/commons-macros.ftl"): Found
2025-09-23 13:45:24 DEBUG cache - Loading template for "commons/commons-macros.ftl"("en_IN", UTF-8, parsed) from "jar:file:/C:/Users/Ritesh%20Kumar%20Singh/.m2/repository/com/aventstack/extentreports/5.1.2/extentreports-5.1.2.jar!/com/aventstack/extentreports/templates/commons/commons-macros.ftl"
2025-09-23 13:45:24 DEBUG cache - Couldn't find template in cache for "spark/macros/attributes.ftl"("en_IN", UTF-8, parsed); will try to load it.
2025-09-23 13:45:24 DEBUG cache - TemplateLoader.findTemplateSource("spark/macros/attributes_en_IN.ftl"): Not found
2025-09-23 13:45:24 DEBUG cache - TemplateLoader.findTemplateSource("spark/macros/attributes_en.ftl"): Not found
2025-09-23 13:45:24 DEBUG cache - TemplateLoader.findTemplateSource("spark/macros/attributes.ftl"): Found
2025-09-23 13:45:24 DEBUG cache - Loading template for "spark/macros/attributes.ftl"("en_IN", UTF-8, parsed) from "jar:file:/C:/Users/Ritesh%20Kumar%20Singh/.m2/repository/com/aventstack/extentreports/5.1.2/extentreports-5.1.2.jar!/com/aventstack/extentreports/templates/spark/macros/attributes.ftl"
2025-09-23 13:45:24 DEBUG cache - Couldn't find template in cache for "spark/macros/log.ftl"("en_IN", UTF-8, parsed); will try to load it.
2025-09-23 13:45:24 DEBUG cache - TemplateLoader.findTemplateSource("spark/macros/log_en_IN.ftl"): Not found
2025-09-23 13:45:24 DEBUG cache - TemplateLoader.findTemplateSource("spark/macros/log_en.ftl"): Not found
2025-09-23 13:45:24 DEBUG cache - TemplateLoader.findTemplateSource("spark/macros/log.ftl"): Found
2025-09-23 13:45:24 DEBUG cache - Loading template for "spark/macros/log.ftl"("en_IN", UTF-8, parsed) from "jar:file:/C:/Users/Ritesh%20Kumar%20Singh/.m2/repository/com/aventstack/extentreports/5.1.2/extentreports-5.1.2.jar!/com/aventstack/extentreports/templates/spark/macros/log.ftl"
2025-09-23 13:45:24 DEBUG cache - Couldn't find template in cache for "spark/macros/recurse_nodes.ftl"("en_IN", UTF-8, parsed); will try to load it.
2025-09-23 13:45:24 DEBUG cache - TemplateLoader.findTemplateSource("spark/macros/recurse_nodes_en_IN.ftl"): Not found
2025-09-23 13:45:24 DEBUG cache - TemplateLoader.findTemplateSource("spark/macros/recurse_nodes_en.ftl"): Not found
2025-09-23 13:45:24 DEBUG cache - TemplateLoader.findTemplateSource("spark/macros/recurse_nodes.ftl"): Found
2025-09-23 13:45:24 DEBUG cache - Loading template for "spark/macros/recurse_nodes.ftl"("en_IN", UTF-8, parsed) from "jar:file:/C:/Users/Ritesh%20Kumar%20Singh/.m2/repository/com/aventstack/extentreports/5.1.2/extentreports-5.1.2.jar!/com/aventstack/extentreports/templates/spark/macros/recurse_nodes.ftl"
2025-09-23 13:45:24 DEBUG cache - "spark/macros/log.ftl"("en_IN", UTF-8, parsed) cached copy not yet stale; using cached.
2025-09-23 13:45:24 DEBUG cache - Couldn't find template in cache for "spark/macros/attr-common.ftl"("en_IN", UTF-8, parsed); will try to load it.
2025-09-23 13:45:24 DEBUG cache - TemplateLoader.findTemplateSource("spark/macros/attr-common_en_IN.ftl"): Not found
2025-09-23 13:45:24 DEBUG cache - TemplateLoader.findTemplateSource("spark/macros/attr-common_en.ftl"): Not found
2025-09-23 13:45:24 DEBUG cache - TemplateLoader.findTemplateSource("spark/macros/attr-common.ftl"): Found
2025-09-23 13:45:24 DEBUG cache - Loading template for "spark/macros/attr-common.ftl"("en_IN", UTF-8, parsed) from "jar:file:/C:/Users/Ritesh%20Kumar%20Singh/.m2/repository/com/aventstack/extentreports/5.1.2/extentreports-5.1.2.jar!/com/aventstack/extentreports/templates/spark/macros/attr-common.ftl"
2025-09-23 13:45:24 DEBUG cache - Couldn't find template in cache for "spark/partials/head.ftl"("en_IN", UTF-8, parsed); will try to load it.
2025-09-23 13:45:24 DEBUG cache - TemplateLoader.findTemplateSource("spark/partials/head_en_IN.ftl"): Not found
2025-09-23 13:45:24 DEBUG cache - TemplateLoader.findTemplateSource("spark/partials/head_en.ftl"): Not found
2025-09-23 13:45:24 DEBUG cache - TemplateLoader.findTemplateSource("spark/partials/head.ftl"): Found
2025-09-23 13:45:24 DEBUG cache - Loading template for "spark/partials/head.ftl"("en_IN", UTF-8, parsed) from "jar:file:/C:/Users/Ritesh%20Kumar%20Singh/.m2/repository/com/aventstack/extentreports/5.1.2/extentreports-5.1.2.jar!/com/aventstack/extentreports/templates/spark/partials/head.ftl"
2025-09-23 13:45:24 DEBUG cache - Couldn't find template in cache for "commons/commons-inject-css.ftl"("en_IN", UTF-8, parsed); will try to load it.
2025-09-23 13:45:24 DEBUG cache - TemplateLoader.findTemplateSource("commons/commons-inject-css_en_IN.ftl"): Not found
2025-09-23 13:45:24 DEBUG cache - TemplateLoader.findTemplateSource("commons/commons-inject-css_en.ftl"): Not found
2025-09-23 13:45:24 DEBUG cache - TemplateLoader.findTemplateSource("commons/commons-inject-css.ftl"): Found
2025-09-23 13:45:24 DEBUG cache - Loading template for "commons/commons-inject-css.ftl"("en_IN", UTF-8, parsed) from "jar:file:/C:/Users/Ritesh%20Kumar%20Singh/.m2/repository/com/aventstack/extentreports/5.1.2/extentreports-5.1.2.jar!/com/aventstack/extentreports/templates/commons/commons-inject-css.ftl"
2025-09-23 13:45:24 DEBUG cache - Couldn't find template in cache for "spark/partials/navbar.ftl"("en_IN", UTF-8, parsed); will try to load it.
2025-09-23 13:45:24 DEBUG cache - TemplateLoader.findTemplateSource("spark/partials/navbar_en_IN.ftl"): Not found
2025-09-23 13:45:24 DEBUG cache - TemplateLoader.findTemplateSource("spark/partials/navbar_en.ftl"): Not found
2025-09-23 13:45:24 DEBUG cache - TemplateLoader.findTemplateSource("spark/partials/navbar.ftl"): Found
2025-09-23 13:45:24 DEBUG cache - Loading template for "spark/partials/navbar.ftl"("en_IN", UTF-8, parsed) from "jar:file:/C:/Users/Ritesh%20Kumar%20Singh/.m2/repository/com/aventstack/extentreports/5.1.2/extentreports-5.1.2.jar!/com/aventstack/extentreports/templates/spark/partials/navbar.ftl"
2025-09-23 13:45:24 DEBUG cache - Couldn't find template in cache for "spark/partials/sidenav.ftl"("en_IN", UTF-8, parsed); will try to load it.
2025-09-23 13:45:24 DEBUG cache - TemplateLoader.findTemplateSource("spark/partials/sidenav_en_IN.ftl"): Not found
2025-09-23 13:45:24 DEBUG cache - TemplateLoader.findTemplateSource("spark/partials/sidenav_en.ftl"): Not found
2025-09-23 13:45:24 DEBUG cache - TemplateLoader.findTemplateSource("spark/partials/sidenav.ftl"): Found
2025-09-23 13:45:24 DEBUG cache - Loading template for "spark/partials/sidenav.ftl"("en_IN", UTF-8, parsed) from "jar:file:/C:/Users/Ritesh%20Kumar%20Singh/.m2/repository/com/aventstack/extentreports/5.1.2/extentreports-5.1.2.jar!/com/aventstack/extentreports/templates/spark/partials/sidenav.ftl"
2025-09-23 13:45:24 DEBUG cache - Couldn't find template in cache for "spark/partials/test.ftl"("en_IN", UTF-8, parsed); will try to load it.
2025-09-23 13:45:24 DEBUG cache - TemplateLoader.findTemplateSource("spark/partials/test_en_IN.ftl"): Not found
2025-09-23 13:45:24 DEBUG cache - TemplateLoader.findTemplateSource("spark/partials/test_en.ftl"): Not found
2025-09-23 13:45:24 DEBUG cache - TemplateLoader.findTemplateSource("spark/partials/test.ftl"): Found
2025-09-23 13:45:24 DEBUG cache - Loading template for "spark/partials/test.ftl"("en_IN", UTF-8, parsed) from "jar:file:/C:/Users/Ritesh%20Kumar%20Singh/.m2/repository/com/aventstack/extentreports/5.1.2/extentreports-5.1.2.jar!/com/aventstack/extentreports/templates/spark/partials/test.ftl"
2025-09-23 13:45:24 DEBUG cache - Couldn't find template in cache for "spark/partials/standard-content.ftl"("en_IN", UTF-8, parsed); will try to load it.
2025-09-23 13:45:24 DEBUG cache - TemplateLoader.findTemplateSource("spark/partials/standard-content_en_IN.ftl"): Not found
2025-09-23 13:45:24 DEBUG cache - TemplateLoader.findTemplateSource("spark/partials/standard-content_en.ftl"): Not found
2025-09-23 13:45:24 DEBUG cache - TemplateLoader.findTemplateSource("spark/partials/standard-content.ftl"): Found
2025-09-23 13:45:24 DEBUG cache - Loading template for "spark/partials/standard-content.ftl"("en_IN", UTF-8, parsed) from "jar:file:/C:/Users/Ritesh%20Kumar%20Singh/.m2/repository/com/aventstack/extentreports/5.1.2/extentreports-5.1.2.jar!/com/aventstack/extentreports/templates/spark/partials/standard-content.ftl"
2025-09-23 13:45:24 DEBUG cache - "spark/partials/standard-content.ftl"("en_IN", UTF-8, parsed) cached copy not yet stale; using cached.
2025-09-23 13:45:24 DEBUG cache - "spark/partials/standard-content.ftl"("en_IN", UTF-8, parsed) cached copy not yet stale; using cached.
2025-09-23 13:45:24 DEBUG cache - "spark/partials/standard-content.ftl"("en_IN", UTF-8, parsed) cached copy not yet stale; using cached.
2025-09-23 13:45:24 DEBUG cache - "spark/partials/standard-content.ftl"("en_IN", UTF-8, parsed) cached copy not yet stale; using cached.
2025-09-23 13:45:24 DEBUG cache - "spark/partials/standard-content.ftl"("en_IN", UTF-8, parsed) cached copy not yet stale; using cached.
2025-09-23 13:45:24 DEBUG cache - Couldn't find template in cache for "spark/partials/exception.ftl"("en_IN", UTF-8, parsed); will try to load it.
2025-09-23 13:45:24 DEBUG cache - TemplateLoader.findTemplateSource("spark/partials/exception_en_IN.ftl"): Not found
2025-09-23 13:45:24 DEBUG cache - TemplateLoader.findTemplateSource("spark/partials/exception_en.ftl"): Not found
2025-09-23 13:45:24 DEBUG cache - TemplateLoader.findTemplateSource("spark/partials/exception.ftl"): Found
2025-09-23 13:45:24 DEBUG cache - Loading template for "spark/partials/exception.ftl"("en_IN", UTF-8, parsed) from "jar:file:/C:/Users/Ritesh%20Kumar%20Singh/.m2/repository/com/aventstack/extentreports/5.1.2/extentreports-5.1.2.jar!/com/aventstack/extentreports/templates/spark/partials/exception.ftl"
2025-09-23 13:45:24 DEBUG cache - Couldn't find template in cache for "spark/partials/category.ftl"("en_IN", UTF-8, parsed); will try to load it.
2025-09-23 13:45:24 DEBUG cache - TemplateLoader.findTemplateSource("spark/partials/category_en_IN.ftl"): Not found
2025-09-23 13:45:24 DEBUG cache - TemplateLoader.findTemplateSource("spark/partials/category_en.ftl"): Not found
2025-09-23 13:45:24 DEBUG cache - TemplateLoader.findTemplateSource("spark/partials/category.ftl"): Found
2025-09-23 13:45:24 DEBUG cache - Loading template for "spark/partials/category.ftl"("en_IN", UTF-8, parsed) from "jar:file:/C:/Users/Ritesh%20Kumar%20Singh/.m2/repository/com/aventstack/extentreports/5.1.2/extentreports-5.1.2.jar!/com/aventstack/extentreports/templates/spark/partials/category.ftl"
2025-09-23 13:45:24 DEBUG cache - Couldn't find template in cache for "spark/partials/device.ftl"("en_IN", UTF-8, parsed); will try to load it.
2025-09-23 13:45:24 DEBUG cache - TemplateLoader.findTemplateSource("spark/partials/device_en_IN.ftl"): Not found
2025-09-23 13:45:24 DEBUG cache - TemplateLoader.findTemplateSource("spark/partials/device_en.ftl"): Not found
2025-09-23 13:45:24 DEBUG cache - TemplateLoader.findTemplateSource("spark/partials/device.ftl"): Found
2025-09-23 13:45:24 DEBUG cache - Loading template for "spark/partials/device.ftl"("en_IN", UTF-8, parsed) from "jar:file:/C:/Users/Ritesh%20Kumar%20Singh/.m2/repository/com/aventstack/extentreports/5.1.2/extentreports-5.1.2.jar!/com/aventstack/extentreports/templates/spark/partials/device.ftl"
2025-09-23 13:45:24 DEBUG cache - Couldn't find template in cache for "spark/partials/author.ftl"("en_IN", UTF-8, parsed); will try to load it.
2025-09-23 13:45:24 DEBUG cache - TemplateLoader.findTemplateSource("spark/partials/author_en_IN.ftl"): Not found
2025-09-23 13:45:24 DEBUG cache - TemplateLoader.findTemplateSource("spark/partials/author_en.ftl"): Not found
2025-09-23 13:45:24 DEBUG cache - TemplateLoader.findTemplateSource("spark/partials/author.ftl"): Found
2025-09-23 13:45:24 DEBUG cache - Loading template for "spark/partials/author.ftl"("en_IN", UTF-8, parsed) from "jar:file:/C:/Users/Ritesh%20Kumar%20Singh/.m2/repository/com/aventstack/extentreports/5.1.2/extentreports-5.1.2.jar!/com/aventstack/extentreports/templates/spark/partials/author.ftl"
2025-09-23 13:45:24 DEBUG cache - Couldn't find template in cache for "spark/partials/log.ftl"("en_IN", UTF-8, parsed); will try to load it.
2025-09-23 13:45:24 DEBUG cache - TemplateLoader.findTemplateSource("spark/partials/log_en_IN.ftl"): Not found
2025-09-23 13:45:24 DEBUG cache - TemplateLoader.findTemplateSource("spark/partials/log_en.ftl"): Not found
2025-09-23 13:45:24 DEBUG cache - TemplateLoader.findTemplateSource("spark/partials/log.ftl"): Found
2025-09-23 13:45:24 DEBUG cache - Loading template for "spark/partials/log.ftl"("en_IN", UTF-8, parsed) from "jar:file:/C:/Users/Ritesh%20Kumar%20Singh/.m2/repository/com/aventstack/extentreports/5.1.2/extentreports-5.1.2.jar!/com/aventstack/extentreports/templates/spark/partials/log.ftl"
2025-09-23 13:45:24 DEBUG cache - Couldn't find template in cache for "spark/partials/dashboard.ftl"("en_IN", UTF-8, parsed); will try to load it.
2025-09-23 13:45:24 DEBUG cache - TemplateLoader.findTemplateSource("spark/partials/dashboard_en_IN.ftl"): Not found
2025-09-23 13:45:24 DEBUG cache - TemplateLoader.findTemplateSource("spark/partials/dashboard_en.ftl"): Not found
2025-09-23 13:45:24 DEBUG cache - TemplateLoader.findTemplateSource("spark/partials/dashboard.ftl"): Found
2025-09-23 13:45:24 DEBUG cache - Loading template for "spark/partials/dashboard.ftl"("en_IN", UTF-8, parsed) from "jar:file:/C:/Users/Ritesh%20Kumar%20Singh/.m2/repository/com/aventstack/extentreports/5.1.2/extentreports-5.1.2.jar!/com/aventstack/extentreports/templates/spark/partials/dashboard.ftl"
2025-09-23 13:45:25 DEBUG cache - Couldn't find template in cache for "spark/partials/scripts.ftl"("en_IN", UTF-8, parsed); will try to load it.
2025-09-23 13:45:25 DEBUG cache - TemplateLoader.findTemplateSource("spark/partials/scripts_en_IN.ftl"): Not found
2025-09-23 13:45:25 DEBUG cache - TemplateLoader.findTemplateSource("spark/partials/scripts_en.ftl"): Not found
2025-09-23 13:45:25 DEBUG cache - TemplateLoader.findTemplateSource("spark/partials/scripts.ftl"): Found
2025-09-23 13:45:25 DEBUG cache - Loading template for "spark/partials/scripts.ftl"("en_IN", UTF-8, parsed) from "jar:file:/C:/Users/Ritesh%20Kumar%20Singh/.m2/repository/com/aventstack/extentreports/5.1.2/extentreports-5.1.2.jar!/com/aventstack/extentreports/templates/spark/partials/scripts.ftl"
2025-09-23 13:45:25 DEBUG cache - Couldn't find template in cache for "commons/commons-inject-js.ftl"("en_IN", UTF-8, parsed); will try to load it.
2025-09-23 13:45:25 DEBUG cache - TemplateLoader.findTemplateSource("commons/commons-inject-js_en_IN.ftl"): Not found
2025-09-23 13:45:25 DEBUG cache - TemplateLoader.findTemplateSource("commons/commons-inject-js_en.ftl"): Not found
2025-09-23 13:45:25 DEBUG cache - TemplateLoader.findTemplateSource("commons/commons-inject-js.ftl"): Found
2025-09-23 13:45:25 DEBUG cache - Loading template for "commons/commons-inject-js.ftl"("en_IN", UTF-8, parsed) from "jar:file:/C:/Users/Ritesh%20Kumar%20Singh/.m2/repository/com/aventstack/extentreports/5.1.2/extentreports-5.1.2.jar!/com/aventstack/extentreports/templates/commons/commons-inject-js.ftl"
2025-09-23 13:58:44 INFO  BaseTest - Driver initialized
2025-09-23 13:58:46 INFO  Listeners - simpleTextareaCheckBoxStarted
2025-09-23 13:58:56 INFO  Listeners - simpleTextareaCheckBoxPassed
2025-09-23 13:58:56 INFO  Listeners - dropDownActionsTestStarted
2025-09-23 13:59:03 INFO  Listeners - dropDownActionsTestPassed
2025-09-23 13:59:04 INFO  Listeners - scrollSwitchesStarted
2025-09-23 13:59:16 INFO  Listeners - scrollSwitchesPassed
2025-09-23 13:59:17 INFO  Listeners - dragDropStarted
2025-09-23 13:59:26 INFO  Listeners - dragDropPassed
2025-09-23 13:59:27 INFO  Listeners - interactWithHardwareKeysStarted
2025-09-23 13:59:31 ERROR Listeners - interactWithHardwareKeysFailed
2025-09-23 13:59:33 INFO  Listeners - installAndUninstallAppsStarted
2025-09-23 13:59:35 ERROR Listeners - installAndUninstallAppsFailed
2025-09-23 13:59:37 DEBUG cache - Couldn't find template in cache for "spark/spark.spa.ftl"("en_IN", UTF-8, parsed); will try to load it.
2025-09-23 13:59:37 DEBUG cache - TemplateLoader.findTemplateSource("spark/spark.spa_en_IN.ftl"): Not found
2025-09-23 13:59:37 DEBUG cache - TemplateLoader.findTemplateSource("spark/spark.spa_en.ftl"): Not found
2025-09-23 13:59:37 DEBUG cache - TemplateLoader.findTemplateSource("spark/spark.spa.ftl"): Found
2025-09-23 13:59:37 DEBUG cache - Loading template for "spark/spark.spa.ftl"("en_IN", UTF-8, parsed) from "jar:file:/C:/Users/Ritesh%20Kumar%20Singh/.m2/repository/com/aventstack/extentreports/5.1.2/extentreports-5.1.2.jar!/com/aventstack/extentreports/templates/spark/spark.spa.ftl"
2025-09-23 13:59:37 DEBUG cache - Couldn't find template in cache for "commons/commons-variables.ftl"("en_IN", UTF-8, parsed); will try to load it.
2025-09-23 13:59:37 DEBUG cache - TemplateLoader.findTemplateSource("commons/commons-variables_en_IN.ftl"): Not found
2025-09-23 13:59:37 DEBUG cache - TemplateLoader.findTemplateSource("commons/commons-variables_en.ftl"): Not found
2025-09-23 13:59:37 DEBUG cache - TemplateLoader.findTemplateSource("commons/commons-variables.ftl"): Found
2025-09-23 13:59:37 DEBUG cache - Loading template for "commons/commons-variables.ftl"("en_IN", UTF-8, parsed) from "jar:file:/C:/Users/Ritesh%20Kumar%20Singh/.m2/repository/com/aventstack/extentreports/5.1.2/extentreports-5.1.2.jar!/com/aventstack/extentreports/templates/commons/commons-variables.ftl"
2025-09-23 13:59:37 DEBUG cache - Couldn't find template in cache for "commons/commons-macros.ftl"("en_IN", UTF-8, parsed); will try to load it.
2025-09-23 13:59:37 DEBUG cache - TemplateLoader.findTemplateSource("commons/commons-macros_en_IN.ftl"): Not found
2025-09-23 13:59:37 DEBUG cache - TemplateLoader.findTemplateSource("commons/commons-macros_en.ftl"): Not found
2025-09-23 13:59:37 DEBUG cache - TemplateLoader.findTemplateSource("commons/commons-macros.ftl"): Found
2025-09-23 13:59:37 DEBUG cache - Loading template for "commons/commons-macros.ftl"("en_IN", UTF-8, parsed) from "jar:file:/C:/Users/Ritesh%20Kumar%20Singh/.m2/repository/com/aventstack/extentreports/5.1.2/extentreports-5.1.2.jar!/com/aventstack/extentreports/templates/commons/commons-macros.ftl"
2025-09-23 13:59:37 DEBUG cache - Couldn't find template in cache for "spark/macros/attributes.ftl"("en_IN", UTF-8, parsed); will try to load it.
2025-09-23 13:59:37 DEBUG cache - TemplateLoader.findTemplateSource("spark/macros/attributes_en_IN.ftl"): Not found
2025-09-23 13:59:37 DEBUG cache - TemplateLoader.findTemplateSource("spark/macros/attributes_en.ftl"): Not found
2025-09-23 13:59:37 DEBUG cache - TemplateLoader.findTemplateSource("spark/macros/attributes.ftl"): Found
2025-09-23 13:59:37 DEBUG cache - Loading template for "spark/macros/attributes.ftl"("en_IN", UTF-8, parsed) from "jar:file:/C:/Users/Ritesh%20Kumar%20Singh/.m2/repository/com/aventstack/extentreports/5.1.2/extentreports-5.1.2.jar!/com/aventstack/extentreports/templates/spark/macros/attributes.ftl"
2025-09-23 13:59:37 DEBUG cache - Couldn't find template in cache for "spark/macros/log.ftl"("en_IN", UTF-8, parsed); will try to load it.
2025-09-23 13:59:37 DEBUG cache - TemplateLoader.findTemplateSource("spark/macros/log_en_IN.ftl"): Not found
2025-09-23 13:59:37 DEBUG cache - TemplateLoader.findTemplateSource("spark/macros/log_en.ftl"): Not found
2025-09-23 13:59:37 DEBUG cache - TemplateLoader.findTemplateSource("spark/macros/log.ftl"): Found
2025-09-23 13:59:37 DEBUG cache - Loading template for "spark/macros/log.ftl"("en_IN", UTF-8, parsed) from "jar:file:/C:/Users/Ritesh%20Kumar%20Singh/.m2/repository/com/aventstack/extentreports/5.1.2/extentreports-5.1.2.jar!/com/aventstack/extentreports/templates/spark/macros/log.ftl"
2025-09-23 13:59:37 DEBUG cache - Couldn't find template in cache for "spark/macros/recurse_nodes.ftl"("en_IN", UTF-8, parsed); will try to load it.
2025-09-23 13:59:37 DEBUG cache - TemplateLoader.findTemplateSource("spark/macros/recurse_nodes_en_IN.ftl"): Not found
2025-09-23 13:59:37 DEBUG cache - TemplateLoader.findTemplateSource("spark/macros/recurse_nodes_en.ftl"): Not found
2025-09-23 13:59:37 DEBUG cache - TemplateLoader.findTemplateSource("spark/macros/recurse_nodes.ftl"): Found
2025-09-23 13:59:37 DEBUG cache - Loading template for "spark/macros/recurse_nodes.ftl"("en_IN", UTF-8, parsed) from "jar:file:/C:/Users/Ritesh%20Kumar%20Singh/.m2/repository/com/aventstack/extentreports/5.1.2/extentreports-5.1.2.jar!/com/aventstack/extentreports/templates/spark/macros/recurse_nodes.ftl"
2025-09-23 13:59:37 DEBUG cache - "spark/macros/log.ftl"("en_IN", UTF-8, parsed) cached copy not yet stale; using cached.
2025-09-23 13:59:37 DEBUG cache - Couldn't find template in cache for "spark/macros/attr-common.ftl"("en_IN", UTF-8, parsed); will try to load it.
2025-09-23 13:59:37 DEBUG cache - TemplateLoader.findTemplateSource("spark/macros/attr-common_en_IN.ftl"): Not found
2025-09-23 13:59:37 DEBUG cache - TemplateLoader.findTemplateSource("spark/macros/attr-common_en.ftl"): Not found
2025-09-23 13:59:37 DEBUG cache - TemplateLoader.findTemplateSource("spark/macros/attr-common.ftl"): Found
2025-09-23 13:59:37 DEBUG cache - Loading template for "spark/macros/attr-common.ftl"("en_IN", UTF-8, parsed) from "jar:file:/C:/Users/Ritesh%20Kumar%20Singh/.m2/repository/com/aventstack/extentreports/5.1.2/extentreports-5.1.2.jar!/com/aventstack/extentreports/templates/spark/macros/attr-common.ftl"
2025-09-23 13:59:37 DEBUG cache - Couldn't find template in cache for "spark/partials/head.ftl"("en_IN", UTF-8, parsed); will try to load it.
2025-09-23 13:59:37 DEBUG cache - TemplateLoader.findTemplateSource("spark/partials/head_en_IN.ftl"): Not found
2025-09-23 13:59:37 DEBUG cache - TemplateLoader.findTemplateSource("spark/partials/head_en.ftl"): Not found
2025-09-23 13:59:37 DEBUG cache - TemplateLoader.findTemplateSource("spark/partials/head.ftl"): Found
2025-09-23 13:59:37 DEBUG cache - Loading template for "spark/partials/head.ftl"("en_IN", UTF-8, parsed) from "jar:file:/C:/Users/Ritesh%20Kumar%20Singh/.m2/repository/com/aventstack/extentreports/5.1.2/extentreports-5.1.2.jar!/com/aventstack/extentreports/templates/spark/partials/head.ftl"
2025-09-23 13:59:37 DEBUG cache - Couldn't find template in cache for "commons/commons-inject-css.ftl"("en_IN", UTF-8, parsed); will try to load it.
2025-09-23 13:59:37 DEBUG cache - TemplateLoader.findTemplateSource("commons/commons-inject-css_en_IN.ftl"): Not found
2025-09-23 13:59:37 DEBUG cache - TemplateLoader.findTemplateSource("commons/commons-inject-css_en.ftl"): Not found
2025-09-23 13:59:37 DEBUG cache - TemplateLoader.findTemplateSource("commons/commons-inject-css.ftl"): Found
2025-09-23 13:59:37 DEBUG cache - Loading template for "commons/commons-inject-css.ftl"("en_IN", UTF-8, parsed) from "jar:file:/C:/Users/Ritesh%20Kumar%20Singh/.m2/repository/com/aventstack/extentreports/5.1.2/extentreports-5.1.2.jar!/com/aventstack/extentreports/templates/commons/commons-inject-css.ftl"
2025-09-23 13:59:37 DEBUG cache - Couldn't find template in cache for "spark/partials/navbar.ftl"("en_IN", UTF-8, parsed); will try to load it.
2025-09-23 13:59:37 DEBUG cache - TemplateLoader.findTemplateSource("spark/partials/navbar_en_IN.ftl"): Not found
2025-09-23 13:59:37 DEBUG cache - TemplateLoader.findTemplateSource("spark/partials/navbar_en.ftl"): Not found
2025-09-23 13:59:37 DEBUG cache - TemplateLoader.findTemplateSource("spark/partials/navbar.ftl"): Found
2025-09-23 13:59:37 DEBUG cache - Loading template for "spark/partials/navbar.ftl"("en_IN", UTF-8, parsed) from "jar:file:/C:/Users/Ritesh%20Kumar%20Singh/.m2/repository/com/aventstack/extentreports/5.1.2/extentreports-5.1.2.jar!/com/aventstack/extentreports/templates/spark/partials/navbar.ftl"
2025-09-23 13:59:37 DEBUG cache - Couldn't find template in cache for "spark/partials/sidenav.ftl"("en_IN", UTF-8, parsed); will try to load it.
2025-09-23 13:59:37 DEBUG cache - TemplateLoader.findTemplateSource("spark/partials/sidenav_en_IN.ftl"): Not found
2025-09-23 13:59:37 DEBUG cache - TemplateLoader.findTemplateSource("spark/partials/sidenav_en.ftl"): Not found
2025-09-23 13:59:37 DEBUG cache - TemplateLoader.findTemplateSource("spark/partials/sidenav.ftl"): Found
2025-09-23 13:59:37 DEBUG cache - Loading template for "spark/partials/sidenav.ftl"("en_IN", UTF-8, parsed) from "jar:file:/C:/Users/Ritesh%20Kumar%20Singh/.m2/repository/com/aventstack/extentreports/5.1.2/extentreports-5.1.2.jar!/com/aventstack/extentreports/templates/spark/partials/sidenav.ftl"
2025-09-23 13:59:37 DEBUG cache - Couldn't find template in cache for "spark/partials/test.ftl"("en_IN", UTF-8, parsed); will try to load it.
2025-09-23 13:59:37 DEBUG cache - TemplateLoader.findTemplateSource("spark/partials/test_en_IN.ftl"): Not found
2025-09-23 13:59:37 DEBUG cache - TemplateLoader.findTemplateSource("spark/partials/test_en.ftl"): Not found
2025-09-23 13:59:37 DEBUG cache - TemplateLoader.findTemplateSource("spark/partials/test.ftl"): Found
2025-09-23 13:59:37 DEBUG cache - Loading template for "spark/partials/test.ftl"("en_IN", UTF-8, parsed) from "jar:file:/C:/Users/Ritesh%20Kumar%20Singh/.m2/repository/com/aventstack/extentreports/5.1.2/extentreports-5.1.2.jar!/com/aventstack/extentreports/templates/spark/partials/test.ftl"
2025-09-23 13:59:37 DEBUG cache - Couldn't find template in cache for "spark/partials/standard-content.ftl"("en_IN", UTF-8, parsed); will try to load it.
2025-09-23 13:59:37 DEBUG cache - TemplateLoader.findTemplateSource("spark/partials/standard-content_en_IN.ftl"): Not found
2025-09-23 13:59:37 DEBUG cache - TemplateLoader.findTemplateSource("spark/partials/standard-content_en.ftl"): Not found
2025-09-23 13:59:37 DEBUG cache - TemplateLoader.findTemplateSource("spark/partials/standard-content.ftl"): Found
2025-09-23 13:59:37 DEBUG cache - Loading template for "spark/partials/standard-content.ftl"("en_IN", UTF-8, parsed) from "jar:file:/C:/Users/Ritesh%20Kumar%20Singh/.m2/repository/com/aventstack/extentreports/5.1.2/extentreports-5.1.2.jar!/com/aventstack/extentreports/templates/spark/partials/standard-content.ftl"
2025-09-23 13:59:37 DEBUG cache - "spark/partials/standard-content.ftl"("en_IN", UTF-8, parsed) cached copy not yet stale; using cached.
2025-09-23 13:59:37 DEBUG cache - "spark/partials/standard-content.ftl"("en_IN", UTF-8, parsed) cached copy not yet stale; using cached.
2025-09-23 13:59:37 DEBUG cache - "spark/partials/standard-content.ftl"("en_IN", UTF-8, parsed) cached copy not yet stale; using cached.
2025-09-23 13:59:37 DEBUG cache - "spark/partials/standard-content.ftl"("en_IN", UTF-8, parsed) cached copy not yet stale; using cached.
2025-09-23 13:59:37 DEBUG cache - "spark/partials/standard-content.ftl"("en_IN", UTF-8, parsed) cached copy not yet stale; using cached.
2025-09-23 13:59:37 DEBUG cache - Couldn't find template in cache for "spark/partials/exception.ftl"("en_IN", UTF-8, parsed); will try to load it.
2025-09-23 13:59:37 DEBUG cache - TemplateLoader.findTemplateSource("spark/partials/exception_en_IN.ftl"): Not found
2025-09-23 13:59:37 DEBUG cache - TemplateLoader.findTemplateSource("spark/partials/exception_en.ftl"): Not found
2025-09-23 13:59:37 DEBUG cache - TemplateLoader.findTemplateSource("spark/partials/exception.ftl"): Found
2025-09-23 13:59:37 DEBUG cache - Loading template for "spark/partials/exception.ftl"("en_IN", UTF-8, parsed) from "jar:file:/C:/Users/Ritesh%20Kumar%20Singh/.m2/repository/com/aventstack/extentreports/5.1.2/extentreports-5.1.2.jar!/com/aventstack/extentreports/templates/spark/partials/exception.ftl"
2025-09-23 13:59:37 DEBUG cache - Couldn't find template in cache for "spark/partials/category.ftl"("en_IN", UTF-8, parsed); will try to load it.
2025-09-23 13:59:37 DEBUG cache - TemplateLoader.findTemplateSource("spark/partials/category_en_IN.ftl"): Not found
2025-09-23 13:59:37 DEBUG cache - TemplateLoader.findTemplateSource("spark/partials/category_en.ftl"): Not found
2025-09-23 13:59:37 DEBUG cache - TemplateLoader.findTemplateSource("spark/partials/category.ftl"): Found
2025-09-23 13:59:37 DEBUG cache - Loading template for "spark/partials/category.ftl"("en_IN", UTF-8, parsed) from "jar:file:/C:/Users/Ritesh%20Kumar%20Singh/.m2/repository/com/aventstack/extentreports/5.1.2/extentreports-5.1.2.jar!/com/aventstack/extentreports/templates/spark/partials/category.ftl"
2025-09-23 13:59:37 DEBUG cache - Couldn't find template in cache for "spark/partials/device.ftl"("en_IN", UTF-8, parsed); will try to load it.
2025-09-23 13:59:37 DEBUG cache - TemplateLoader.findTemplateSource("spark/partials/device_en_IN.ftl"): Not found
2025-09-23 13:59:37 DEBUG cache - TemplateLoader.findTemplateSource("spark/partials/device_en.ftl"): Not found
2025-09-23 13:59:37 DEBUG cache - TemplateLoader.findTemplateSource("spark/partials/device.ftl"): Found
2025-09-23 13:59:37 DEBUG cache - Loading template for "spark/partials/device.ftl"("en_IN", UTF-8, parsed) from "jar:file:/C:/Users/Ritesh%20Kumar%20Singh/.m2/repository/com/aventstack/extentreports/5.1.2/extentreports-5.1.2.jar!/com/aventstack/extentreports/templates/spark/partials/device.ftl"
2025-09-23 13:59:37 DEBUG cache - Couldn't find template in cache for "spark/partials/author.ftl"("en_IN", UTF-8, parsed); will try to load it.
2025-09-23 13:59:37 DEBUG cache - TemplateLoader.findTemplateSource("spark/partials/author_en_IN.ftl"): Not found
2025-09-23 13:59:37 DEBUG cache - TemplateLoader.findTemplateSource("spark/partials/author_en.ftl"): Not found
2025-09-23 13:59:37 DEBUG cache - TemplateLoader.findTemplateSource("spark/partials/author.ftl"): Found
2025-09-23 13:59:37 DEBUG cache - Loading template for "spark/partials/author.ftl"("en_IN", UTF-8, parsed) from "jar:file:/C:/Users/Ritesh%20Kumar%20Singh/.m2/repository/com/aventstack/extentreports/5.1.2/extentreports-5.1.2.jar!/com/aventstack/extentreports/templates/spark/partials/author.ftl"
2025-09-23 13:59:37 DEBUG cache - Couldn't find template in cache for "spark/partials/log.ftl"("en_IN", UTF-8, parsed); will try to load it.
2025-09-23 13:59:37 DEBUG cache - TemplateLoader.findTemplateSource("spark/partials/log_en_IN.ftl"): Not found
2025-09-23 13:59:37 DEBUG cache - TemplateLoader.findTemplateSource("spark/partials/log_en.ftl"): Not found
2025-09-23 13:59:37 DEBUG cache - TemplateLoader.findTemplateSource("spark/partials/log.ftl"): Found
2025-09-23 13:59:37 DEBUG cache - Loading template for "spark/partials/log.ftl"("en_IN", UTF-8, parsed) from "jar:file:/C:/Users/Ritesh%20Kumar%20Singh/.m2/repository/com/aventstack/extentreports/5.1.2/extentreports-5.1.2.jar!/com/aventstack/extentreports/templates/spark/partials/log.ftl"
2025-09-23 13:59:37 DEBUG cache - Couldn't find template in cache for "spark/partials/dashboard.ftl"("en_IN", UTF-8, parsed); will try to load it.
2025-09-23 13:59:37 DEBUG cache - TemplateLoader.findTemplateSource("spark/partials/dashboard_en_IN.ftl"): Not found
2025-09-23 13:59:37 DEBUG cache - TemplateLoader.findTemplateSource("spark/partials/dashboard_en.ftl"): Not found
2025-09-23 13:59:37 DEBUG cache - TemplateLoader.findTemplateSource("spark/partials/dashboard.ftl"): Found
2025-09-23 13:59:37 DEBUG cache - Loading template for "spark/partials/dashboard.ftl"("en_IN", UTF-8, parsed) from "jar:file:/C:/Users/Ritesh%20Kumar%20Singh/.m2/repository/com/aventstack/extentreports/5.1.2/extentreports-5.1.2.jar!/com/aventstack/extentreports/templates/spark/partials/dashboard.ftl"
2025-09-23 13:59:37 DEBUG cache - Couldn't find template in cache for "spark/partials/scripts.ftl"("en_IN", UTF-8, parsed); will try to load it.
2025-09-23 13:59:37 DEBUG cache - TemplateLoader.findTemplateSource("spark/partials/scripts_en_IN.ftl"): Not found
2025-09-23 13:59:37 DEBUG cache - TemplateLoader.findTemplateSource("spark/partials/scripts_en.ftl"): Not found
2025-09-23 13:59:37 DEBUG cache - TemplateLoader.findTemplateSource("spark/partials/scripts.ftl"): Found
2025-09-23 13:59:37 DEBUG cache - Loading template for "spark/partials/scripts.ftl"("en_IN", UTF-8, parsed) from "jar:file:/C:/Users/Ritesh%20Kumar%20Singh/.m2/repository/com/aventstack/extentreports/5.1.2/extentreports-5.1.2.jar!/com/aventstack/extentreports/templates/spark/partials/scripts.ftl"
2025-09-23 13:59:37 DEBUG cache - Couldn't find template in cache for "commons/commons-inject-js.ftl"("en_IN", UTF-8, parsed); will try to load it.
2025-09-23 13:59:37 DEBUG cache - TemplateLoader.findTemplateSource("commons/commons-inject-js_en_IN.ftl"): Not found
2025-09-23 13:59:37 DEBUG cache - TemplateLoader.findTemplateSource("commons/commons-inject-js_en.ftl"): Not found
2025-09-23 13:59:37 DEBUG cache - TemplateLoader.findTemplateSource("commons/commons-inject-js.ftl"): Found
2025-09-23 13:59:37 DEBUG cache - Loading template for "commons/commons-inject-js.ftl"("en_IN", UTF-8, parsed) from "jar:file:/C:/Users/Ritesh%20Kumar%20Singh/.m2/repository/com/aventstack/extentreports/5.1.2/extentreports-5.1.2.jar!/com/aventstack/extentreports/templates/commons/commons-inject-js.ftl"
2025-09-23 14:02:12 INFO  BaseTest - Driver initialized
2025-09-23 14:02:14 INFO  Listeners - simpleTextareaCheckBoxStarted
2025-09-23 14:02:24 INFO  Listeners - simpleTextareaCheckBoxPassed
2025-09-23 14:02:25 INFO  Listeners - dropDownActionsTestStarted
2025-09-23 14:02:31 INFO  Listeners - dropDownActionsTestPassed
2025-09-23 14:02:32 INFO  Listeners - scrollSwitchesStarted
2025-09-23 14:02:44 INFO  Listeners - scrollSwitchesPassed
2025-09-23 14:02:45 INFO  Listeners - dragDropStarted
2025-09-23 14:02:53 INFO  Listeners - dragDropPassed
2025-09-23 14:02:54 INFO  Listeners - interactWithHardwareKeysStarted
2025-09-23 14:02:59 ERROR Listeners - interactWithHardwareKeysFailed
2025-09-23 14:03:01 INFO  Listeners - installAndUninstallAppsStarted
2025-09-23 14:03:03 ERROR Listeners - installAndUninstallAppsFailed
2025-09-23 14:03:05 DEBUG cache - Couldn't find template in cache for "spark/spark.spa.ftl"("en_IN", UTF-8, parsed); will try to load it.
2025-09-23 14:03:05 DEBUG cache - TemplateLoader.findTemplateSource("spark/spark.spa_en_IN.ftl"): Not found
2025-09-23 14:03:05 DEBUG cache - TemplateLoader.findTemplateSource("spark/spark.spa_en.ftl"): Not found
2025-09-23 14:03:05 DEBUG cache - TemplateLoader.findTemplateSource("spark/spark.spa.ftl"): Found
2025-09-23 14:03:05 DEBUG cache - Loading template for "spark/spark.spa.ftl"("en_IN", UTF-8, parsed) from "jar:file:/C:/Users/Ritesh%20Kumar%20Singh/.m2/repository/com/aventstack/extentreports/5.1.2/extentreports-5.1.2.jar!/com/aventstack/extentreports/templates/spark/spark.spa.ftl"
2025-09-23 14:03:05 DEBUG cache - Couldn't find template in cache for "commons/commons-variables.ftl"("en_IN", UTF-8, parsed); will try to load it.
2025-09-23 14:03:05 DEBUG cache - TemplateLoader.findTemplateSource("commons/commons-variables_en_IN.ftl"): Not found
2025-09-23 14:03:05 DEBUG cache - TemplateLoader.findTemplateSource("commons/commons-variables_en.ftl"): Not found
2025-09-23 14:03:05 DEBUG cache - TemplateLoader.findTemplateSource("commons/commons-variables.ftl"): Found
2025-09-23 14:03:05 DEBUG cache - Loading template for "commons/commons-variables.ftl"("en_IN", UTF-8, parsed) from "jar:file:/C:/Users/Ritesh%20Kumar%20Singh/.m2/repository/com/aventstack/extentreports/5.1.2/extentreports-5.1.2.jar!/com/aventstack/extentreports/templates/commons/commons-variables.ftl"
2025-09-23 14:03:05 DEBUG cache - Couldn't find template in cache for "commons/commons-macros.ftl"("en_IN", UTF-8, parsed); will try to load it.
2025-09-23 14:03:05 DEBUG cache - TemplateLoader.findTemplateSource("commons/commons-macros_en_IN.ftl"): Not found
2025-09-23 14:03:05 DEBUG cache - TemplateLoader.findTemplateSource("commons/commons-macros_en.ftl"): Not found
2025-09-23 14:03:05 DEBUG cache - TemplateLoader.findTemplateSource("commons/commons-macros.ftl"): Found
2025-09-23 14:03:05 DEBUG cache - Loading template for "commons/commons-macros.ftl"("en_IN", UTF-8, parsed) from "jar:file:/C:/Users/Ritesh%20Kumar%20Singh/.m2/repository/com/aventstack/extentreports/5.1.2/extentreports-5.1.2.jar!/com/aventstack/extentreports/templates/commons/commons-macros.ftl"
2025-09-23 14:03:05 DEBUG cache - Couldn't find template in cache for "spark/macros/attributes.ftl"("en_IN", UTF-8, parsed); will try to load it.
2025-09-23 14:03:05 DEBUG cache - TemplateLoader.findTemplateSource("spark/macros/attributes_en_IN.ftl"): Not found
2025-09-23 14:03:05 DEBUG cache - TemplateLoader.findTemplateSource("spark/macros/attributes_en.ftl"): Not found
2025-09-23 14:03:05 DEBUG cache - TemplateLoader.findTemplateSource("spark/macros/attributes.ftl"): Found
2025-09-23 14:03:05 DEBUG cache - Loading template for "spark/macros/attributes.ftl"("en_IN", UTF-8, parsed) from "jar:file:/C:/Users/Ritesh%20Kumar%20Singh/.m2/repository/com/aventstack/extentreports/5.1.2/extentreports-5.1.2.jar!/com/aventstack/extentreports/templates/spark/macros/attributes.ftl"
2025-09-23 14:03:05 DEBUG cache - Couldn't find template in cache for "spark/macros/log.ftl"("en_IN", UTF-8, parsed); will try to load it.
2025-09-23 14:03:05 DEBUG cache - TemplateLoader.findTemplateSource("spark/macros/log_en_IN.ftl"): Not found
2025-09-23 14:03:05 DEBUG cache - TemplateLoader.findTemplateSource("spark/macros/log_en.ftl"): Not found
2025-09-23 14:03:05 DEBUG cache - TemplateLoader.findTemplateSource("spark/macros/log.ftl"): Found
2025-09-23 14:03:05 DEBUG cache - Loading template for "spark/macros/log.ftl"("en_IN", UTF-8, parsed) from "jar:file:/C:/Users/Ritesh%20Kumar%20Singh/.m2/repository/com/aventstack/extentreports/5.1.2/extentreports-5.1.2.jar!/com/aventstack/extentreports/templates/spark/macros/log.ftl"
2025-09-23 14:03:05 DEBUG cache - Couldn't find template in cache for "spark/macros/recurse_nodes.ftl"("en_IN", UTF-8, parsed); will try to load it.
2025-09-23 14:03:05 DEBUG cache - TemplateLoader.findTemplateSource("spark/macros/recurse_nodes_en_IN.ftl"): Not found
2025-09-23 14:03:05 DEBUG cache - TemplateLoader.findTemplateSource("spark/macros/recurse_nodes_en.ftl"): Not found
2025-09-23 14:03:05 DEBUG cache - TemplateLoader.findTemplateSource("spark/macros/recurse_nodes.ftl"): Found
2025-09-23 14:03:05 DEBUG cache - Loading template for "spark/macros/recurse_nodes.ftl"("en_IN", UTF-8, parsed) from "jar:file:/C:/Users/Ritesh%20Kumar%20Singh/.m2/repository/com/aventstack/extentreports/5.1.2/extentreports-5.1.2.jar!/com/aventstack/extentreports/templates/spark/macros/recurse_nodes.ftl"
2025-09-23 14:03:05 DEBUG cache - "spark/macros/log.ftl"("en_IN", UTF-8, parsed) cached copy not yet stale; using cached.
2025-09-23 14:03:05 DEBUG cache - Couldn't find template in cache for "spark/macros/attr-common.ftl"("en_IN", UTF-8, parsed); will try to load it.
2025-09-23 14:03:05 DEBUG cache - TemplateLoader.findTemplateSource("spark/macros/attr-common_en_IN.ftl"): Not found
2025-09-23 14:03:05 DEBUG cache - TemplateLoader.findTemplateSource("spark/macros/attr-common_en.ftl"): Not found
2025-09-23 14:03:05 DEBUG cache - TemplateLoader.findTemplateSource("spark/macros/attr-common.ftl"): Found
2025-09-23 14:03:05 DEBUG cache - Loading template for "spark/macros/attr-common.ftl"("en_IN", UTF-8, parsed) from "jar:file:/C:/Users/Ritesh%20Kumar%20Singh/.m2/repository/com/aventstack/extentreports/5.1.2/extentreports-5.1.2.jar!/com/aventstack/extentreports/templates/spark/macros/attr-common.ftl"
2025-09-23 14:03:05 DEBUG cache - Couldn't find template in cache for "spark/partials/head.ftl"("en_IN", UTF-8, parsed); will try to load it.
2025-09-23 14:03:05 DEBUG cache - TemplateLoader.findTemplateSource("spark/partials/head_en_IN.ftl"): Not found
2025-09-23 14:03:05 DEBUG cache - TemplateLoader.findTemplateSource("spark/partials/head_en.ftl"): Not found
2025-09-23 14:03:05 DEBUG cache - TemplateLoader.findTemplateSource("spark/partials/head.ftl"): Found
2025-09-23 14:03:05 DEBUG cache - Loading template for "spark/partials/head.ftl"("en_IN", UTF-8, parsed) from "jar:file:/C:/Users/Ritesh%20Kumar%20Singh/.m2/repository/com/aventstack/extentreports/5.1.2/extentreports-5.1.2.jar!/com/aventstack/extentreports/templates/spark/partials/head.ftl"
2025-09-23 14:03:05 DEBUG cache - Couldn't find template in cache for "commons/commons-inject-css.ftl"("en_IN", UTF-8, parsed); will try to load it.
2025-09-23 14:03:05 DEBUG cache - TemplateLoader.findTemplateSource("commons/commons-inject-css_en_IN.ftl"): Not found
2025-09-23 14:03:05 DEBUG cache - TemplateLoader.findTemplateSource("commons/commons-inject-css_en.ftl"): Not found
2025-09-23 14:03:05 DEBUG cache - TemplateLoader.findTemplateSource("commons/commons-inject-css.ftl"): Found
2025-09-23 14:03:05 DEBUG cache - Loading template for "commons/commons-inject-css.ftl"("en_IN", UTF-8, parsed) from "jar:file:/C:/Users/Ritesh%20Kumar%20Singh/.m2/repository/com/aventstack/extentreports/5.1.2/extentreports-5.1.2.jar!/com/aventstack/extentreports/templates/commons/commons-inject-css.ftl"
2025-09-23 14:03:05 DEBUG cache - Couldn't find template in cache for "spark/partials/navbar.ftl"("en_IN", UTF-8, parsed); will try to load it.
2025-09-23 14:03:05 DEBUG cache - TemplateLoader.findTemplateSource("spark/partials/navbar_en_IN.ftl"): Not found
2025-09-23 14:03:05 DEBUG cache - TemplateLoader.findTemplateSource("spark/partials/navbar_en.ftl"): Not found
2025-09-23 14:03:05 DEBUG cache - TemplateLoader.findTemplateSource("spark/partials/navbar.ftl"): Found
2025-09-23 14:03:05 DEBUG cache - Loading template for "spark/partials/navbar.ftl"("en_IN", UTF-8, parsed) from "jar:file:/C:/Users/Ritesh%20Kumar%20Singh/.m2/repository/com/aventstack/extentreports/5.1.2/extentreports-5.1.2.jar!/com/aventstack/extentreports/templates/spark/partials/navbar.ftl"
2025-09-23 14:03:05 DEBUG cache - Couldn't find template in cache for "spark/partials/sidenav.ftl"("en_IN", UTF-8, parsed); will try to load it.
2025-09-23 14:03:05 DEBUG cache - TemplateLoader.findTemplateSource("spark/partials/sidenav_en_IN.ftl"): Not found
2025-09-23 14:03:05 DEBUG cache - TemplateLoader.findTemplateSource("spark/partials/sidenav_en.ftl"): Not found
2025-09-23 14:03:05 DEBUG cache - TemplateLoader.findTemplateSource("spark/partials/sidenav.ftl"): Found
2025-09-23 14:03:05 DEBUG cache - Loading template for "spark/partials/sidenav.ftl"("en_IN", UTF-8, parsed) from "jar:file:/C:/Users/Ritesh%20Kumar%20Singh/.m2/repository/com/aventstack/extentreports/5.1.2/extentreports-5.1.2.jar!/com/aventstack/extentreports/templates/spark/partials/sidenav.ftl"
2025-09-23 14:03:05 DEBUG cache - Couldn't find template in cache for "spark/partials/test.ftl"("en_IN", UTF-8, parsed); will try to load it.
2025-09-23 14:03:05 DEBUG cache - TemplateLoader.findTemplateSource("spark/partials/test_en_IN.ftl"): Not found
2025-09-23 14:03:05 DEBUG cache - TemplateLoader.findTemplateSource("spark/partials/test_en.ftl"): Not found
2025-09-23 14:03:05 DEBUG cache - TemplateLoader.findTemplateSource("spark/partials/test.ftl"): Found
2025-09-23 14:03:05 DEBUG cache - Loading template for "spark/partials/test.ftl"("en_IN", UTF-8, parsed) from "jar:file:/C:/Users/Ritesh%20Kumar%20Singh/.m2/repository/com/aventstack/extentreports/5.1.2/extentreports-5.1.2.jar!/com/aventstack/extentreports/templates/spark/partials/test.ftl"
2025-09-23 14:03:05 DEBUG cache - Couldn't find template in cache for "spark/partials/standard-content.ftl"("en_IN", UTF-8, parsed); will try to load it.
2025-09-23 14:03:05 DEBUG cache - TemplateLoader.findTemplateSource("spark/partials/standard-content_en_IN.ftl"): Not found
2025-09-23 14:03:05 DEBUG cache - TemplateLoader.findTemplateSource("spark/partials/standard-content_en.ftl"): Not found
2025-09-23 14:03:05 DEBUG cache - TemplateLoader.findTemplateSource("spark/partials/standard-content.ftl"): Found
2025-09-23 14:03:05 DEBUG cache - Loading template for "spark/partials/standard-content.ftl"("en_IN", UTF-8, parsed) from "jar:file:/C:/Users/Ritesh%20Kumar%20Singh/.m2/repository/com/aventstack/extentreports/5.1.2/extentreports-5.1.2.jar!/com/aventstack/extentreports/templates/spark/partials/standard-content.ftl"
2025-09-23 14:03:05 DEBUG cache - "spark/partials/standard-content.ftl"("en_IN", UTF-8, parsed) cached copy not yet stale; using cached.
2025-09-23 14:03:05 DEBUG cache - "spark/partials/standard-content.ftl"("en_IN", UTF-8, parsed) cached copy not yet stale; using cached.
2025-09-23 14:03:05 DEBUG cache - "spark/partials/standard-content.ftl"("en_IN", UTF-8, parsed) cached copy not yet stale; using cached.
2025-09-23 14:03:05 DEBUG cache - "spark/partials/standard-content.ftl"("en_IN", UTF-8, parsed) cached copy not yet stale; using cached.
2025-09-23 14:03:05 DEBUG cache - "spark/partials/standard-content.ftl"("en_IN", UTF-8, parsed) cached copy not yet stale; using cached.
2025-09-23 14:03:05 DEBUG cache - Couldn't find template in cache for "spark/partials/exception.ftl"("en_IN", UTF-8, parsed); will try to load it.
2025-09-23 14:03:05 DEBUG cache - TemplateLoader.findTemplateSource("spark/partials/exception_en_IN.ftl"): Not found
2025-09-23 14:03:05 DEBUG cache - TemplateLoader.findTemplateSource("spark/partials/exception_en.ftl"): Not found
2025-09-23 14:03:05 DEBUG cache - TemplateLoader.findTemplateSource("spark/partials/exception.ftl"): Found
2025-09-23 14:03:05 DEBUG cache - Loading template for "spark/partials/exception.ftl"("en_IN", UTF-8, parsed) from "jar:file:/C:/Users/Ritesh%20Kumar%20Singh/.m2/repository/com/aventstack/extentreports/5.1.2/extentreports-5.1.2.jar!/com/aventstack/extentreports/templates/spark/partials/exception.ftl"
2025-09-23 14:03:05 DEBUG cache - Couldn't find template in cache for "spark/partials/category.ftl"("en_IN", UTF-8, parsed); will try to load it.
2025-09-23 14:03:05 DEBUG cache - TemplateLoader.findTemplateSource("spark/partials/category_en_IN.ftl"): Not found
2025-09-23 14:03:05 DEBUG cache - TemplateLoader.findTemplateSource("spark/partials/category_en.ftl"): Not found
2025-09-23 14:03:05 DEBUG cache - TemplateLoader.findTemplateSource("spark/partials/category.ftl"): Found
2025-09-23 14:03:05 DEBUG cache - Loading template for "spark/partials/category.ftl"("en_IN", UTF-8, parsed) from "jar:file:/C:/Users/Ritesh%20Kumar%20Singh/.m2/repository/com/aventstack/extentreports/5.1.2/extentreports-5.1.2.jar!/com/aventstack/extentreports/templates/spark/partials/category.ftl"
2025-09-23 14:03:05 DEBUG cache - Couldn't find template in cache for "spark/partials/device.ftl"("en_IN", UTF-8, parsed); will try to load it.
2025-09-23 14:03:05 DEBUG cache - TemplateLoader.findTemplateSource("spark/partials/device_en_IN.ftl"): Not found
2025-09-23 14:03:05 DEBUG cache - TemplateLoader.findTemplateSource("spark/partials/device_en.ftl"): Not found
2025-09-23 14:03:05 DEBUG cache - TemplateLoader.findTemplateSource("spark/partials/device.ftl"): Found
2025-09-23 14:03:05 DEBUG cache - Loading template for "spark/partials/device.ftl"("en_IN", UTF-8, parsed) from "jar:file:/C:/Users/Ritesh%20Kumar%20Singh/.m2/repository/com/aventstack/extentreports/5.1.2/extentreports-5.1.2.jar!/com/aventstack/extentreports/templates/spark/partials/device.ftl"
2025-09-23 14:03:05 DEBUG cache - Couldn't find template in cache for "spark/partials/author.ftl"("en_IN", UTF-8, parsed); will try to load it.
2025-09-23 14:03:05 DEBUG cache - TemplateLoader.findTemplateSource("spark/partials/author_en_IN.ftl"): Not found
2025-09-23 14:03:05 DEBUG cache - TemplateLoader.findTemplateSource("spark/partials/author_en.ftl"): Not found
2025-09-23 14:03:05 DEBUG cache - TemplateLoader.findTemplateSource("spark/partials/author.ftl"): Found
2025-09-23 14:03:05 DEBUG cache - Loading template for "spark/partials/author.ftl"("en_IN", UTF-8, parsed) from "jar:file:/C:/Users/Ritesh%20Kumar%20Singh/.m2/repository/com/aventstack/extentreports/5.1.2/extentreports-5.1.2.jar!/com/aventstack/extentreports/templates/spark/partials/author.ftl"
2025-09-23 14:03:05 DEBUG cache - Couldn't find template in cache for "spark/partials/log.ftl"("en_IN", UTF-8, parsed); will try to load it.
2025-09-23 14:03:05 DEBUG cache - TemplateLoader.findTemplateSource("spark/partials/log_en_IN.ftl"): Not found
2025-09-23 14:03:05 DEBUG cache - TemplateLoader.findTemplateSource("spark/partials/log_en.ftl"): Not found
2025-09-23 14:03:05 DEBUG cache - TemplateLoader.findTemplateSource("spark/partials/log.ftl"): Found
2025-09-23 14:03:05 DEBUG cache - Loading template for "spark/partials/log.ftl"("en_IN", UTF-8, parsed) from "jar:file:/C:/Users/Ritesh%20Kumar%20Singh/.m2/repository/com/aventstack/extentreports/5.1.2/extentreports-5.1.2.jar!/com/aventstack/extentreports/templates/spark/partials/log.ftl"
2025-09-23 14:03:05 DEBUG cache - Couldn't find template in cache for "spark/partials/dashboard.ftl"("en_IN", UTF-8, parsed); will try to load it.
2025-09-23 14:03:05 DEBUG cache - TemplateLoader.findTemplateSource("spark/partials/dashboard_en_IN.ftl"): Not found
2025-09-23 14:03:05 DEBUG cache - TemplateLoader.findTemplateSource("spark/partials/dashboard_en.ftl"): Not found
2025-09-23 14:03:05 DEBUG cache - TemplateLoader.findTemplateSource("spark/partials/dashboard.ftl"): Found
2025-09-23 14:03:05 DEBUG cache - Loading template for "spark/partials/dashboard.ftl"("en_IN", UTF-8, parsed) from "jar:file:/C:/Users/Ritesh%20Kumar%20Singh/.m2/repository/com/aventstack/extentreports/5.1.2/extentreports-5.1.2.jar!/com/aventstack/extentreports/templates/spark/partials/dashboard.ftl"
2025-09-23 14:03:05 DEBUG cache - Couldn't find template in cache for "spark/partials/scripts.ftl"("en_IN", UTF-8, parsed); will try to load it.
2025-09-23 14:03:05 DEBUG cache - TemplateLoader.findTemplateSource("spark/partials/scripts_en_IN.ftl"): Not found
2025-09-23 14:03:05 DEBUG cache - TemplateLoader.findTemplateSource("spark/partials/scripts_en.ftl"): Not found
2025-09-23 14:03:05 DEBUG cache - TemplateLoader.findTemplateSource("spark/partials/scripts.ftl"): Found
2025-09-23 14:03:05 DEBUG cache - Loading template for "spark/partials/scripts.ftl"("en_IN", UTF-8, parsed) from "jar:file:/C:/Users/Ritesh%20Kumar%20Singh/.m2/repository/com/aventstack/extentreports/5.1.2/extentreports-5.1.2.jar!/com/aventstack/extentreports/templates/spark/partials/scripts.ftl"
2025-09-23 14:03:05 DEBUG cache - Couldn't find template in cache for "commons/commons-inject-js.ftl"("en_IN", UTF-8, parsed); will try to load it.
2025-09-23 14:03:05 DEBUG cache - TemplateLoader.findTemplateSource("commons/commons-inject-js_en_IN.ftl"): Not found
2025-09-23 14:03:05 DEBUG cache - TemplateLoader.findTemplateSource("commons/commons-inject-js_en.ftl"): Not found
2025-09-23 14:03:05 DEBUG cache - TemplateLoader.findTemplateSource("commons/commons-inject-js.ftl"): Found
2025-09-23 14:03:05 DEBUG cache - Loading template for "commons/commons-inject-js.ftl"("en_IN", UTF-8, parsed) from "jar:file:/C:/Users/Ritesh%20Kumar%20Singh/.m2/repository/com/aventstack/extentreports/5.1.2/extentreports-5.1.2.jar!/com/aventstack/extentreports/templates/commons/commons-inject-js.ftl"
2025-09-23 15:52:35 INFO  BaseTest - Driver initialized
2025-09-23 15:52:37 INFO  Listeners - simpleTextareaCheckBoxStarted
2025-09-23 15:52:46 INFO  Listeners - simpleTextareaCheckBoxPassed
2025-09-23 15:52:47 INFO  Listeners - dropDownActionsTestStarted
2025-09-23 15:52:53 INFO  Listeners - dropDownActionsTestPassed
2025-09-23 15:52:54 INFO  Listeners - scrollSwitchesStarted
2025-09-23 15:53:06 INFO  Listeners - scrollSwitchesPassed
2025-09-23 15:53:07 INFO  Listeners - dragDropStarted
2025-09-23 15:53:16 INFO  Listeners - dragDropPassed
2025-09-23 15:53:17 INFO  Listeners - interactWithHardwareKeysStarted
2025-09-23 15:53:21 ERROR Listeners - interactWithHardwareKeysFailed
2025-09-23 15:53:23 INFO  Listeners - installAndUninstallAppsStarted
2025-09-23 15:53:26 ERROR Listeners - installAndUninstallAppsFailed
2025-09-23 15:53:27 DEBUG cache - Couldn't find template in cache for "spark/spark.spa.ftl"("en_IN", UTF-8, parsed); will try to load it.
2025-09-23 15:53:27 DEBUG cache - TemplateLoader.findTemplateSource("spark/spark.spa_en_IN.ftl"): Not found
2025-09-23 15:53:27 DEBUG cache - TemplateLoader.findTemplateSource("spark/spark.spa_en.ftl"): Not found
2025-09-23 15:53:27 DEBUG cache - TemplateLoader.findTemplateSource("spark/spark.spa.ftl"): Found
2025-09-23 15:53:27 DEBUG cache - Loading template for "spark/spark.spa.ftl"("en_IN", UTF-8, parsed) from "jar:file:/C:/Users/Ritesh%20Kumar%20Singh/.m2/repository/com/aventstack/extentreports/5.1.2/extentreports-5.1.2.jar!/com/aventstack/extentreports/templates/spark/spark.spa.ftl"
2025-09-23 15:53:27 DEBUG cache - Couldn't find template in cache for "commons/commons-variables.ftl"("en_IN", UTF-8, parsed); will try to load it.
2025-09-23 15:53:27 DEBUG cache - TemplateLoader.findTemplateSource("commons/commons-variables_en_IN.ftl"): Not found
2025-09-23 15:53:27 DEBUG cache - TemplateLoader.findTemplateSource("commons/commons-variables_en.ftl"): Not found
2025-09-23 15:53:27 DEBUG cache - TemplateLoader.findTemplateSource("commons/commons-variables.ftl"): Found
2025-09-23 15:53:27 DEBUG cache - Loading template for "commons/commons-variables.ftl"("en_IN", UTF-8, parsed) from "jar:file:/C:/Users/Ritesh%20Kumar%20Singh/.m2/repository/com/aventstack/extentreports/5.1.2/extentreports-5.1.2.jar!/com/aventstack/extentreports/templates/commons/commons-variables.ftl"
2025-09-23 15:53:27 DEBUG cache - Couldn't find template in cache for "commons/commons-macros.ftl"("en_IN", UTF-8, parsed); will try to load it.
2025-09-23 15:53:27 DEBUG cache - TemplateLoader.findTemplateSource("commons/commons-macros_en_IN.ftl"): Not found
2025-09-23 15:53:27 DEBUG cache - TemplateLoader.findTemplateSource("commons/commons-macros_en.ftl"): Not found
2025-09-23 15:53:27 DEBUG cache - TemplateLoader.findTemplateSource("commons/commons-macros.ftl"): Found
2025-09-23 15:53:27 DEBUG cache - Loading template for "commons/commons-macros.ftl"("en_IN", UTF-8, parsed) from "jar:file:/C:/Users/Ritesh%20Kumar%20Singh/.m2/repository/com/aventstack/extentreports/5.1.2/extentreports-5.1.2.jar!/com/aventstack/extentreports/templates/commons/commons-macros.ftl"
2025-09-23 15:53:27 DEBUG cache - Couldn't find template in cache for "spark/macros/attributes.ftl"("en_IN", UTF-8, parsed); will try to load it.
2025-09-23 15:53:27 DEBUG cache - TemplateLoader.findTemplateSource("spark/macros/attributes_en_IN.ftl"): Not found
2025-09-23 15:53:27 DEBUG cache - TemplateLoader.findTemplateSource("spark/macros/attributes_en.ftl"): Not found
2025-09-23 15:53:27 DEBUG cache - TemplateLoader.findTemplateSource("spark/macros/attributes.ftl"): Found
2025-09-23 15:53:27 DEBUG cache - Loading template for "spark/macros/attributes.ftl"("en_IN", UTF-8, parsed) from "jar:file:/C:/Users/Ritesh%20Kumar%20Singh/.m2/repository/com/aventstack/extentreports/5.1.2/extentreports-5.1.2.jar!/com/aventstack/extentreports/templates/spark/macros/attributes.ftl"
2025-09-23 15:53:27 DEBUG cache - Couldn't find template in cache for "spark/macros/log.ftl"("en_IN", UTF-8, parsed); will try to load it.
2025-09-23 15:53:27 DEBUG cache - TemplateLoader.findTemplateSource("spark/macros/log_en_IN.ftl"): Not found
2025-09-23 15:53:27 DEBUG cache - TemplateLoader.findTemplateSource("spark/macros/log_en.ftl"): Not found
2025-09-23 15:53:27 DEBUG cache - TemplateLoader.findTemplateSource("spark/macros/log.ftl"): Found
2025-09-23 15:53:27 DEBUG cache - Loading template for "spark/macros/log.ftl"("en_IN", UTF-8, parsed) from "jar:file:/C:/Users/Ritesh%20Kumar%20Singh/.m2/repository/com/aventstack/extentreports/5.1.2/extentreports-5.1.2.jar!/com/aventstack/extentreports/templates/spark/macros/log.ftl"
2025-09-23 15:53:27 DEBUG cache - Couldn't find template in cache for "spark/macros/recurse_nodes.ftl"("en_IN", UTF-8, parsed); will try to load it.
2025-09-23 15:53:27 DEBUG cache - TemplateLoader.findTemplateSource("spark/macros/recurse_nodes_en_IN.ftl"): Not found
2025-09-23 15:53:27 DEBUG cache - TemplateLoader.findTemplateSource("spark/macros/recurse_nodes_en.ftl"): Not found
2025-09-23 15:53:27 DEBUG cache - TemplateLoader.findTemplateSource("spark/macros/recurse_nodes.ftl"): Found
2025-09-23 15:53:27 DEBUG cache - Loading template for "spark/macros/recurse_nodes.ftl"("en_IN", UTF-8, parsed) from "jar:file:/C:/Users/Ritesh%20Kumar%20Singh/.m2/repository/com/aventstack/extentreports/5.1.2/extentreports-5.1.2.jar!/com/aventstack/extentreports/templates/spark/macros/recurse_nodes.ftl"
2025-09-23 15:53:27 DEBUG cache - "spark/macros/log.ftl"("en_IN", UTF-8, parsed) cached copy not yet stale; using cached.
2025-09-23 15:53:27 DEBUG cache - Couldn't find template in cache for "spark/macros/attr-common.ftl"("en_IN", UTF-8, parsed); will try to load it.
2025-09-23 15:53:27 DEBUG cache - TemplateLoader.findTemplateSource("spark/macros/attr-common_en_IN.ftl"): Not found
2025-09-23 15:53:27 DEBUG cache - TemplateLoader.findTemplateSource("spark/macros/attr-common_en.ftl"): Not found
2025-09-23 15:53:27 DEBUG cache - TemplateLoader.findTemplateSource("spark/macros/attr-common.ftl"): Found
2025-09-23 15:53:27 DEBUG cache - Loading template for "spark/macros/attr-common.ftl"("en_IN", UTF-8, parsed) from "jar:file:/C:/Users/Ritesh%20Kumar%20Singh/.m2/repository/com/aventstack/extentreports/5.1.2/extentreports-5.1.2.jar!/com/aventstack/extentreports/templates/spark/macros/attr-common.ftl"
2025-09-23 15:53:27 DEBUG cache - Couldn't find template in cache for "spark/partials/head.ftl"("en_IN", UTF-8, parsed); will try to load it.
2025-09-23 15:53:27 DEBUG cache - TemplateLoader.findTemplateSource("spark/partials/head_en_IN.ftl"): Not found
2025-09-23 15:53:27 DEBUG cache - TemplateLoader.findTemplateSource("spark/partials/head_en.ftl"): Not found
2025-09-23 15:53:27 DEBUG cache - TemplateLoader.findTemplateSource("spark/partials/head.ftl"): Found
2025-09-23 15:53:27 DEBUG cache - Loading template for "spark/partials/head.ftl"("en_IN", UTF-8, parsed) from "jar:file:/C:/Users/Ritesh%20Kumar%20Singh/.m2/repository/com/aventstack/extentreports/5.1.2/extentreports-5.1.2.jar!/com/aventstack/extentreports/templates/spark/partials/head.ftl"
2025-09-23 15:53:27 DEBUG cache - Couldn't find template in cache for "commons/commons-inject-css.ftl"("en_IN", UTF-8, parsed); will try to load it.
2025-09-23 15:53:27 DEBUG cache - TemplateLoader.findTemplateSource("commons/commons-inject-css_en_IN.ftl"): Not found
2025-09-23 15:53:27 DEBUG cache - TemplateLoader.findTemplateSource("commons/commons-inject-css_en.ftl"): Not found
2025-09-23 15:53:27 DEBUG cache - TemplateLoader.findTemplateSource("commons/commons-inject-css.ftl"): Found
2025-09-23 15:53:27 DEBUG cache - Loading template for "commons/commons-inject-css.ftl"("en_IN", UTF-8, parsed) from "jar:file:/C:/Users/Ritesh%20Kumar%20Singh/.m2/repository/com/aventstack/extentreports/5.1.2/extentreports-5.1.2.jar!/com/aventstack/extentreports/templates/commons/commons-inject-css.ftl"
2025-09-23 15:53:27 DEBUG cache - Couldn't find template in cache for "spark/partials/navbar.ftl"("en_IN", UTF-8, parsed); will try to load it.
2025-09-23 15:53:27 DEBUG cache - TemplateLoader.findTemplateSource("spark/partials/navbar_en_IN.ftl"): Not found
2025-09-23 15:53:27 DEBUG cache - TemplateLoader.findTemplateSource("spark/partials/navbar_en.ftl"): Not found
2025-09-23 15:53:27 DEBUG cache - TemplateLoader.findTemplateSource("spark/partials/navbar.ftl"): Found
2025-09-23 15:53:27 DEBUG cache - Loading template for "spark/partials/navbar.ftl"("en_IN", UTF-8, parsed) from "jar:file:/C:/Users/Ritesh%20Kumar%20Singh/.m2/repository/com/aventstack/extentreports/5.1.2/extentreports-5.1.2.jar!/com/aventstack/extentreports/templates/spark/partials/navbar.ftl"
2025-09-23 15:53:27 DEBUG cache - Couldn't find template in cache for "spark/partials/sidenav.ftl"("en_IN", UTF-8, parsed); will try to load it.
2025-09-23 15:53:27 DEBUG cache - TemplateLoader.findTemplateSource("spark/partials/sidenav_en_IN.ftl"): Not found
2025-09-23 15:53:27 DEBUG cache - TemplateLoader.findTemplateSource("spark/partials/sidenav_en.ftl"): Not found
2025-09-23 15:53:27 DEBUG cache - TemplateLoader.findTemplateSource("spark/partials/sidenav.ftl"): Found
2025-09-23 15:53:27 DEBUG cache - Loading template for "spark/partials/sidenav.ftl"("en_IN", UTF-8, parsed) from "jar:file:/C:/Users/Ritesh%20Kumar%20Singh/.m2/repository/com/aventstack/extentreports/5.1.2/extentreports-5.1.2.jar!/com/aventstack/extentreports/templates/spark/partials/sidenav.ftl"
2025-09-23 15:53:27 DEBUG cache - Couldn't find template in cache for "spark/partials/test.ftl"("en_IN", UTF-8, parsed); will try to load it.
2025-09-23 15:53:27 DEBUG cache - TemplateLoader.findTemplateSource("spark/partials/test_en_IN.ftl"): Not found
2025-09-23 15:53:27 DEBUG cache - TemplateLoader.findTemplateSource("spark/partials/test_en.ftl"): Not found
2025-09-23 15:53:27 DEBUG cache - TemplateLoader.findTemplateSource("spark/partials/test.ftl"): Found
2025-09-23 15:53:27 DEBUG cache - Loading template for "spark/partials/test.ftl"("en_IN", UTF-8, parsed) from "jar:file:/C:/Users/Ritesh%20Kumar%20Singh/.m2/repository/com/aventstack/extentreports/5.1.2/extentreports-5.1.2.jar!/com/aventstack/extentreports/templates/spark/partials/test.ftl"
2025-09-23 15:53:27 DEBUG cache - Couldn't find template in cache for "spark/partials/standard-content.ftl"("en_IN", UTF-8, parsed); will try to load it.
2025-09-23 15:53:27 DEBUG cache - TemplateLoader.findTemplateSource("spark/partials/standard-content_en_IN.ftl"): Not found
2025-09-23 15:53:27 DEBUG cache - TemplateLoader.findTemplateSource("spark/partials/standard-content_en.ftl"): Not found
2025-09-23 15:53:27 DEBUG cache - TemplateLoader.findTemplateSource("spark/partials/standard-content.ftl"): Found
2025-09-23 15:53:27 DEBUG cache - Loading template for "spark/partials/standard-content.ftl"("en_IN", UTF-8, parsed) from "jar:file:/C:/Users/Ritesh%20Kumar%20Singh/.m2/repository/com/aventstack/extentreports/5.1.2/extentreports-5.1.2.jar!/com/aventstack/extentreports/templates/spark/partials/standard-content.ftl"
2025-09-23 15:53:27 DEBUG cache - "spark/partials/standard-content.ftl"("en_IN", UTF-8, parsed) cached copy not yet stale; using cached.
2025-09-23 15:53:27 DEBUG cache - "spark/partials/standard-content.ftl"("en_IN", UTF-8, parsed) cached copy not yet stale; using cached.
2025-09-23 15:53:27 DEBUG cache - "spark/partials/standard-content.ftl"("en_IN", UTF-8, parsed) cached copy not yet stale; using cached.
2025-09-23 15:53:27 DEBUG cache - "spark/partials/standard-content.ftl"("en_IN", UTF-8, parsed) cached copy not yet stale; using cached.
2025-09-23 15:53:27 DEBUG cache - "spark/partials/standard-content.ftl"("en_IN", UTF-8, parsed) cached copy not yet stale; using cached.
2025-09-23 15:53:27 DEBUG cache - Couldn't find template in cache for "spark/partials/exception.ftl"("en_IN", UTF-8, parsed); will try to load it.
2025-09-23 15:53:27 DEBUG cache - TemplateLoader.findTemplateSource("spark/partials/exception_en_IN.ftl"): Not found
2025-09-23 15:53:27 DEBUG cache - TemplateLoader.findTemplateSource("spark/partials/exception_en.ftl"): Not found
2025-09-23 15:53:27 DEBUG cache - TemplateLoader.findTemplateSource("spark/partials/exception.ftl"): Found
2025-09-23 15:53:27 DEBUG cache - Loading template for "spark/partials/exception.ftl"("en_IN", UTF-8, parsed) from "jar:file:/C:/Users/Ritesh%20Kumar%20Singh/.m2/repository/com/aventstack/extentreports/5.1.2/extentreports-5.1.2.jar!/com/aventstack/extentreports/templates/spark/partials/exception.ftl"
2025-09-23 15:53:27 DEBUG cache - Couldn't find template in cache for "spark/partials/category.ftl"("en_IN", UTF-8, parsed); will try to load it.
2025-09-23 15:53:27 DEBUG cache - TemplateLoader.findTemplateSource("spark/partials/category_en_IN.ftl"): Not found
2025-09-23 15:53:27 DEBUG cache - TemplateLoader.findTemplateSource("spark/partials/category_en.ftl"): Not found
2025-09-23 15:53:27 DEBUG cache - TemplateLoader.findTemplateSource("spark/partials/category.ftl"): Found
2025-09-23 15:53:27 DEBUG cache - Loading template for "spark/partials/category.ftl"("en_IN", UTF-8, parsed) from "jar:file:/C:/Users/Ritesh%20Kumar%20Singh/.m2/repository/com/aventstack/extentreports/5.1.2/extentreports-5.1.2.jar!/com/aventstack/extentreports/templates/spark/partials/category.ftl"
2025-09-23 15:53:27 DEBUG cache - Couldn't find template in cache for "spark/partials/device.ftl"("en_IN", UTF-8, parsed); will try to load it.
2025-09-23 15:53:27 DEBUG cache - TemplateLoader.findTemplateSource("spark/partials/device_en_IN.ftl"): Not found
2025-09-23 15:53:27 DEBUG cache - TemplateLoader.findTemplateSource("spark/partials/device_en.ftl"): Not found
2025-09-23 15:53:27 DEBUG cache - TemplateLoader.findTemplateSource("spark/partials/device.ftl"): Found
2025-09-23 15:53:27 DEBUG cache - Loading template for "spark/partials/device.ftl"("en_IN", UTF-8, parsed) from "jar:file:/C:/Users/Ritesh%20Kumar%20Singh/.m2/repository/com/aventstack/extentreports/5.1.2/extentreports-5.1.2.jar!/com/aventstack/extentreports/templates/spark/partials/device.ftl"
2025-09-23 15:53:27 DEBUG cache - Couldn't find template in cache for "spark/partials/author.ftl"("en_IN", UTF-8, parsed); will try to load it.
2025-09-23 15:53:27 DEBUG cache - TemplateLoader.findTemplateSource("spark/partials/author_en_IN.ftl"): Not found
2025-09-23 15:53:27 DEBUG cache - TemplateLoader.findTemplateSource("spark/partials/author_en.ftl"): Not found
2025-09-23 15:53:27 DEBUG cache - TemplateLoader.findTemplateSource("spark/partials/author.ftl"): Found
2025-09-23 15:53:27 DEBUG cache - Loading template for "spark/partials/author.ftl"("en_IN", UTF-8, parsed) from "jar:file:/C:/Users/Ritesh%20Kumar%20Singh/.m2/repository/com/aventstack/extentreports/5.1.2/extentreports-5.1.2.jar!/com/aventstack/extentreports/templates/spark/partials/author.ftl"
2025-09-23 15:53:27 DEBUG cache - Couldn't find template in cache for "spark/partials/log.ftl"("en_IN", UTF-8, parsed); will try to load it.
2025-09-23 15:53:27 DEBUG cache - TemplateLoader.findTemplateSource("spark/partials/log_en_IN.ftl"): Not found
2025-09-23 15:53:27 DEBUG cache - TemplateLoader.findTemplateSource("spark/partials/log_en.ftl"): Not found
2025-09-23 15:53:27 DEBUG cache - TemplateLoader.findTemplateSource("spark/partials/log.ftl"): Found
2025-09-23 15:53:27 DEBUG cache - Loading template for "spark/partials/log.ftl"("en_IN", UTF-8, parsed) from "jar:file:/C:/Users/Ritesh%20Kumar%20Singh/.m2/repository/com/aventstack/extentreports/5.1.2/extentreports-5.1.2.jar!/com/aventstack/extentreports/templates/spark/partials/log.ftl"
2025-09-23 15:53:27 DEBUG cache - Couldn't find template in cache for "spark/partials/dashboard.ftl"("en_IN", UTF-8, parsed); will try to load it.
2025-09-23 15:53:27 DEBUG cache - TemplateLoader.findTemplateSource("spark/partials/dashboard_en_IN.ftl"): Not found
2025-09-23 15:53:27 DEBUG cache - TemplateLoader.findTemplateSource("spark/partials/dashboard_en.ftl"): Not found
2025-09-23 15:53:27 DEBUG cache - TemplateLoader.findTemplateSource("spark/partials/dashboard.ftl"): Found
2025-09-23 15:53:27 DEBUG cache - Loading template for "spark/partials/dashboard.ftl"("en_IN", UTF-8, parsed) from "jar:file:/C:/Users/Ritesh%20Kumar%20Singh/.m2/repository/com/aventstack/extentreports/5.1.2/extentreports-5.1.2.jar!/com/aventstack/extentreports/templates/spark/partials/dashboard.ftl"
2025-09-23 15:53:27 DEBUG cache - Couldn't find template in cache for "spark/partials/scripts.ftl"("en_IN", UTF-8, parsed); will try to load it.
2025-09-23 15:53:27 DEBUG cache - TemplateLoader.findTemplateSource("spark/partials/scripts_en_IN.ftl"): Not found
2025-09-23 15:53:27 DEBUG cache - TemplateLoader.findTemplateSource("spark/partials/scripts_en.ftl"): Not found
2025-09-23 15:53:27 DEBUG cache - TemplateLoader.findTemplateSource("spark/partials/scripts.ftl"): Found
2025-09-23 15:53:27 DEBUG cache - Loading template for "spark/partials/scripts.ftl"("en_IN", UTF-8, parsed) from "jar:file:/C:/Users/Ritesh%20Kumar%20Singh/.m2/repository/com/aventstack/extentreports/5.1.2/extentreports-5.1.2.jar!/com/aventstack/extentreports/templates/spark/partials/scripts.ftl"
2025-09-23 15:53:27 DEBUG cache - Couldn't find template in cache for "commons/commons-inject-js.ftl"("en_IN", UTF-8, parsed); will try to load it.
2025-09-23 15:53:27 DEBUG cache - TemplateLoader.findTemplateSource("commons/commons-inject-js_en_IN.ftl"): Not found
2025-09-23 15:53:27 DEBUG cache - TemplateLoader.findTemplateSource("commons/commons-inject-js_en.ftl"): Not found
2025-09-23 15:53:27 DEBUG cache - TemplateLoader.findTemplateSource("commons/commons-inject-js.ftl"): Found
2025-09-23 15:53:27 DEBUG cache - Loading template for "commons/commons-inject-js.ftl"("en_IN", UTF-8, parsed) from "jar:file:/C:/Users/Ritesh%20Kumar%20Singh/.m2/repository/com/aventstack/extentreports/5.1.2/extentreports-5.1.2.jar!/com/aventstack/extentreports/templates/commons/commons-inject-js.ftl"
2025-09-23 15:55:15 INFO  BaseTest - Driver initialized
2025-09-23 15:55:17 INFO  Listeners - simpleTextareaCheckBoxStarted
2025-09-23 15:55:27 INFO  Listeners - simpleTextareaCheckBoxPassed
2025-09-23 15:55:28 INFO  Listeners - dropDownActionsTestStarted
2025-09-23 15:55:34 INFO  Listeners - dropDownActionsTestPassed
2025-09-23 15:55:35 INFO  Listeners - scrollSwitchesStarted
2025-09-23 15:55:48 INFO  Listeners - scrollSwitchesPassed
2025-09-23 15:55:49 INFO  Listeners - dragDropStarted
2025-09-23 15:55:58 INFO  Listeners - dragDropPassed
2025-09-23 15:55:58 INFO  Listeners - interactWithHardwareKeysStarted
2025-09-23 15:56:11 INFO  Listeners - interactWithHardwareKeysPassed
2025-09-23 15:56:13 INFO  Listeners - installAndUninstallAppsStarted
2025-09-23 15:56:28 INFO  Listeners - installAndUninstallAppsPassed
2025-09-23 15:56:29 DEBUG cache - Couldn't find template in cache for "spark/spark.spa.ftl"("en_IN", UTF-8, parsed); will try to load it.
2025-09-23 15:56:29 DEBUG cache - TemplateLoader.findTemplateSource("spark/spark.spa_en_IN.ftl"): Not found
2025-09-23 15:56:29 DEBUG cache - TemplateLoader.findTemplateSource("spark/spark.spa_en.ftl"): Not found
2025-09-23 15:56:29 DEBUG cache - TemplateLoader.findTemplateSource("spark/spark.spa.ftl"): Found
2025-09-23 15:56:29 DEBUG cache - Loading template for "spark/spark.spa.ftl"("en_IN", UTF-8, parsed) from "jar:file:/C:/Users/Ritesh%20Kumar%20Singh/.m2/repository/com/aventstack/extentreports/5.1.2/extentreports-5.1.2.jar!/com/aventstack/extentreports/templates/spark/spark.spa.ftl"
2025-09-23 15:56:29 DEBUG cache - Couldn't find template in cache for "commons/commons-variables.ftl"("en_IN", UTF-8, parsed); will try to load it.
2025-09-23 15:56:29 DEBUG cache - TemplateLoader.findTemplateSource("commons/commons-variables_en_IN.ftl"): Not found
2025-09-23 15:56:29 DEBUG cache - TemplateLoader.findTemplateSource("commons/commons-variables_en.ftl"): Not found
2025-09-23 15:56:29 DEBUG cache - TemplateLoader.findTemplateSource("commons/commons-variables.ftl"): Found
2025-09-23 15:56:29 DEBUG cache - Loading template for "commons/commons-variables.ftl"("en_IN", UTF-8, parsed) from "jar:file:/C:/Users/Ritesh%20Kumar%20Singh/.m2/repository/com/aventstack/extentreports/5.1.2/extentreports-5.1.2.jar!/com/aventstack/extentreports/templates/commons/commons-variables.ftl"
2025-09-23 15:56:29 DEBUG cache - Couldn't find template in cache for "commons/commons-macros.ftl"("en_IN", UTF-8, parsed); will try to load it.
2025-09-23 15:56:29 DEBUG cache - TemplateLoader.findTemplateSource("commons/commons-macros_en_IN.ftl"): Not found
2025-09-23 15:56:29 DEBUG cache - TemplateLoader.findTemplateSource("commons/commons-macros_en.ftl"): Not found
2025-09-23 15:56:29 DEBUG cache - TemplateLoader.findTemplateSource("commons/commons-macros.ftl"): Found
2025-09-23 15:56:29 DEBUG cache - Loading template for "commons/commons-macros.ftl"("en_IN", UTF-8, parsed) from "jar:file:/C:/Users/Ritesh%20Kumar%20Singh/.m2/repository/com/aventstack/extentreports/5.1.2/extentreports-5.1.2.jar!/com/aventstack/extentreports/templates/commons/commons-macros.ftl"
2025-09-23 15:56:29 DEBUG cache - Couldn't find template in cache for "spark/macros/attributes.ftl"("en_IN", UTF-8, parsed); will try to load it.
2025-09-23 15:56:29 DEBUG cache - TemplateLoader.findTemplateSource("spark/macros/attributes_en_IN.ftl"): Not found
2025-09-23 15:56:29 DEBUG cache - TemplateLoader.findTemplateSource("spark/macros/attributes_en.ftl"): Not found
2025-09-23 15:56:29 DEBUG cache - TemplateLoader.findTemplateSource("spark/macros/attributes.ftl"): Found
2025-09-23 15:56:29 DEBUG cache - Loading template for "spark/macros/attributes.ftl"("en_IN", UTF-8, parsed) from "jar:file:/C:/Users/Ritesh%20Kumar%20Singh/.m2/repository/com/aventstack/extentreports/5.1.2/extentreports-5.1.2.jar!/com/aventstack/extentreports/templates/spark/macros/attributes.ftl"
2025-09-23 15:56:29 DEBUG cache - Couldn't find template in cache for "spark/macros/log.ftl"("en_IN", UTF-8, parsed); will try to load it.
2025-09-23 15:56:29 DEBUG cache - TemplateLoader.findTemplateSource("spark/macros/log_en_IN.ftl"): Not found
2025-09-23 15:56:29 DEBUG cache - TemplateLoader.findTemplateSource("spark/macros/log_en.ftl"): Not found
2025-09-23 15:56:29 DEBUG cache - TemplateLoader.findTemplateSource("spark/macros/log.ftl"): Found
2025-09-23 15:56:29 DEBUG cache - Loading template for "spark/macros/log.ftl"("en_IN", UTF-8, parsed) from "jar:file:/C:/Users/Ritesh%20Kumar%20Singh/.m2/repository/com/aventstack/extentreports/5.1.2/extentreports-5.1.2.jar!/com/aventstack/extentreports/templates/spark/macros/log.ftl"
2025-09-23 15:56:29 DEBUG cache - Couldn't find template in cache for "spark/macros/recurse_nodes.ftl"("en_IN", UTF-8, parsed); will try to load it.
2025-09-23 15:56:29 DEBUG cache - TemplateLoader.findTemplateSource("spark/macros/recurse_nodes_en_IN.ftl"): Not found
2025-09-23 15:56:29 DEBUG cache - TemplateLoader.findTemplateSource("spark/macros/recurse_nodes_en.ftl"): Not found
2025-09-23 15:56:29 DEBUG cache - TemplateLoader.findTemplateSource("spark/macros/recurse_nodes.ftl"): Found
2025-09-23 15:56:29 DEBUG cache - Loading template for "spark/macros/recurse_nodes.ftl"("en_IN", UTF-8, parsed) from "jar:file:/C:/Users/Ritesh%20Kumar%20Singh/.m2/repository/com/aventstack/extentreports/5.1.2/extentreports-5.1.2.jar!/com/aventstack/extentreports/templates/spark/macros/recurse_nodes.ftl"
2025-09-23 15:56:29 DEBUG cache - "spark/macros/log.ftl"("en_IN", UTF-8, parsed) cached copy not yet stale; using cached.
2025-09-23 15:56:29 DEBUG cache - Couldn't find template in cache for "spark/macros/attr-common.ftl"("en_IN", UTF-8, parsed); will try to load it.
2025-09-23 15:56:29 DEBUG cache - TemplateLoader.findTemplateSource("spark/macros/attr-common_en_IN.ftl"): Not found
2025-09-23 15:56:29 DEBUG cache - TemplateLoader.findTemplateSource("spark/macros/attr-common_en.ftl"): Not found
2025-09-23 15:56:29 DEBUG cache - TemplateLoader.findTemplateSource("spark/macros/attr-common.ftl"): Found
2025-09-23 15:56:29 DEBUG cache - Loading template for "spark/macros/attr-common.ftl"("en_IN", UTF-8, parsed) from "jar:file:/C:/Users/Ritesh%20Kumar%20Singh/.m2/repository/com/aventstack/extentreports/5.1.2/extentreports-5.1.2.jar!/com/aventstack/extentreports/templates/spark/macros/attr-common.ftl"
2025-09-23 15:56:29 DEBUG cache - Couldn't find template in cache for "spark/partials/head.ftl"("en_IN", UTF-8, parsed); will try to load it.
2025-09-23 15:56:29 DEBUG cache - TemplateLoader.findTemplateSource("spark/partials/head_en_IN.ftl"): Not found
2025-09-23 15:56:29 DEBUG cache - TemplateLoader.findTemplateSource("spark/partials/head_en.ftl"): Not found
2025-09-23 15:56:29 DEBUG cache - TemplateLoader.findTemplateSource("spark/partials/head.ftl"): Found
2025-09-23 15:56:29 DEBUG cache - Loading template for "spark/partials/head.ftl"("en_IN", UTF-8, parsed) from "jar:file:/C:/Users/Ritesh%20Kumar%20Singh/.m2/repository/com/aventstack/extentreports/5.1.2/extentreports-5.1.2.jar!/com/aventstack/extentreports/templates/spark/partials/head.ftl"
2025-09-23 15:56:29 DEBUG cache - Couldn't find template in cache for "commons/commons-inject-css.ftl"("en_IN", UTF-8, parsed); will try to load it.
2025-09-23 15:56:29 DEBUG cache - TemplateLoader.findTemplateSource("commons/commons-inject-css_en_IN.ftl"): Not found
2025-09-23 15:56:29 DEBUG cache - TemplateLoader.findTemplateSource("commons/commons-inject-css_en.ftl"): Not found
2025-09-23 15:56:29 DEBUG cache - TemplateLoader.findTemplateSource("commons/commons-inject-css.ftl"): Found
2025-09-23 15:56:29 DEBUG cache - Loading template for "commons/commons-inject-css.ftl"("en_IN", UTF-8, parsed) from "jar:file:/C:/Users/Ritesh%20Kumar%20Singh/.m2/repository/com/aventstack/extentreports/5.1.2/extentreports-5.1.2.jar!/com/aventstack/extentreports/templates/commons/commons-inject-css.ftl"
2025-09-23 15:56:29 DEBUG cache - Couldn't find template in cache for "spark/partials/navbar.ftl"("en_IN", UTF-8, parsed); will try to load it.
2025-09-23 15:56:29 DEBUG cache - TemplateLoader.findTemplateSource("spark/partials/navbar_en_IN.ftl"): Not found
2025-09-23 15:56:29 DEBUG cache - TemplateLoader.findTemplateSource("spark/partials/navbar_en.ftl"): Not found
2025-09-23 15:56:29 DEBUG cache - TemplateLoader.findTemplateSource("spark/partials/navbar.ftl"): Found
2025-09-23 15:56:29 DEBUG cache - Loading template for "spark/partials/navbar.ftl"("en_IN", UTF-8, parsed) from "jar:file:/C:/Users/Ritesh%20Kumar%20Singh/.m2/repository/com/aventstack/extentreports/5.1.2/extentreports-5.1.2.jar!/com/aventstack/extentreports/templates/spark/partials/navbar.ftl"
2025-09-23 15:56:29 DEBUG cache - Couldn't find template in cache for "spark/partials/sidenav.ftl"("en_IN", UTF-8, parsed); will try to load it.
2025-09-23 15:56:29 DEBUG cache - TemplateLoader.findTemplateSource("spark/partials/sidenav_en_IN.ftl"): Not found
2025-09-23 15:56:29 DEBUG cache - TemplateLoader.findTemplateSource("spark/partials/sidenav_en.ftl"): Not found
2025-09-23 15:56:29 DEBUG cache - TemplateLoader.findTemplateSource("spark/partials/sidenav.ftl"): Found
2025-09-23 15:56:29 DEBUG cache - Loading template for "spark/partials/sidenav.ftl"("en_IN", UTF-8, parsed) from "jar:file:/C:/Users/Ritesh%20Kumar%20Singh/.m2/repository/com/aventstack/extentreports/5.1.2/extentreports-5.1.2.jar!/com/aventstack/extentreports/templates/spark/partials/sidenav.ftl"
2025-09-23 15:56:29 DEBUG cache - Couldn't find template in cache for "spark/partials/test.ftl"("en_IN", UTF-8, parsed); will try to load it.
2025-09-23 15:56:29 DEBUG cache - TemplateLoader.findTemplateSource("spark/partials/test_en_IN.ftl"): Not found
2025-09-23 15:56:29 DEBUG cache - TemplateLoader.findTemplateSource("spark/partials/test_en.ftl"): Not found
2025-09-23 15:56:29 DEBUG cache - TemplateLoader.findTemplateSource("spark/partials/test.ftl"): Found
2025-09-23 15:56:29 DEBUG cache - Loading template for "spark/partials/test.ftl"("en_IN", UTF-8, parsed) from "jar:file:/C:/Users/Ritesh%20Kumar%20Singh/.m2/repository/com/aventstack/extentreports/5.1.2/extentreports-5.1.2.jar!/com/aventstack/extentreports/templates/spark/partials/test.ftl"
2025-09-23 15:56:29 DEBUG cache - Couldn't find template in cache for "spark/partials/standard-content.ftl"("en_IN", UTF-8, parsed); will try to load it.
2025-09-23 15:56:29 DEBUG cache - TemplateLoader.findTemplateSource("spark/partials/standard-content_en_IN.ftl"): Not found
2025-09-23 15:56:29 DEBUG cache - TemplateLoader.findTemplateSource("spark/partials/standard-content_en.ftl"): Not found
2025-09-23 15:56:29 DEBUG cache - TemplateLoader.findTemplateSource("spark/partials/standard-content.ftl"): Found
2025-09-23 15:56:29 DEBUG cache - Loading template for "spark/partials/standard-content.ftl"("en_IN", UTF-8, parsed) from "jar:file:/C:/Users/Ritesh%20Kumar%20Singh/.m2/repository/com/aventstack/extentreports/5.1.2/extentreports-5.1.2.jar!/com/aventstack/extentreports/templates/spark/partials/standard-content.ftl"
2025-09-23 15:56:29 DEBUG cache - "spark/partials/standard-content.ftl"("en_IN", UTF-8, parsed) cached copy not yet stale; using cached.
2025-09-23 15:56:29 DEBUG cache - "spark/partials/standard-content.ftl"("en_IN", UTF-8, parsed) cached copy not yet stale; using cached.
2025-09-23 15:56:29 DEBUG cache - "spark/partials/standard-content.ftl"("en_IN", UTF-8, parsed) cached copy not yet stale; using cached.
2025-09-23 15:56:29 DEBUG cache - "spark/partials/standard-content.ftl"("en_IN", UTF-8, parsed) cached copy not yet stale; using cached.
2025-09-23 15:56:29 DEBUG cache - "spark/partials/standard-content.ftl"("en_IN", UTF-8, parsed) cached copy not yet stale; using cached.
2025-09-23 15:56:29 DEBUG cache - Couldn't find template in cache for "spark/partials/exception.ftl"("en_IN", UTF-8, parsed); will try to load it.
2025-09-23 15:56:29 DEBUG cache - TemplateLoader.findTemplateSource("spark/partials/exception_en_IN.ftl"): Not found
2025-09-23 15:56:29 DEBUG cache - TemplateLoader.findTemplateSource("spark/partials/exception_en.ftl"): Not found
2025-09-23 15:56:29 DEBUG cache - TemplateLoader.findTemplateSource("spark/partials/exception.ftl"): Found
2025-09-23 15:56:29 DEBUG cache - Loading template for "spark/partials/exception.ftl"("en_IN", UTF-8, parsed) from "jar:file:/C:/Users/Ritesh%20Kumar%20Singh/.m2/repository/com/aventstack/extentreports/5.1.2/extentreports-5.1.2.jar!/com/aventstack/extentreports/templates/spark/partials/exception.ftl"
2025-09-23 15:56:29 DEBUG cache - Couldn't find template in cache for "spark/partials/category.ftl"("en_IN", UTF-8, parsed); will try to load it.
2025-09-23 15:56:29 DEBUG cache - TemplateLoader.findTemplateSource("spark/partials/category_en_IN.ftl"): Not found
2025-09-23 15:56:29 DEBUG cache - TemplateLoader.findTemplateSource("spark/partials/category_en.ftl"): Not found
2025-09-23 15:56:29 DEBUG cache - TemplateLoader.findTemplateSource("spark/partials/category.ftl"): Found
2025-09-23 15:56:29 DEBUG cache - Loading template for "spark/partials/category.ftl"("en_IN", UTF-8, parsed) from "jar:file:/C:/Users/Ritesh%20Kumar%20Singh/.m2/repository/com/aventstack/extentreports/5.1.2/extentreports-5.1.2.jar!/com/aventstack/extentreports/templates/spark/partials/category.ftl"
2025-09-23 15:56:29 DEBUG cache - Couldn't find template in cache for "spark/partials/device.ftl"("en_IN", UTF-8, parsed); will try to load it.
2025-09-23 15:56:29 DEBUG cache - TemplateLoader.findTemplateSource("spark/partials/device_en_IN.ftl"): Not found
2025-09-23 15:56:29 DEBUG cache - TemplateLoader.findTemplateSource("spark/partials/device_en.ftl"): Not found
2025-09-23 15:56:29 DEBUG cache - TemplateLoader.findTemplateSource("spark/partials/device.ftl"): Found
2025-09-23 15:56:29 DEBUG cache - Loading template for "spark/partials/device.ftl"("en_IN", UTF-8, parsed) from "jar:file:/C:/Users/Ritesh%20Kumar%20Singh/.m2/repository/com/aventstack/extentreports/5.1.2/extentreports-5.1.2.jar!/com/aventstack/extentreports/templates/spark/partials/device.ftl"
2025-09-23 15:56:29 DEBUG cache - Couldn't find template in cache for "spark/partials/author.ftl"("en_IN", UTF-8, parsed); will try to load it.
2025-09-23 15:56:29 DEBUG cache - TemplateLoader.findTemplateSource("spark/partials/author_en_IN.ftl"): Not found
2025-09-23 15:56:29 DEBUG cache - TemplateLoader.findTemplateSource("spark/partials/author_en.ftl"): Not found
2025-09-23 15:56:29 DEBUG cache - TemplateLoader.findTemplateSource("spark/partials/author.ftl"): Found
2025-09-23 15:56:29 DEBUG cache - Loading template for "spark/partials/author.ftl"("en_IN", UTF-8, parsed) from "jar:file:/C:/Users/Ritesh%20Kumar%20Singh/.m2/repository/com/aventstack/extentreports/5.1.2/extentreports-5.1.2.jar!/com/aventstack/extentreports/templates/spark/partials/author.ftl"
2025-09-23 15:56:29 DEBUG cache - Couldn't find template in cache for "spark/partials/log.ftl"("en_IN", UTF-8, parsed); will try to load it.
2025-09-23 15:56:29 DEBUG cache - TemplateLoader.findTemplateSource("spark/partials/log_en_IN.ftl"): Not found
2025-09-23 15:56:29 DEBUG cache - TemplateLoader.findTemplateSource("spark/partials/log_en.ftl"): Not found
2025-09-23 15:56:29 DEBUG cache - TemplateLoader.findTemplateSource("spark/partials/log.ftl"): Found
2025-09-23 15:56:29 DEBUG cache - Loading template for "spark/partials/log.ftl"("en_IN", UTF-8, parsed) from "jar:file:/C:/Users/Ritesh%20Kumar%20Singh/.m2/repository/com/aventstack/extentreports/5.1.2/extentreports-5.1.2.jar!/com/aventstack/extentreports/templates/spark/partials/log.ftl"
2025-09-23 15:56:29 DEBUG cache - Couldn't find template in cache for "spark/partials/dashboard.ftl"("en_IN", UTF-8, parsed); will try to load it.
2025-09-23 15:56:29 DEBUG cache - TemplateLoader.findTemplateSource("spark/partials/dashboard_en_IN.ftl"): Not found
2025-09-23 15:56:29 DEBUG cache - TemplateLoader.findTemplateSource("spark/partials/dashboard_en.ftl"): Not found
2025-09-23 15:56:29 DEBUG cache - TemplateLoader.findTemplateSource("spark/partials/dashboard.ftl"): Found
2025-09-23 15:56:29 DEBUG cache - Loading template for "spark/partials/dashboard.ftl"("en_IN", UTF-8, parsed) from "jar:file:/C:/Users/Ritesh%20Kumar%20Singh/.m2/repository/com/aventstack/extentreports/5.1.2/extentreports-5.1.2.jar!/com/aventstack/extentreports/templates/spark/partials/dashboard.ftl"
2025-09-23 15:56:29 DEBUG cache - Couldn't find template in cache for "spark/partials/scripts.ftl"("en_IN", UTF-8, parsed); will try to load it.
2025-09-23 15:56:29 DEBUG cache - TemplateLoader.findTemplateSource("spark/partials/scripts_en_IN.ftl"): Not found
2025-09-23 15:56:29 DEBUG cache - TemplateLoader.findTemplateSource("spark/partials/scripts_en.ftl"): Not found
2025-09-23 15:56:29 DEBUG cache - TemplateLoader.findTemplateSource("spark/partials/scripts.ftl"): Found
2025-09-23 15:56:29 DEBUG cache - Loading template for "spark/partials/scripts.ftl"("en_IN", UTF-8, parsed) from "jar:file:/C:/Users/Ritesh%20Kumar%20Singh/.m2/repository/com/aventstack/extentreports/5.1.2/extentreports-5.1.2.jar!/com/aventstack/extentreports/templates/spark/partials/scripts.ftl"
2025-09-23 15:56:29 DEBUG cache - Couldn't find template in cache for "commons/commons-inject-js.ftl"("en_IN", UTF-8, parsed); will try to load it.
2025-09-23 15:56:29 DEBUG cache - TemplateLoader.findTemplateSource("commons/commons-inject-js_en_IN.ftl"): Not found
2025-09-23 15:56:29 DEBUG cache - TemplateLoader.findTemplateSource("commons/commons-inject-js_en.ftl"): Not found
2025-09-23 15:56:29 DEBUG cache - TemplateLoader.findTemplateSource("commons/commons-inject-js.ftl"): Found
2025-09-23 15:56:29 DEBUG cache - Loading template for "commons/commons-inject-js.ftl"("en_IN", UTF-8, parsed) from "jar:file:/C:/Users/Ritesh%20Kumar%20Singh/.m2/repository/com/aventstack/extentreports/5.1.2/extentreports-5.1.2.jar!/com/aventstack/extentreports/templates/commons/commons-inject-js.ftl"
2025-09-23 16:11:19 INFO  BaseTest - Driver initialized
2025-09-23 16:11:20 INFO  Listeners - simpleTextareaCheckBoxStarted
2025-09-23 16:11:31 INFO  Listeners - simpleTextareaCheckBoxPassed
2025-09-23 16:11:32 INFO  Listeners - dropDownActionsTestStarted
2025-09-23 16:11:38 INFO  Listeners - dropDownActionsTestPassed
2025-09-23 16:11:40 INFO  Listeners - scrollSwitchesStarted
2025-09-23 16:11:48 INFO  WorkingWithAPIDemos - Monitored Switch is off.Doing Switch ON
2025-09-23 16:11:52 INFO  Listeners - scrollSwitchesPassed
2025-09-23 16:11:53 INFO  Listeners - dragDropStarted
2025-09-23 16:12:02 INFO  Listeners - dragDropPassed
2025-09-23 16:12:03 INFO  Listeners - interactWithHardwareKeysStarted
2025-09-23 16:12:14 INFO  Listeners - interactWithHardwareKeysPassed
2025-09-23 16:12:15 INFO  Listeners - installAndUninstallAppsStarted
2025-09-23 16:12:34 INFO  Listeners - installAndUninstallAppsPassed
2025-09-23 16:12:34 DEBUG cache - Couldn't find template in cache for "spark/spark.spa.ftl"("en_IN", UTF-8, parsed); will try to load it.
2025-09-23 16:12:34 DEBUG cache - TemplateLoader.findTemplateSource("spark/spark.spa_en_IN.ftl"): Not found
2025-09-23 16:12:34 DEBUG cache - TemplateLoader.findTemplateSource("spark/spark.spa_en.ftl"): Not found
2025-09-23 16:12:34 DEBUG cache - TemplateLoader.findTemplateSource("spark/spark.spa.ftl"): Found
2025-09-23 16:12:34 DEBUG cache - Loading template for "spark/spark.spa.ftl"("en_IN", UTF-8, parsed) from "jar:file:/C:/Users/Ritesh%20Kumar%20Singh/.m2/repository/com/aventstack/extentreports/5.1.2/extentreports-5.1.2.jar!/com/aventstack/extentreports/templates/spark/spark.spa.ftl"
2025-09-23 16:12:34 DEBUG cache - Couldn't find template in cache for "commons/commons-variables.ftl"("en_IN", UTF-8, parsed); will try to load it.
2025-09-23 16:12:34 DEBUG cache - TemplateLoader.findTemplateSource("commons/commons-variables_en_IN.ftl"): Not found
2025-09-23 16:12:34 DEBUG cache - TemplateLoader.findTemplateSource("commons/commons-variables_en.ftl"): Not found
2025-09-23 16:12:34 DEBUG cache - TemplateLoader.findTemplateSource("commons/commons-variables.ftl"): Found
2025-09-23 16:12:34 DEBUG cache - Loading template for "commons/commons-variables.ftl"("en_IN", UTF-8, parsed) from "jar:file:/C:/Users/Ritesh%20Kumar%20Singh/.m2/repository/com/aventstack/extentreports/5.1.2/extentreports-5.1.2.jar!/com/aventstack/extentreports/templates/commons/commons-variables.ftl"
2025-09-23 16:12:34 DEBUG cache - Couldn't find template in cache for "commons/commons-macros.ftl"("en_IN", UTF-8, parsed); will try to load it.
2025-09-23 16:12:34 DEBUG cache - TemplateLoader.findTemplateSource("commons/commons-macros_en_IN.ftl"): Not found
2025-09-23 16:12:34 DEBUG cache - TemplateLoader.findTemplateSource("commons/commons-macros_en.ftl"): Not found
2025-09-23 16:12:34 DEBUG cache - TemplateLoader.findTemplateSource("commons/commons-macros.ftl"): Found
2025-09-23 16:12:34 DEBUG cache - Loading template for "commons/commons-macros.ftl"("en_IN", UTF-8, parsed) from "jar:file:/C:/Users/Ritesh%20Kumar%20Singh/.m2/repository/com/aventstack/extentreports/5.1.2/extentreports-5.1.2.jar!/com/aventstack/extentreports/templates/commons/commons-macros.ftl"
2025-09-23 16:12:34 DEBUG cache - Couldn't find template in cache for "spark/macros/attributes.ftl"("en_IN", UTF-8, parsed); will try to load it.
2025-09-23 16:12:34 DEBUG cache - TemplateLoader.findTemplateSource("spark/macros/attributes_en_IN.ftl"): Not found
2025-09-23 16:12:34 DEBUG cache - TemplateLoader.findTemplateSource("spark/macros/attributes_en.ftl"): Not found
2025-09-23 16:12:34 DEBUG cache - TemplateLoader.findTemplateSource("spark/macros/attributes.ftl"): Found
2025-09-23 16:12:34 DEBUG cache - Loading template for "spark/macros/attributes.ftl"("en_IN", UTF-8, parsed) from "jar:file:/C:/Users/Ritesh%20Kumar%20Singh/.m2/repository/com/aventstack/extentreports/5.1.2/extentreports-5.1.2.jar!/com/aventstack/extentreports/templates/spark/macros/attributes.ftl"
2025-09-23 16:12:34 DEBUG cache - Couldn't find template in cache for "spark/macros/log.ftl"("en_IN", UTF-8, parsed); will try to load it.
2025-09-23 16:12:34 DEBUG cache - TemplateLoader.findTemplateSource("spark/macros/log_en_IN.ftl"): Not found
2025-09-23 16:12:34 DEBUG cache - TemplateLoader.findTemplateSource("spark/macros/log_en.ftl"): Not found
2025-09-23 16:12:34 DEBUG cache - TemplateLoader.findTemplateSource("spark/macros/log.ftl"): Found
2025-09-23 16:12:34 DEBUG cache - Loading template for "spark/macros/log.ftl"("en_IN", UTF-8, parsed) from "jar:file:/C:/Users/Ritesh%20Kumar%20Singh/.m2/repository/com/aventstack/extentreports/5.1.2/extentreports-5.1.2.jar!/com/aventstack/extentreports/templates/spark/macros/log.ftl"
2025-09-23 16:12:34 DEBUG cache - Couldn't find template in cache for "spark/macros/recurse_nodes.ftl"("en_IN", UTF-8, parsed); will try to load it.
2025-09-23 16:12:34 DEBUG cache - TemplateLoader.findTemplateSource("spark/macros/recurse_nodes_en_IN.ftl"): Not found
2025-09-23 16:12:34 DEBUG cache - TemplateLoader.findTemplateSource("spark/macros/recurse_nodes_en.ftl"): Not found
2025-09-23 16:12:34 DEBUG cache - TemplateLoader.findTemplateSource("spark/macros/recurse_nodes.ftl"): Found
2025-09-23 16:12:34 DEBUG cache - Loading template for "spark/macros/recurse_nodes.ftl"("en_IN", UTF-8, parsed) from "jar:file:/C:/Users/Ritesh%20Kumar%20Singh/.m2/repository/com/aventstack/extentreports/5.1.2/extentreports-5.1.2.jar!/com/aventstack/extentreports/templates/spark/macros/recurse_nodes.ftl"
2025-09-23 16:12:34 DEBUG cache - "spark/macros/log.ftl"("en_IN", UTF-8, parsed) cached copy not yet stale; using cached.
2025-09-23 16:12:34 DEBUG cache - Couldn't find template in cache for "spark/macros/attr-common.ftl"("en_IN", UTF-8, parsed); will try to load it.
2025-09-23 16:12:34 DEBUG cache - TemplateLoader.findTemplateSource("spark/macros/attr-common_en_IN.ftl"): Not found
2025-09-23 16:12:34 DEBUG cache - TemplateLoader.findTemplateSource("spark/macros/attr-common_en.ftl"): Not found
2025-09-23 16:12:34 DEBUG cache - TemplateLoader.findTemplateSource("spark/macros/attr-common.ftl"): Found
2025-09-23 16:12:34 DEBUG cache - Loading template for "spark/macros/attr-common.ftl"("en_IN", UTF-8, parsed) from "jar:file:/C:/Users/Ritesh%20Kumar%20Singh/.m2/repository/com/aventstack/extentreports/5.1.2/extentreports-5.1.2.jar!/com/aventstack/extentreports/templates/spark/macros/attr-common.ftl"
2025-09-23 16:12:34 DEBUG cache - Couldn't find template in cache for "spark/partials/head.ftl"("en_IN", UTF-8, parsed); will try to load it.
2025-09-23 16:12:34 DEBUG cache - TemplateLoader.findTemplateSource("spark/partials/head_en_IN.ftl"): Not found
2025-09-23 16:12:34 DEBUG cache - TemplateLoader.findTemplateSource("spark/partials/head_en.ftl"): Not found
2025-09-23 16:12:34 DEBUG cache - TemplateLoader.findTemplateSource("spark/partials/head.ftl"): Found
2025-09-23 16:12:34 DEBUG cache - Loading template for "spark/partials/head.ftl"("en_IN", UTF-8, parsed) from "jar:file:/C:/Users/Ritesh%20Kumar%20Singh/.m2/repository/com/aventstack/extentreports/5.1.2/extentreports-5.1.2.jar!/com/aventstack/extentreports/templates/spark/partials/head.ftl"
2025-09-23 16:12:34 DEBUG cache - Couldn't find template in cache for "commons/commons-inject-css.ftl"("en_IN", UTF-8, parsed); will try to load it.
2025-09-23 16:12:34 DEBUG cache - TemplateLoader.findTemplateSource("commons/commons-inject-css_en_IN.ftl"): Not found
2025-09-23 16:12:34 DEBUG cache - TemplateLoader.findTemplateSource("commons/commons-inject-css_en.ftl"): Not found
2025-09-23 16:12:34 DEBUG cache - TemplateLoader.findTemplateSource("commons/commons-inject-css.ftl"): Found
2025-09-23 16:12:34 DEBUG cache - Loading template for "commons/commons-inject-css.ftl"("en_IN", UTF-8, parsed) from "jar:file:/C:/Users/Ritesh%20Kumar%20Singh/.m2/repository/com/aventstack/extentreports/5.1.2/extentreports-5.1.2.jar!/com/aventstack/extentreports/templates/commons/commons-inject-css.ftl"
2025-09-23 16:12:34 DEBUG cache - Couldn't find template in cache for "spark/partials/navbar.ftl"("en_IN", UTF-8, parsed); will try to load it.
2025-09-23 16:12:34 DEBUG cache - TemplateLoader.findTemplateSource("spark/partials/navbar_en_IN.ftl"): Not found
2025-09-23 16:12:34 DEBUG cache - TemplateLoader.findTemplateSource("spark/partials/navbar_en.ftl"): Not found
2025-09-23 16:12:34 DEBUG cache - TemplateLoader.findTemplateSource("spark/partials/navbar.ftl"): Found
2025-09-23 16:12:34 DEBUG cache - Loading template for "spark/partials/navbar.ftl"("en_IN", UTF-8, parsed) from "jar:file:/C:/Users/Ritesh%20Kumar%20Singh/.m2/repository/com/aventstack/extentreports/5.1.2/extentreports-5.1.2.jar!/com/aventstack/extentreports/templates/spark/partials/navbar.ftl"
2025-09-23 16:12:34 DEBUG cache - Couldn't find template in cache for "spark/partials/sidenav.ftl"("en_IN", UTF-8, parsed); will try to load it.
2025-09-23 16:12:34 DEBUG cache - TemplateLoader.findTemplateSource("spark/partials/sidenav_en_IN.ftl"): Not found
2025-09-23 16:12:34 DEBUG cache - TemplateLoader.findTemplateSource("spark/partials/sidenav_en.ftl"): Not found
2025-09-23 16:12:34 DEBUG cache - TemplateLoader.findTemplateSource("spark/partials/sidenav.ftl"): Found
2025-09-23 16:12:34 DEBUG cache - Loading template for "spark/partials/sidenav.ftl"("en_IN", UTF-8, parsed) from "jar:file:/C:/Users/Ritesh%20Kumar%20Singh/.m2/repository/com/aventstack/extentreports/5.1.2/extentreports-5.1.2.jar!/com/aventstack/extentreports/templates/spark/partials/sidenav.ftl"
2025-09-23 16:12:34 DEBUG cache - Couldn't find template in cache for "spark/partials/test.ftl"("en_IN", UTF-8, parsed); will try to load it.
2025-09-23 16:12:34 DEBUG cache - TemplateLoader.findTemplateSource("spark/partials/test_en_IN.ftl"): Not found
2025-09-23 16:12:34 DEBUG cache - TemplateLoader.findTemplateSource("spark/partials/test_en.ftl"): Not found
2025-09-23 16:12:34 DEBUG cache - TemplateLoader.findTemplateSource("spark/partials/test.ftl"): Found
2025-09-23 16:12:34 DEBUG cache - Loading template for "spark/partials/test.ftl"("en_IN", UTF-8, parsed) from "jar:file:/C:/Users/Ritesh%20Kumar%20Singh/.m2/repository/com/aventstack/extentreports/5.1.2/extentreports-5.1.2.jar!/com/aventstack/extentreports/templates/spark/partials/test.ftl"
2025-09-23 16:12:34 DEBUG cache - Couldn't find template in cache for "spark/partials/standard-content.ftl"("en_IN", UTF-8, parsed); will try to load it.
2025-09-23 16:12:34 DEBUG cache - TemplateLoader.findTemplateSource("spark/partials/standard-content_en_IN.ftl"): Not found
2025-09-23 16:12:34 DEBUG cache - TemplateLoader.findTemplateSource("spark/partials/standard-content_en.ftl"): Not found
2025-09-23 16:12:34 DEBUG cache - TemplateLoader.findTemplateSource("spark/partials/standard-content.ftl"): Found
2025-09-23 16:12:34 DEBUG cache - Loading template for "spark/partials/standard-content.ftl"("en_IN", UTF-8, parsed) from "jar:file:/C:/Users/Ritesh%20Kumar%20Singh/.m2/repository/com/aventstack/extentreports/5.1.2/extentreports-5.1.2.jar!/com/aventstack/extentreports/templates/spark/partials/standard-content.ftl"
2025-09-23 16:12:34 DEBUG cache - "spark/partials/standard-content.ftl"("en_IN", UTF-8, parsed) cached copy not yet stale; using cached.
2025-09-23 16:12:34 DEBUG cache - "spark/partials/standard-content.ftl"("en_IN", UTF-8, parsed) cached copy not yet stale; using cached.
2025-09-23 16:12:34 DEBUG cache - "spark/partials/standard-content.ftl"("en_IN", UTF-8, parsed) cached copy not yet stale; using cached.
2025-09-23 16:12:34 DEBUG cache - "spark/partials/standard-content.ftl"("en_IN", UTF-8, parsed) cached copy not yet stale; using cached.
2025-09-23 16:12:34 DEBUG cache - "spark/partials/standard-content.ftl"("en_IN", UTF-8, parsed) cached copy not yet stale; using cached.
2025-09-23 16:12:34 DEBUG cache - Couldn't find template in cache for "spark/partials/exception.ftl"("en_IN", UTF-8, parsed); will try to load it.
2025-09-23 16:12:34 DEBUG cache - TemplateLoader.findTemplateSource("spark/partials/exception_en_IN.ftl"): Not found
2025-09-23 16:12:34 DEBUG cache - TemplateLoader.findTemplateSource("spark/partials/exception_en.ftl"): Not found
2025-09-23 16:12:34 DEBUG cache - TemplateLoader.findTemplateSource("spark/partials/exception.ftl"): Found
2025-09-23 16:12:34 DEBUG cache - Loading template for "spark/partials/exception.ftl"("en_IN", UTF-8, parsed) from "jar:file:/C:/Users/Ritesh%20Kumar%20Singh/.m2/repository/com/aventstack/extentreports/5.1.2/extentreports-5.1.2.jar!/com/aventstack/extentreports/templates/spark/partials/exception.ftl"
2025-09-23 16:12:34 DEBUG cache - Couldn't find template in cache for "spark/partials/category.ftl"("en_IN", UTF-8, parsed); will try to load it.
2025-09-23 16:12:34 DEBUG cache - TemplateLoader.findTemplateSource("spark/partials/category_en_IN.ftl"): Not found
2025-09-23 16:12:34 DEBUG cache - TemplateLoader.findTemplateSource("spark/partials/category_en.ftl"): Not found
2025-09-23 16:12:34 DEBUG cache - TemplateLoader.findTemplateSource("spark/partials/category.ftl"): Found
2025-09-23 16:12:34 DEBUG cache - Loading template for "spark/partials/category.ftl"("en_IN", UTF-8, parsed) from "jar:file:/C:/Users/Ritesh%20Kumar%20Singh/.m2/repository/com/aventstack/extentreports/5.1.2/extentreports-5.1.2.jar!/com/aventstack/extentreports/templates/spark/partials/category.ftl"
2025-09-23 16:12:34 DEBUG cache - Couldn't find template in cache for "spark/partials/device.ftl"("en_IN", UTF-8, parsed); will try to load it.
2025-09-23 16:12:34 DEBUG cache - TemplateLoader.findTemplateSource("spark/partials/device_en_IN.ftl"): Not found
2025-09-23 16:12:34 DEBUG cache - TemplateLoader.findTemplateSource("spark/partials/device_en.ftl"): Not found
2025-09-23 16:12:34 DEBUG cache - TemplateLoader.findTemplateSource("spark/partials/device.ftl"): Found
2025-09-23 16:12:34 DEBUG cache - Loading template for "spark/partials/device.ftl"("en_IN", UTF-8, parsed) from "jar:file:/C:/Users/Ritesh%20Kumar%20Singh/.m2/repository/com/aventstack/extentreports/5.1.2/extentreports-5.1.2.jar!/com/aventstack/extentreports/templates/spark/partials/device.ftl"
2025-09-23 16:12:34 DEBUG cache - Couldn't find template in cache for "spark/partials/author.ftl"("en_IN", UTF-8, parsed); will try to load it.
2025-09-23 16:12:34 DEBUG cache - TemplateLoader.findTemplateSource("spark/partials/author_en_IN.ftl"): Not found
2025-09-23 16:12:34 DEBUG cache - TemplateLoader.findTemplateSource("spark/partials/author_en.ftl"): Not found
2025-09-23 16:12:34 DEBUG cache - TemplateLoader.findTemplateSource("spark/partials/author.ftl"): Found
2025-09-23 16:12:34 DEBUG cache - Loading template for "spark/partials/author.ftl"("en_IN", UTF-8, parsed) from "jar:file:/C:/Users/Ritesh%20Kumar%20Singh/.m2/repository/com/aventstack/extentreports/5.1.2/extentreports-5.1.2.jar!/com/aventstack/extentreports/templates/spark/partials/author.ftl"
2025-09-23 16:12:34 DEBUG cache - Couldn't find template in cache for "spark/partials/log.ftl"("en_IN", UTF-8, parsed); will try to load it.
2025-09-23 16:12:34 DEBUG cache - TemplateLoader.findTemplateSource("spark/partials/log_en_IN.ftl"): Not found
2025-09-23 16:12:34 DEBUG cache - TemplateLoader.findTemplateSource("spark/partials/log_en.ftl"): Not found
2025-09-23 16:12:34 DEBUG cache - TemplateLoader.findTemplateSource("spark/partials/log.ftl"): Found
2025-09-23 16:12:34 DEBUG cache - Loading template for "spark/partials/log.ftl"("en_IN", UTF-8, parsed) from "jar:file:/C:/Users/Ritesh%20Kumar%20Singh/.m2/repository/com/aventstack/extentreports/5.1.2/extentreports-5.1.2.jar!/com/aventstack/extentreports/templates/spark/partials/log.ftl"
2025-09-23 16:12:34 DEBUG cache - Couldn't find template in cache for "spark/partials/dashboard.ftl"("en_IN", UTF-8, parsed); will try to load it.
2025-09-23 16:12:34 DEBUG cache - TemplateLoader.findTemplateSource("spark/partials/dashboard_en_IN.ftl"): Not found
2025-09-23 16:12:34 DEBUG cache - TemplateLoader.findTemplateSource("spark/partials/dashboard_en.ftl"): Not found
2025-09-23 16:12:34 DEBUG cache - TemplateLoader.findTemplateSource("spark/partials/dashboard.ftl"): Found
2025-09-23 16:12:34 DEBUG cache - Loading template for "spark/partials/dashboard.ftl"("en_IN", UTF-8, parsed) from "jar:file:/C:/Users/Ritesh%20Kumar%20Singh/.m2/repository/com/aventstack/extentreports/5.1.2/extentreports-5.1.2.jar!/com/aventstack/extentreports/templates/spark/partials/dashboard.ftl"
2025-09-23 16:12:34 DEBUG cache - Couldn't find template in cache for "spark/partials/scripts.ftl"("en_IN", UTF-8, parsed); will try to load it.
2025-09-23 16:12:34 DEBUG cache - TemplateLoader.findTemplateSource("spark/partials/scripts_en_IN.ftl"): Not found
2025-09-23 16:12:34 DEBUG cache - TemplateLoader.findTemplateSource("spark/partials/scripts_en.ftl"): Not found
2025-09-23 16:12:34 DEBUG cache - TemplateLoader.findTemplateSource("spark/partials/scripts.ftl"): Found
2025-09-23 16:12:34 DEBUG cache - Loading template for "spark/partials/scripts.ftl"("en_IN", UTF-8, parsed) from "jar:file:/C:/Users/Ritesh%20Kumar%20Singh/.m2/repository/com/aventstack/extentreports/5.1.2/extentreports-5.1.2.jar!/com/aventstack/extentreports/templates/spark/partials/scripts.ftl"
2025-09-23 16:12:34 DEBUG cache - Couldn't find template in cache for "commons/commons-inject-js.ftl"("en_IN", UTF-8, parsed); will try to load it.
2025-09-23 16:12:34 DEBUG cache - TemplateLoader.findTemplateSource("commons/commons-inject-js_en_IN.ftl"): Not found
2025-09-23 16:12:34 DEBUG cache - TemplateLoader.findTemplateSource("commons/commons-inject-js_en.ftl"): Not found
2025-09-23 16:12:34 DEBUG cache - TemplateLoader.findTemplateSource("commons/commons-inject-js.ftl"): Found
2025-09-23 16:12:34 DEBUG cache - Loading template for "commons/commons-inject-js.ftl"("en_IN", UTF-8, parsed) from "jar:file:/C:/Users/Ritesh%20Kumar%20Singh/.m2/repository/com/aventstack/extentreports/5.1.2/extentreports-5.1.2.jar!/com/aventstack/extentreports/templates/commons/commons-inject-js.ftl"
2025-09-23 16:43:18 INFO  BaseTest - Driver initialized
2025-09-23 16:43:20 INFO  Listeners - simpleTextareaCheckBoxStarted
2025-09-23 16:43:32 INFO  Listeners - simpleTextareaCheckBoxPassed
2025-09-23 16:43:33 INFO  Listeners - dropDownActionsTestStarted
2025-09-23 16:43:39 INFO  Listeners - dropDownActionsTestPassed
2025-09-23 16:43:40 INFO  Listeners - scrollSwitchesStarted
2025-09-23 16:43:48 INFO  WorkingWithAPIDemos - Monitored Switch is off.Doing Switch ON
2025-09-23 16:43:53 INFO  Listeners - scrollSwitchesPassed
2025-09-23 16:43:54 INFO  Listeners - dragDropStarted
2025-09-23 16:44:03 INFO  Listeners - dragDropPassed
2025-09-23 16:44:05 INFO  Listeners - interactWithHardwareKeysStarted
2025-09-23 16:44:19 INFO  Listeners - interactWithHardwareKeysPassed
2025-09-23 16:44:20 INFO  Listeners - installAndUninstallAppsStarted
2025-09-23 16:44:33 INFO  Listeners - installAndUninstallAppsPassed
2025-09-23 16:44:33 DEBUG cache - Couldn't find template in cache for "spark/spark.spa.ftl"("en_IN", UTF-8, parsed); will try to load it.
2025-09-23 16:44:33 DEBUG cache - TemplateLoader.findTemplateSource("spark/spark.spa_en_IN.ftl"): Not found
2025-09-23 16:44:33 DEBUG cache - TemplateLoader.findTemplateSource("spark/spark.spa_en.ftl"): Not found
2025-09-23 16:44:33 DEBUG cache - TemplateLoader.findTemplateSource("spark/spark.spa.ftl"): Found
2025-09-23 16:44:33 DEBUG cache - Loading template for "spark/spark.spa.ftl"("en_IN", UTF-8, parsed) from "jar:file:/C:/Users/Ritesh%20Kumar%20Singh/.m2/repository/com/aventstack/extentreports/5.1.2/extentreports-5.1.2.jar!/com/aventstack/extentreports/templates/spark/spark.spa.ftl"
2025-09-23 16:44:33 DEBUG cache - Couldn't find template in cache for "commons/commons-variables.ftl"("en_IN", UTF-8, parsed); will try to load it.
2025-09-23 16:44:33 DEBUG cache - TemplateLoader.findTemplateSource("commons/commons-variables_en_IN.ftl"): Not found
2025-09-23 16:44:33 DEBUG cache - TemplateLoader.findTemplateSource("commons/commons-variables_en.ftl"): Not found
2025-09-23 16:44:33 DEBUG cache - TemplateLoader.findTemplateSource("commons/commons-variables.ftl"): Found
2025-09-23 16:44:33 DEBUG cache - Loading template for "commons/commons-variables.ftl"("en_IN", UTF-8, parsed) from "jar:file:/C:/Users/Ritesh%20Kumar%20Singh/.m2/repository/com/aventstack/extentreports/5.1.2/extentreports-5.1.2.jar!/com/aventstack/extentreports/templates/commons/commons-variables.ftl"
2025-09-23 16:44:33 DEBUG cache - Couldn't find template in cache for "commons/commons-macros.ftl"("en_IN", UTF-8, parsed); will try to load it.
2025-09-23 16:44:33 DEBUG cache - TemplateLoader.findTemplateSource("commons/commons-macros_en_IN.ftl"): Not found
2025-09-23 16:44:33 DEBUG cache - TemplateLoader.findTemplateSource("commons/commons-macros_en.ftl"): Not found
2025-09-23 16:44:33 DEBUG cache - TemplateLoader.findTemplateSource("commons/commons-macros.ftl"): Found
2025-09-23 16:44:33 DEBUG cache - Loading template for "commons/commons-macros.ftl"("en_IN", UTF-8, parsed) from "jar:file:/C:/Users/Ritesh%20Kumar%20Singh/.m2/repository/com/aventstack/extentreports/5.1.2/extentreports-5.1.2.jar!/com/aventstack/extentreports/templates/commons/commons-macros.ftl"
2025-09-23 16:44:33 DEBUG cache - Couldn't find template in cache for "spark/macros/attributes.ftl"("en_IN", UTF-8, parsed); will try to load it.
2025-09-23 16:44:33 DEBUG cache - TemplateLoader.findTemplateSource("spark/macros/attributes_en_IN.ftl"): Not found
2025-09-23 16:44:33 DEBUG cache - TemplateLoader.findTemplateSource("spark/macros/attributes_en.ftl"): Not found
2025-09-23 16:44:33 DEBUG cache - TemplateLoader.findTemplateSource("spark/macros/attributes.ftl"): Found
2025-09-23 16:44:33 DEBUG cache - Loading template for "spark/macros/attributes.ftl"("en_IN", UTF-8, parsed) from "jar:file:/C:/Users/Ritesh%20Kumar%20Singh/.m2/repository/com/aventstack/extentreports/5.1.2/extentreports-5.1.2.jar!/com/aventstack/extentreports/templates/spark/macros/attributes.ftl"
2025-09-23 16:44:33 DEBUG cache - Couldn't find template in cache for "spark/macros/log.ftl"("en_IN", UTF-8, parsed); will try to load it.
2025-09-23 16:44:33 DEBUG cache - TemplateLoader.findTemplateSource("spark/macros/log_en_IN.ftl"): Not found
2025-09-23 16:44:33 DEBUG cache - TemplateLoader.findTemplateSource("spark/macros/log_en.ftl"): Not found
2025-09-23 16:44:33 DEBUG cache - TemplateLoader.findTemplateSource("spark/macros/log.ftl"): Found
2025-09-23 16:44:33 DEBUG cache - Loading template for "spark/macros/log.ftl"("en_IN", UTF-8, parsed) from "jar:file:/C:/Users/Ritesh%20Kumar%20Singh/.m2/repository/com/aventstack/extentreports/5.1.2/extentreports-5.1.2.jar!/com/aventstack/extentreports/templates/spark/macros/log.ftl"
2025-09-23 16:44:33 DEBUG cache - Couldn't find template in cache for "spark/macros/recurse_nodes.ftl"("en_IN", UTF-8, parsed); will try to load it.
2025-09-23 16:44:33 DEBUG cache - TemplateLoader.findTemplateSource("spark/macros/recurse_nodes_en_IN.ftl"): Not found
2025-09-23 16:44:33 DEBUG cache - TemplateLoader.findTemplateSource("spark/macros/recurse_nodes_en.ftl"): Not found
2025-09-23 16:44:33 DEBUG cache - TemplateLoader.findTemplateSource("spark/macros/recurse_nodes.ftl"): Found
2025-09-23 16:44:33 DEBUG cache - Loading template for "spark/macros/recurse_nodes.ftl"("en_IN", UTF-8, parsed) from "jar:file:/C:/Users/Ritesh%20Kumar%20Singh/.m2/repository/com/aventstack/extentreports/5.1.2/extentreports-5.1.2.jar!/com/aventstack/extentreports/templates/spark/macros/recurse_nodes.ftl"
2025-09-23 16:44:33 DEBUG cache - "spark/macros/log.ftl"("en_IN", UTF-8, parsed) cached copy not yet stale; using cached.
2025-09-23 16:44:33 DEBUG cache - Couldn't find template in cache for "spark/macros/attr-common.ftl"("en_IN", UTF-8, parsed); will try to load it.
2025-09-23 16:44:33 DEBUG cache - TemplateLoader.findTemplateSource("spark/macros/attr-common_en_IN.ftl"): Not found
2025-09-23 16:44:33 DEBUG cache - TemplateLoader.findTemplateSource("spark/macros/attr-common_en.ftl"): Not found
2025-09-23 16:44:33 DEBUG cache - TemplateLoader.findTemplateSource("spark/macros/attr-common.ftl"): Found
2025-09-23 16:44:33 DEBUG cache - Loading template for "spark/macros/attr-common.ftl"("en_IN", UTF-8, parsed) from "jar:file:/C:/Users/Ritesh%20Kumar%20Singh/.m2/repository/com/aventstack/extentreports/5.1.2/extentreports-5.1.2.jar!/com/aventstack/extentreports/templates/spark/macros/attr-common.ftl"
2025-09-23 16:44:33 DEBUG cache - Couldn't find template in cache for "spark/partials/head.ftl"("en_IN", UTF-8, parsed); will try to load it.
2025-09-23 16:44:33 DEBUG cache - TemplateLoader.findTemplateSource("spark/partials/head_en_IN.ftl"): Not found
2025-09-23 16:44:33 DEBUG cache - TemplateLoader.findTemplateSource("spark/partials/head_en.ftl"): Not found
2025-09-23 16:44:33 DEBUG cache - TemplateLoader.findTemplateSource("spark/partials/head.ftl"): Found
2025-09-23 16:44:33 DEBUG cache - Loading template for "spark/partials/head.ftl"("en_IN", UTF-8, parsed) from "jar:file:/C:/Users/Ritesh%20Kumar%20Singh/.m2/repository/com/aventstack/extentreports/5.1.2/extentreports-5.1.2.jar!/com/aventstack/extentreports/templates/spark/partials/head.ftl"
2025-09-23 16:44:33 DEBUG cache - Couldn't find template in cache for "commons/commons-inject-css.ftl"("en_IN", UTF-8, parsed); will try to load it.
2025-09-23 16:44:33 DEBUG cache - TemplateLoader.findTemplateSource("commons/commons-inject-css_en_IN.ftl"): Not found
2025-09-23 16:44:33 DEBUG cache - TemplateLoader.findTemplateSource("commons/commons-inject-css_en.ftl"): Not found
2025-09-23 16:44:33 DEBUG cache - TemplateLoader.findTemplateSource("commons/commons-inject-css.ftl"): Found
2025-09-23 16:44:33 DEBUG cache - Loading template for "commons/commons-inject-css.ftl"("en_IN", UTF-8, parsed) from "jar:file:/C:/Users/Ritesh%20Kumar%20Singh/.m2/repository/com/aventstack/extentreports/5.1.2/extentreports-5.1.2.jar!/com/aventstack/extentreports/templates/commons/commons-inject-css.ftl"
2025-09-23 16:44:33 DEBUG cache - Couldn't find template in cache for "spark/partials/navbar.ftl"("en_IN", UTF-8, parsed); will try to load it.
2025-09-23 16:44:33 DEBUG cache - TemplateLoader.findTemplateSource("spark/partials/navbar_en_IN.ftl"): Not found
2025-09-23 16:44:33 DEBUG cache - TemplateLoader.findTemplateSource("spark/partials/navbar_en.ftl"): Not found
2025-09-23 16:44:33 DEBUG cache - TemplateLoader.findTemplateSource("spark/partials/navbar.ftl"): Found
2025-09-23 16:44:33 DEBUG cache - Loading template for "spark/partials/navbar.ftl"("en_IN", UTF-8, parsed) from "jar:file:/C:/Users/Ritesh%20Kumar%20Singh/.m2/repository/com/aventstack/extentreports/5.1.2/extentreports-5.1.2.jar!/com/aventstack/extentreports/templates/spark/partials/navbar.ftl"
2025-09-23 16:44:33 DEBUG cache - Couldn't find template in cache for "spark/partials/sidenav.ftl"("en_IN", UTF-8, parsed); will try to load it.
2025-09-23 16:44:33 DEBUG cache - TemplateLoader.findTemplateSource("spark/partials/sidenav_en_IN.ftl"): Not found
2025-09-23 16:44:33 DEBUG cache - TemplateLoader.findTemplateSource("spark/partials/sidenav_en.ftl"): Not found
2025-09-23 16:44:33 DEBUG cache - TemplateLoader.findTemplateSource("spark/partials/sidenav.ftl"): Found
2025-09-23 16:44:33 DEBUG cache - Loading template for "spark/partials/sidenav.ftl"("en_IN", UTF-8, parsed) from "jar:file:/C:/Users/Ritesh%20Kumar%20Singh/.m2/repository/com/aventstack/extentreports/5.1.2/extentreports-5.1.2.jar!/com/aventstack/extentreports/templates/spark/partials/sidenav.ftl"
2025-09-23 16:44:33 DEBUG cache - Couldn't find template in cache for "spark/partials/test.ftl"("en_IN", UTF-8, parsed); will try to load it.
2025-09-23 16:44:33 DEBUG cache - TemplateLoader.findTemplateSource("spark/partials/test_en_IN.ftl"): Not found
2025-09-23 16:44:33 DEBUG cache - TemplateLoader.findTemplateSource("spark/partials/test_en.ftl"): Not found
2025-09-23 16:44:33 DEBUG cache - TemplateLoader.findTemplateSource("spark/partials/test.ftl"): Found
2025-09-23 16:44:33 DEBUG cache - Loading template for "spark/partials/test.ftl"("en_IN", UTF-8, parsed) from "jar:file:/C:/Users/Ritesh%20Kumar%20Singh/.m2/repository/com/aventstack/extentreports/5.1.2/extentreports-5.1.2.jar!/com/aventstack/extentreports/templates/spark/partials/test.ftl"
2025-09-23 16:44:33 DEBUG cache - Couldn't find template in cache for "spark/partials/standard-content.ftl"("en_IN", UTF-8, parsed); will try to load it.
2025-09-23 16:44:33 DEBUG cache - TemplateLoader.findTemplateSource("spark/partials/standard-content_en_IN.ftl"): Not found
2025-09-23 16:44:33 DEBUG cache - TemplateLoader.findTemplateSource("spark/partials/standard-content_en.ftl"): Not found
2025-09-23 16:44:33 DEBUG cache - TemplateLoader.findTemplateSource("spark/partials/standard-content.ftl"): Found
2025-09-23 16:44:33 DEBUG cache - Loading template for "spark/partials/standard-content.ftl"("en_IN", UTF-8, parsed) from "jar:file:/C:/Users/Ritesh%20Kumar%20Singh/.m2/repository/com/aventstack/extentreports/5.1.2/extentreports-5.1.2.jar!/com/aventstack/extentreports/templates/spark/partials/standard-content.ftl"
2025-09-23 16:44:34 DEBUG cache - "spark/partials/standard-content.ftl"("en_IN", UTF-8, parsed) cached copy not yet stale; using cached.
2025-09-23 16:44:34 DEBUG cache - "spark/partials/standard-content.ftl"("en_IN", UTF-8, parsed) cached copy not yet stale; using cached.
2025-09-23 16:44:34 DEBUG cache - "spark/partials/standard-content.ftl"("en_IN", UTF-8, parsed) cached copy not yet stale; using cached.
2025-09-23 16:44:34 DEBUG cache - "spark/partials/standard-content.ftl"("en_IN", UTF-8, parsed) cached copy not yet stale; using cached.
2025-09-23 16:44:34 DEBUG cache - "spark/partials/standard-content.ftl"("en_IN", UTF-8, parsed) cached copy not yet stale; using cached.
2025-09-23 16:44:34 DEBUG cache - Couldn't find template in cache for "spark/partials/exception.ftl"("en_IN", UTF-8, parsed); will try to load it.
2025-09-23 16:44:34 DEBUG cache - TemplateLoader.findTemplateSource("spark/partials/exception_en_IN.ftl"): Not found
2025-09-23 16:44:34 DEBUG cache - TemplateLoader.findTemplateSource("spark/partials/exception_en.ftl"): Not found
2025-09-23 16:44:34 DEBUG cache - TemplateLoader.findTemplateSource("spark/partials/exception.ftl"): Found
2025-09-23 16:44:34 DEBUG cache - Loading template for "spark/partials/exception.ftl"("en_IN", UTF-8, parsed) from "jar:file:/C:/Users/Ritesh%20Kumar%20Singh/.m2/repository/com/aventstack/extentreports/5.1.2/extentreports-5.1.2.jar!/com/aventstack/extentreports/templates/spark/partials/exception.ftl"
2025-09-23 16:44:34 DEBUG cache - Couldn't find template in cache for "spark/partials/category.ftl"("en_IN", UTF-8, parsed); will try to load it.
2025-09-23 16:44:34 DEBUG cache - TemplateLoader.findTemplateSource("spark/partials/category_en_IN.ftl"): Not found
2025-09-23 16:44:34 DEBUG cache - TemplateLoader.findTemplateSource("spark/partials/category_en.ftl"): Not found
2025-09-23 16:44:34 DEBUG cache - TemplateLoader.findTemplateSource("spark/partials/category.ftl"): Found
2025-09-23 16:44:34 DEBUG cache - Loading template for "spark/partials/category.ftl"("en_IN", UTF-8, parsed) from "jar:file:/C:/Users/Ritesh%20Kumar%20Singh/.m2/repository/com/aventstack/extentreports/5.1.2/extentreports-5.1.2.jar!/com/aventstack/extentreports/templates/spark/partials/category.ftl"
2025-09-23 16:44:34 DEBUG cache - Couldn't find template in cache for "spark/partials/device.ftl"("en_IN", UTF-8, parsed); will try to load it.
2025-09-23 16:44:34 DEBUG cache - TemplateLoader.findTemplateSource("spark/partials/device_en_IN.ftl"): Not found
2025-09-23 16:44:34 DEBUG cache - TemplateLoader.findTemplateSource("spark/partials/device_en.ftl"): Not found
2025-09-23 16:44:34 DEBUG cache - TemplateLoader.findTemplateSource("spark/partials/device.ftl"): Found
2025-09-23 16:44:34 DEBUG cache - Loading template for "spark/partials/device.ftl"("en_IN", UTF-8, parsed) from "jar:file:/C:/Users/Ritesh%20Kumar%20Singh/.m2/repository/com/aventstack/extentreports/5.1.2/extentreports-5.1.2.jar!/com/aventstack/extentreports/templates/spark/partials/device.ftl"
2025-09-23 16:44:34 DEBUG cache - Couldn't find template in cache for "spark/partials/author.ftl"("en_IN", UTF-8, parsed); will try to load it.
2025-09-23 16:44:34 DEBUG cache - TemplateLoader.findTemplateSource("spark/partials/author_en_IN.ftl"): Not found
2025-09-23 16:44:34 DEBUG cache - TemplateLoader.findTemplateSource("spark/partials/author_en.ftl"): Not found
2025-09-23 16:44:34 DEBUG cache - TemplateLoader.findTemplateSource("spark/partials/author.ftl"): Found
2025-09-23 16:44:34 DEBUG cache - Loading template for "spark/partials/author.ftl"("en_IN", UTF-8, parsed) from "jar:file:/C:/Users/Ritesh%20Kumar%20Singh/.m2/repository/com/aventstack/extentreports/5.1.2/extentreports-5.1.2.jar!/com/aventstack/extentreports/templates/spark/partials/author.ftl"
2025-09-23 16:44:34 DEBUG cache - Couldn't find template in cache for "spark/partials/log.ftl"("en_IN", UTF-8, parsed); will try to load it.
2025-09-23 16:44:34 DEBUG cache - TemplateLoader.findTemplateSource("spark/partials/log_en_IN.ftl"): Not found
2025-09-23 16:44:34 DEBUG cache - TemplateLoader.findTemplateSource("spark/partials/log_en.ftl"): Not found
2025-09-23 16:44:34 DEBUG cache - TemplateLoader.findTemplateSource("spark/partials/log.ftl"): Found
2025-09-23 16:44:34 DEBUG cache - Loading template for "spark/partials/log.ftl"("en_IN", UTF-8, parsed) from "jar:file:/C:/Users/Ritesh%20Kumar%20Singh/.m2/repository/com/aventstack/extentreports/5.1.2/extentreports-5.1.2.jar!/com/aventstack/extentreports/templates/spark/partials/log.ftl"
2025-09-23 16:44:34 DEBUG cache - Couldn't find template in cache for "spark/partials/dashboard.ftl"("en_IN", UTF-8, parsed); will try to load it.
2025-09-23 16:44:34 DEBUG cache - TemplateLoader.findTemplateSource("spark/partials/dashboard_en_IN.ftl"): Not found
2025-09-23 16:44:34 DEBUG cache - TemplateLoader.findTemplateSource("spark/partials/dashboard_en.ftl"): Not found
2025-09-23 16:44:34 DEBUG cache - TemplateLoader.findTemplateSource("spark/partials/dashboard.ftl"): Found
2025-09-23 16:44:34 DEBUG cache - Loading template for "spark/partials/dashboard.ftl"("en_IN", UTF-8, parsed) from "jar:file:/C:/Users/Ritesh%20Kumar%20Singh/.m2/repository/com/aventstack/extentreports/5.1.2/extentreports-5.1.2.jar!/com/aventstack/extentreports/templates/spark/partials/dashboard.ftl"
2025-09-23 16:44:34 DEBUG cache - Couldn't find template in cache for "spark/partials/scripts.ftl"("en_IN", UTF-8, parsed); will try to load it.
2025-09-23 16:44:34 DEBUG cache - TemplateLoader.findTemplateSource("spark/partials/scripts_en_IN.ftl"): Not found
2025-09-23 16:44:34 DEBUG cache - TemplateLoader.findTemplateSource("spark/partials/scripts_en.ftl"): Not found
2025-09-23 16:44:34 DEBUG cache - TemplateLoader.findTemplateSource("spark/partials/scripts.ftl"): Found
2025-09-23 16:44:34 DEBUG cache - Loading template for "spark/partials/scripts.ftl"("en_IN", UTF-8, parsed) from "jar:file:/C:/Users/Ritesh%20Kumar%20Singh/.m2/repository/com/aventstack/extentreports/5.1.2/extentreports-5.1.2.jar!/com/aventstack/extentreports/templates/spark/partials/scripts.ftl"
2025-09-23 16:44:34 DEBUG cache - Couldn't find template in cache for "commons/commons-inject-js.ftl"("en_IN", UTF-8, parsed); will try to load it.
2025-09-23 16:44:34 DEBUG cache - TemplateLoader.findTemplateSource("commons/commons-inject-js_en_IN.ftl"): Not found
2025-09-23 16:44:34 DEBUG cache - TemplateLoader.findTemplateSource("commons/commons-inject-js_en.ftl"): Not found
2025-09-23 16:44:34 DEBUG cache - TemplateLoader.findTemplateSource("commons/commons-inject-js.ftl"): Found
2025-09-23 16:44:34 DEBUG cache - Loading template for "commons/commons-inject-js.ftl"("en_IN", UTF-8, parsed) from "jar:file:/C:/Users/Ritesh%20Kumar%20Singh/.m2/repository/com/aventstack/extentreports/5.1.2/extentreports-5.1.2.jar!/com/aventstack/extentreports/templates/commons/commons-inject-js.ftl"
2025-09-23 16:54:17 INFO  BaseTest - Driver initialized
2025-09-23 16:54:19 INFO  Listeners - simpleTextareaCheckBoxStarted
2025-09-23 16:54:30 INFO  Listeners - simpleTextareaCheckBoxPassed
2025-09-23 16:54:31 INFO  Listeners - dropDownActionsTestStarted
2025-09-23 16:54:38 INFO  Listeners - dropDownActionsTestPassed
2025-09-23 16:54:39 INFO  Listeners - scrollSwitchesStarted
2025-09-23 16:54:46 INFO  WorkingWithAPIDemos - Monitored Switch is off.Doing Switch ON
2025-09-23 16:54:49 INFO  Listeners - scrollSwitchesPassed
2025-09-23 16:54:50 INFO  Listeners - dragDropStarted
2025-09-23 16:54:59 INFO  Listeners - dragDropPassed
2025-09-23 16:55:00 INFO  Listeners - interactWithHardwareKeysStarted
2025-09-23 16:55:11 INFO  Listeners - interactWithHardwareKeysPassed
2025-09-23 16:55:12 INFO  Listeners - installAndUninstallAppsStarted
2025-09-23 16:55:20 INFO  Listeners - installAndUninstallAppsPassed
2025-09-23 16:55:20 DEBUG cache - Couldn't find template in cache for "spark/spark.spa.ftl"("en_IN", UTF-8, parsed); will try to load it.
2025-09-23 16:55:20 DEBUG cache - TemplateLoader.findTemplateSource("spark/spark.spa_en_IN.ftl"): Not found
2025-09-23 16:55:20 DEBUG cache - TemplateLoader.findTemplateSource("spark/spark.spa_en.ftl"): Not found
2025-09-23 16:55:20 DEBUG cache - TemplateLoader.findTemplateSource("spark/spark.spa.ftl"): Found
2025-09-23 16:55:20 DEBUG cache - Loading template for "spark/spark.spa.ftl"("en_IN", UTF-8, parsed) from "jar:file:/C:/Users/Ritesh%20Kumar%20Singh/.m2/repository/com/aventstack/extentreports/5.1.2/extentreports-5.1.2.jar!/com/aventstack/extentreports/templates/spark/spark.spa.ftl"
2025-09-23 16:55:20 DEBUG cache - Couldn't find template in cache for "commons/commons-variables.ftl"("en_IN", UTF-8, parsed); will try to load it.
2025-09-23 16:55:20 DEBUG cache - TemplateLoader.findTemplateSource("commons/commons-variables_en_IN.ftl"): Not found
2025-09-23 16:55:20 DEBUG cache - TemplateLoader.findTemplateSource("commons/commons-variables_en.ftl"): Not found
2025-09-23 16:55:20 DEBUG cache - TemplateLoader.findTemplateSource("commons/commons-variables.ftl"): Found
2025-09-23 16:55:20 DEBUG cache - Loading template for "commons/commons-variables.ftl"("en_IN", UTF-8, parsed) from "jar:file:/C:/Users/Ritesh%20Kumar%20Singh/.m2/repository/com/aventstack/extentreports/5.1.2/extentreports-5.1.2.jar!/com/aventstack/extentreports/templates/commons/commons-variables.ftl"
2025-09-23 16:55:20 DEBUG cache - Couldn't find template in cache for "commons/commons-macros.ftl"("en_IN", UTF-8, parsed); will try to load it.
2025-09-23 16:55:20 DEBUG cache - TemplateLoader.findTemplateSource("commons/commons-macros_en_IN.ftl"): Not found
2025-09-23 16:55:20 DEBUG cache - TemplateLoader.findTemplateSource("commons/commons-macros_en.ftl"): Not found
2025-09-23 16:55:20 DEBUG cache - TemplateLoader.findTemplateSource("commons/commons-macros.ftl"): Found
2025-09-23 16:55:20 DEBUG cache - Loading template for "commons/commons-macros.ftl"("en_IN", UTF-8, parsed) from "jar:file:/C:/Users/Ritesh%20Kumar%20Singh/.m2/repository/com/aventstack/extentreports/5.1.2/extentreports-5.1.2.jar!/com/aventstack/extentreports/templates/commons/commons-macros.ftl"
2025-09-23 16:55:20 DEBUG cache - Couldn't find template in cache for "spark/macros/attributes.ftl"("en_IN", UTF-8, parsed); will try to load it.
2025-09-23 16:55:20 DEBUG cache - TemplateLoader.findTemplateSource("spark/macros/attributes_en_IN.ftl"): Not found
2025-09-23 16:55:20 DEBUG cache - TemplateLoader.findTemplateSource("spark/macros/attributes_en.ftl"): Not found
2025-09-23 16:55:20 DEBUG cache - TemplateLoader.findTemplateSource("spark/macros/attributes.ftl"): Found
2025-09-23 16:55:20 DEBUG cache - Loading template for "spark/macros/attributes.ftl"("en_IN", UTF-8, parsed) from "jar:file:/C:/Users/Ritesh%20Kumar%20Singh/.m2/repository/com/aventstack/extentreports/5.1.2/extentreports-5.1.2.jar!/com/aventstack/extentreports/templates/spark/macros/attributes.ftl"
2025-09-23 16:55:20 DEBUG cache - Couldn't find template in cache for "spark/macros/log.ftl"("en_IN", UTF-8, parsed); will try to load it.
2025-09-23 16:55:20 DEBUG cache - TemplateLoader.findTemplateSource("spark/macros/log_en_IN.ftl"): Not found
2025-09-23 16:55:20 DEBUG cache - TemplateLoader.findTemplateSource("spark/macros/log_en.ftl"): Not found
2025-09-23 16:55:20 DEBUG cache - TemplateLoader.findTemplateSource("spark/macros/log.ftl"): Found
2025-09-23 16:55:20 DEBUG cache - Loading template for "spark/macros/log.ftl"("en_IN", UTF-8, parsed) from "jar:file:/C:/Users/Ritesh%20Kumar%20Singh/.m2/repository/com/aventstack/extentreports/5.1.2/extentreports-5.1.2.jar!/com/aventstack/extentreports/templates/spark/macros/log.ftl"
2025-09-23 16:55:20 DEBUG cache - Couldn't find template in cache for "spark/macros/recurse_nodes.ftl"("en_IN", UTF-8, parsed); will try to load it.
2025-09-23 16:55:20 DEBUG cache - TemplateLoader.findTemplateSource("spark/macros/recurse_nodes_en_IN.ftl"): Not found
2025-09-23 16:55:20 DEBUG cache - TemplateLoader.findTemplateSource("spark/macros/recurse_nodes_en.ftl"): Not found
2025-09-23 16:55:20 DEBUG cache - TemplateLoader.findTemplateSource("spark/macros/recurse_nodes.ftl"): Found
2025-09-23 16:55:20 DEBUG cache - Loading template for "spark/macros/recurse_nodes.ftl"("en_IN", UTF-8, parsed) from "jar:file:/C:/Users/Ritesh%20Kumar%20Singh/.m2/repository/com/aventstack/extentreports/5.1.2/extentreports-5.1.2.jar!/com/aventstack/extentreports/templates/spark/macros/recurse_nodes.ftl"
2025-09-23 16:55:20 DEBUG cache - "spark/macros/log.ftl"("en_IN", UTF-8, parsed) cached copy not yet stale; using cached.
2025-09-23 16:55:20 DEBUG cache - Couldn't find template in cache for "spark/macros/attr-common.ftl"("en_IN", UTF-8, parsed); will try to load it.
2025-09-23 16:55:20 DEBUG cache - TemplateLoader.findTemplateSource("spark/macros/attr-common_en_IN.ftl"): Not found
2025-09-23 16:55:20 DEBUG cache - TemplateLoader.findTemplateSource("spark/macros/attr-common_en.ftl"): Not found
2025-09-23 16:55:20 DEBUG cache - TemplateLoader.findTemplateSource("spark/macros/attr-common.ftl"): Found
2025-09-23 16:55:20 DEBUG cache - Loading template for "spark/macros/attr-common.ftl"("en_IN", UTF-8, parsed) from "jar:file:/C:/Users/Ritesh%20Kumar%20Singh/.m2/repository/com/aventstack/extentreports/5.1.2/extentreports-5.1.2.jar!/com/aventstack/extentreports/templates/spark/macros/attr-common.ftl"
2025-09-23 16:55:20 DEBUG cache - Couldn't find template in cache for "spark/partials/head.ftl"("en_IN", UTF-8, parsed); will try to load it.
2025-09-23 16:55:20 DEBUG cache - TemplateLoader.findTemplateSource("spark/partials/head_en_IN.ftl"): Not found
2025-09-23 16:55:20 DEBUG cache - TemplateLoader.findTemplateSource("spark/partials/head_en.ftl"): Not found
2025-09-23 16:55:20 DEBUG cache - TemplateLoader.findTemplateSource("spark/partials/head.ftl"): Found
2025-09-23 16:55:20 DEBUG cache - Loading template for "spark/partials/head.ftl"("en_IN", UTF-8, parsed) from "jar:file:/C:/Users/Ritesh%20Kumar%20Singh/.m2/repository/com/aventstack/extentreports/5.1.2/extentreports-5.1.2.jar!/com/aventstack/extentreports/templates/spark/partials/head.ftl"
2025-09-23 16:55:20 DEBUG cache - Couldn't find template in cache for "commons/commons-inject-css.ftl"("en_IN", UTF-8, parsed); will try to load it.
2025-09-23 16:55:20 DEBUG cache - TemplateLoader.findTemplateSource("commons/commons-inject-css_en_IN.ftl"): Not found
2025-09-23 16:55:20 DEBUG cache - TemplateLoader.findTemplateSource("commons/commons-inject-css_en.ftl"): Not found
2025-09-23 16:55:20 DEBUG cache - TemplateLoader.findTemplateSource("commons/commons-inject-css.ftl"): Found
2025-09-23 16:55:20 DEBUG cache - Loading template for "commons/commons-inject-css.ftl"("en_IN", UTF-8, parsed) from "jar:file:/C:/Users/Ritesh%20Kumar%20Singh/.m2/repository/com/aventstack/extentreports/5.1.2/extentreports-5.1.2.jar!/com/aventstack/extentreports/templates/commons/commons-inject-css.ftl"
2025-09-23 16:55:20 DEBUG cache - Couldn't find template in cache for "spark/partials/navbar.ftl"("en_IN", UTF-8, parsed); will try to load it.
2025-09-23 16:55:20 DEBUG cache - TemplateLoader.findTemplateSource("spark/partials/navbar_en_IN.ftl"): Not found
2025-09-23 16:55:20 DEBUG cache - TemplateLoader.findTemplateSource("spark/partials/navbar_en.ftl"): Not found
2025-09-23 16:55:20 DEBUG cache - TemplateLoader.findTemplateSource("spark/partials/navbar.ftl"): Found
2025-09-23 16:55:20 DEBUG cache - Loading template for "spark/partials/navbar.ftl"("en_IN", UTF-8, parsed) from "jar:file:/C:/Users/Ritesh%20Kumar%20Singh/.m2/repository/com/aventstack/extentreports/5.1.2/extentreports-5.1.2.jar!/com/aventstack/extentreports/templates/spark/partials/navbar.ftl"
2025-09-23 16:55:20 DEBUG cache - Couldn't find template in cache for "spark/partials/sidenav.ftl"("en_IN", UTF-8, parsed); will try to load it.
2025-09-23 16:55:20 DEBUG cache - TemplateLoader.findTemplateSource("spark/partials/sidenav_en_IN.ftl"): Not found
2025-09-23 16:55:20 DEBUG cache - TemplateLoader.findTemplateSource("spark/partials/sidenav_en.ftl"): Not found
2025-09-23 16:55:20 DEBUG cache - TemplateLoader.findTemplateSource("spark/partials/sidenav.ftl"): Found
2025-09-23 16:55:20 DEBUG cache - Loading template for "spark/partials/sidenav.ftl"("en_IN", UTF-8, parsed) from "jar:file:/C:/Users/Ritesh%20Kumar%20Singh/.m2/repository/com/aventstack/extentreports/5.1.2/extentreports-5.1.2.jar!/com/aventstack/extentreports/templates/spark/partials/sidenav.ftl"
2025-09-23 16:55:20 DEBUG cache - Couldn't find template in cache for "spark/partials/test.ftl"("en_IN", UTF-8, parsed); will try to load it.
2025-09-23 16:55:20 DEBUG cache - TemplateLoader.findTemplateSource("spark/partials/test_en_IN.ftl"): Not found
2025-09-23 16:55:20 DEBUG cache - TemplateLoader.findTemplateSource("spark/partials/test_en.ftl"): Not found
2025-09-23 16:55:20 DEBUG cache - TemplateLoader.findTemplateSource("spark/partials/test.ftl"): Found
2025-09-23 16:55:20 DEBUG cache - Loading template for "spark/partials/test.ftl"("en_IN", UTF-8, parsed) from "jar:file:/C:/Users/Ritesh%20Kumar%20Singh/.m2/repository/com/aventstack/extentreports/5.1.2/extentreports-5.1.2.jar!/com/aventstack/extentreports/templates/spark/partials/test.ftl"
2025-09-23 16:55:20 DEBUG cache - Couldn't find template in cache for "spark/partials/standard-content.ftl"("en_IN", UTF-8, parsed); will try to load it.
2025-09-23 16:55:20 DEBUG cache - TemplateLoader.findTemplateSource("spark/partials/standard-content_en_IN.ftl"): Not found
2025-09-23 16:55:20 DEBUG cache - TemplateLoader.findTemplateSource("spark/partials/standard-content_en.ftl"): Not found
2025-09-23 16:55:20 DEBUG cache - TemplateLoader.findTemplateSource("spark/partials/standard-content.ftl"): Found
2025-09-23 16:55:20 DEBUG cache - Loading template for "spark/partials/standard-content.ftl"("en_IN", UTF-8, parsed) from "jar:file:/C:/Users/Ritesh%20Kumar%20Singh/.m2/repository/com/aventstack/extentreports/5.1.2/extentreports-5.1.2.jar!/com/aventstack/extentreports/templates/spark/partials/standard-content.ftl"
2025-09-23 16:55:20 DEBUG cache - "spark/partials/standard-content.ftl"("en_IN", UTF-8, parsed) cached copy not yet stale; using cached.
2025-09-23 16:55:20 DEBUG cache - "spark/partials/standard-content.ftl"("en_IN", UTF-8, parsed) cached copy not yet stale; using cached.
2025-09-23 16:55:20 DEBUG cache - "spark/partials/standard-content.ftl"("en_IN", UTF-8, parsed) cached copy not yet stale; using cached.
2025-09-23 16:55:20 DEBUG cache - "spark/partials/standard-content.ftl"("en_IN", UTF-8, parsed) cached copy not yet stale; using cached.
2025-09-23 16:55:20 DEBUG cache - "spark/partials/standard-content.ftl"("en_IN", UTF-8, parsed) cached copy not yet stale; using cached.
2025-09-23 16:55:20 DEBUG cache - Couldn't find template in cache for "spark/partials/exception.ftl"("en_IN", UTF-8, parsed); will try to load it.
2025-09-23 16:55:20 DEBUG cache - TemplateLoader.findTemplateSource("spark/partials/exception_en_IN.ftl"): Not found
2025-09-23 16:55:20 DEBUG cache - TemplateLoader.findTemplateSource("spark/partials/exception_en.ftl"): Not found
2025-09-23 16:55:20 DEBUG cache - TemplateLoader.findTemplateSource("spark/partials/exception.ftl"): Found
2025-09-23 16:55:20 DEBUG cache - Loading template for "spark/partials/exception.ftl"("en_IN", UTF-8, parsed) from "jar:file:/C:/Users/Ritesh%20Kumar%20Singh/.m2/repository/com/aventstack/extentreports/5.1.2/extentreports-5.1.2.jar!/com/aventstack/extentreports/templates/spark/partials/exception.ftl"
2025-09-23 16:55:20 DEBUG cache - Couldn't find template in cache for "spark/partials/category.ftl"("en_IN", UTF-8, parsed); will try to load it.
2025-09-23 16:55:20 DEBUG cache - TemplateLoader.findTemplateSource("spark/partials/category_en_IN.ftl"): Not found
2025-09-23 16:55:20 DEBUG cache - TemplateLoader.findTemplateSource("spark/partials/category_en.ftl"): Not found
2025-09-23 16:55:20 DEBUG cache - TemplateLoader.findTemplateSource("spark/partials/category.ftl"): Found
2025-09-23 16:55:20 DEBUG cache - Loading template for "spark/partials/category.ftl"("en_IN", UTF-8, parsed) from "jar:file:/C:/Users/Ritesh%20Kumar%20Singh/.m2/repository/com/aventstack/extentreports/5.1.2/extentreports-5.1.2.jar!/com/aventstack/extentreports/templates/spark/partials/category.ftl"
2025-09-23 16:55:20 DEBUG cache - Couldn't find template in cache for "spark/partials/device.ftl"("en_IN", UTF-8, parsed); will try to load it.
2025-09-23 16:55:20 DEBUG cache - TemplateLoader.findTemplateSource("spark/partials/device_en_IN.ftl"): Not found
2025-09-23 16:55:20 DEBUG cache - TemplateLoader.findTemplateSource("spark/partials/device_en.ftl"): Not found
2025-09-23 16:55:20 DEBUG cache - TemplateLoader.findTemplateSource("spark/partials/device.ftl"): Found
2025-09-23 16:55:20 DEBUG cache - Loading template for "spark/partials/device.ftl"("en_IN", UTF-8, parsed) from "jar:file:/C:/Users/Ritesh%20Kumar%20Singh/.m2/repository/com/aventstack/extentreports/5.1.2/extentreports-5.1.2.jar!/com/aventstack/extentreports/templates/spark/partials/device.ftl"
2025-09-23 16:55:20 DEBUG cache - Couldn't find template in cache for "spark/partials/author.ftl"("en_IN", UTF-8, parsed); will try to load it.
2025-09-23 16:55:20 DEBUG cache - TemplateLoader.findTemplateSource("spark/partials/author_en_IN.ftl"): Not found
2025-09-23 16:55:20 DEBUG cache - TemplateLoader.findTemplateSource("spark/partials/author_en.ftl"): Not found
2025-09-23 16:55:20 DEBUG cache - TemplateLoader.findTemplateSource("spark/partials/author.ftl"): Found
2025-09-23 16:55:20 DEBUG cache - Loading template for "spark/partials/author.ftl"("en_IN", UTF-8, parsed) from "jar:file:/C:/Users/Ritesh%20Kumar%20Singh/.m2/repository/com/aventstack/extentreports/5.1.2/extentreports-5.1.2.jar!/com/aventstack/extentreports/templates/spark/partials/author.ftl"
2025-09-23 16:55:20 DEBUG cache - Couldn't find template in cache for "spark/partials/log.ftl"("en_IN", UTF-8, parsed); will try to load it.
2025-09-23 16:55:20 DEBUG cache - TemplateLoader.findTemplateSource("spark/partials/log_en_IN.ftl"): Not found
2025-09-23 16:55:20 DEBUG cache - TemplateLoader.findTemplateSource("spark/partials/log_en.ftl"): Not found
2025-09-23 16:55:20 DEBUG cache - TemplateLoader.findTemplateSource("spark/partials/log.ftl"): Found
2025-09-23 16:55:20 DEBUG cache - Loading template for "spark/partials/log.ftl"("en_IN", UTF-8, parsed) from "jar:file:/C:/Users/Ritesh%20Kumar%20Singh/.m2/repository/com/aventstack/extentreports/5.1.2/extentreports-5.1.2.jar!/com/aventstack/extentreports/templates/spark/partials/log.ftl"
2025-09-23 16:55:20 DEBUG cache - Couldn't find template in cache for "spark/partials/dashboard.ftl"("en_IN", UTF-8, parsed); will try to load it.
2025-09-23 16:55:20 DEBUG cache - TemplateLoader.findTemplateSource("spark/partials/dashboard_en_IN.ftl"): Not found
2025-09-23 16:55:20 DEBUG cache - TemplateLoader.findTemplateSource("spark/partials/dashboard_en.ftl"): Not found
2025-09-23 16:55:20 DEBUG cache - TemplateLoader.findTemplateSource("spark/partials/dashboard.ftl"): Found
2025-09-23 16:55:20 DEBUG cache - Loading template for "spark/partials/dashboard.ftl"("en_IN", UTF-8, parsed) from "jar:file:/C:/Users/Ritesh%20Kumar%20Singh/.m2/repository/com/aventstack/extentreports/5.1.2/extentreports-5.1.2.jar!/com/aventstack/extentreports/templates/spark/partials/dashboard.ftl"
2025-09-23 16:55:20 DEBUG cache - Couldn't find template in cache for "spark/partials/scripts.ftl"("en_IN", UTF-8, parsed); will try to load it.
2025-09-23 16:55:20 DEBUG cache - TemplateLoader.findTemplateSource("spark/partials/scripts_en_IN.ftl"): Not found
2025-09-23 16:55:20 DEBUG cache - TemplateLoader.findTemplateSource("spark/partials/scripts_en.ftl"): Not found
2025-09-23 16:55:20 DEBUG cache - TemplateLoader.findTemplateSource("spark/partials/scripts.ftl"): Found
2025-09-23 16:55:20 DEBUG cache - Loading template for "spark/partials/scripts.ftl"("en_IN", UTF-8, parsed) from "jar:file:/C:/Users/Ritesh%20Kumar%20Singh/.m2/repository/com/aventstack/extentreports/5.1.2/extentreports-5.1.2.jar!/com/aventstack/extentreports/templates/spark/partials/scripts.ftl"
2025-09-23 16:55:20 DEBUG cache - Couldn't find template in cache for "commons/commons-inject-js.ftl"("en_IN", UTF-8, parsed); will try to load it.
2025-09-23 16:55:20 DEBUG cache - TemplateLoader.findTemplateSource("commons/commons-inject-js_en_IN.ftl"): Not found
2025-09-23 16:55:20 DEBUG cache - TemplateLoader.findTemplateSource("commons/commons-inject-js_en.ftl"): Not found
2025-09-23 16:55:20 DEBUG cache - TemplateLoader.findTemplateSource("commons/commons-inject-js.ftl"): Found
2025-09-23 16:55:20 DEBUG cache - Loading template for "commons/commons-inject-js.ftl"("en_IN", UTF-8, parsed) from "jar:file:/C:/Users/Ritesh%20Kumar%20Singh/.m2/repository/com/aventstack/extentreports/5.1.2/extentreports-5.1.2.jar!/com/aventstack/extentreports/templates/commons/commons-inject-js.ftl"
2025-09-23 17:24:38 INFO  BaseTest - Driver initialized
2025-09-23 17:24:40 INFO  Listeners - simpleTextareaCheckBoxStarted
2025-09-23 17:24:40 INFO  Listeners - simpleTextareaCheckBoxSkipped
2025-09-23 17:24:42 INFO  Listeners - dropDownActionsTestStarted
2025-09-23 17:24:42 INFO  Listeners - dropDownActionsTestSkipped
2025-09-23 17:24:44 INFO  Listeners - scrollSwitchesStarted
2025-09-23 17:24:44 INFO  Listeners - scrollSwitchesSkipped
2025-09-23 17:24:46 INFO  Listeners - dragDropStarted
2025-09-23 17:24:46 INFO  Listeners - dragDropSkipped
2025-09-23 17:24:48 INFO  Listeners - interactWithHardwareKeysStarted
2025-09-23 17:24:48 INFO  Listeners - interactWithHardwareKeysSkipped
2025-09-23 17:24:50 INFO  Listeners - installAndUninstallAppsStarted
2025-09-23 17:24:50 INFO  Listeners - installAndUninstallAppsSkipped
2025-09-23 17:24:51 DEBUG cache - Couldn't find template in cache for "spark/spark.spa.ftl"("en_IN", UTF-8, parsed); will try to load it.
2025-09-23 17:24:51 DEBUG cache - TemplateLoader.findTemplateSource("spark/spark.spa_en_IN.ftl"): Not found
2025-09-23 17:24:51 DEBUG cache - TemplateLoader.findTemplateSource("spark/spark.spa_en.ftl"): Not found
2025-09-23 17:24:51 DEBUG cache - TemplateLoader.findTemplateSource("spark/spark.spa.ftl"): Found
2025-09-23 17:24:51 DEBUG cache - Loading template for "spark/spark.spa.ftl"("en_IN", UTF-8, parsed) from "jar:file:/C:/Users/Ritesh%20Kumar%20Singh/.m2/repository/com/aventstack/extentreports/5.1.2/extentreports-5.1.2.jar!/com/aventstack/extentreports/templates/spark/spark.spa.ftl"
2025-09-23 17:24:51 DEBUG cache - Couldn't find template in cache for "commons/commons-variables.ftl"("en_IN", UTF-8, parsed); will try to load it.
2025-09-23 17:24:51 DEBUG cache - TemplateLoader.findTemplateSource("commons/commons-variables_en_IN.ftl"): Not found
2025-09-23 17:24:51 DEBUG cache - TemplateLoader.findTemplateSource("commons/commons-variables_en.ftl"): Not found
2025-09-23 17:24:51 DEBUG cache - TemplateLoader.findTemplateSource("commons/commons-variables.ftl"): Found
2025-09-23 17:24:51 DEBUG cache - Loading template for "commons/commons-variables.ftl"("en_IN", UTF-8, parsed) from "jar:file:/C:/Users/Ritesh%20Kumar%20Singh/.m2/repository/com/aventstack/extentreports/5.1.2/extentreports-5.1.2.jar!/com/aventstack/extentreports/templates/commons/commons-variables.ftl"
2025-09-23 17:24:52 DEBUG cache - Couldn't find template in cache for "commons/commons-macros.ftl"("en_IN", UTF-8, parsed); will try to load it.
2025-09-23 17:24:52 DEBUG cache - TemplateLoader.findTemplateSource("commons/commons-macros_en_IN.ftl"): Not found
2025-09-23 17:24:52 DEBUG cache - TemplateLoader.findTemplateSource("commons/commons-macros_en.ftl"): Not found
2025-09-23 17:24:52 DEBUG cache - TemplateLoader.findTemplateSource("commons/commons-macros.ftl"): Found
2025-09-23 17:24:52 DEBUG cache - Loading template for "commons/commons-macros.ftl"("en_IN", UTF-8, parsed) from "jar:file:/C:/Users/Ritesh%20Kumar%20Singh/.m2/repository/com/aventstack/extentreports/5.1.2/extentreports-5.1.2.jar!/com/aventstack/extentreports/templates/commons/commons-macros.ftl"
2025-09-23 17:24:52 DEBUG cache - Couldn't find template in cache for "spark/macros/attributes.ftl"("en_IN", UTF-8, parsed); will try to load it.
2025-09-23 17:24:52 DEBUG cache - TemplateLoader.findTemplateSource("spark/macros/attributes_en_IN.ftl"): Not found
2025-09-23 17:24:52 DEBUG cache - TemplateLoader.findTemplateSource("spark/macros/attributes_en.ftl"): Not found
2025-09-23 17:24:52 DEBUG cache - TemplateLoader.findTemplateSource("spark/macros/attributes.ftl"): Found
2025-09-23 17:24:52 DEBUG cache - Loading template for "spark/macros/attributes.ftl"("en_IN", UTF-8, parsed) from "jar:file:/C:/Users/Ritesh%20Kumar%20Singh/.m2/repository/com/aventstack/extentreports/5.1.2/extentreports-5.1.2.jar!/com/aventstack/extentreports/templates/spark/macros/attributes.ftl"
2025-09-23 17:24:52 DEBUG cache - Couldn't find template in cache for "spark/macros/log.ftl"("en_IN", UTF-8, parsed); will try to load it.
2025-09-23 17:24:52 DEBUG cache - TemplateLoader.findTemplateSource("spark/macros/log_en_IN.ftl"): Not found
2025-09-23 17:24:52 DEBUG cache - TemplateLoader.findTemplateSource("spark/macros/log_en.ftl"): Not found
2025-09-23 17:24:52 DEBUG cache - TemplateLoader.findTemplateSource("spark/macros/log.ftl"): Found
2025-09-23 17:24:52 DEBUG cache - Loading template for "spark/macros/log.ftl"("en_IN", UTF-8, parsed) from "jar:file:/C:/Users/Ritesh%20Kumar%20Singh/.m2/repository/com/aventstack/extentreports/5.1.2/extentreports-5.1.2.jar!/com/aventstack/extentreports/templates/spark/macros/log.ftl"
2025-09-23 17:24:52 DEBUG cache - Couldn't find template in cache for "spark/macros/recurse_nodes.ftl"("en_IN", UTF-8, parsed); will try to load it.
2025-09-23 17:24:52 DEBUG cache - TemplateLoader.findTemplateSource("spark/macros/recurse_nodes_en_IN.ftl"): Not found
2025-09-23 17:24:52 DEBUG cache - TemplateLoader.findTemplateSource("spark/macros/recurse_nodes_en.ftl"): Not found
2025-09-23 17:24:52 DEBUG cache - TemplateLoader.findTemplateSource("spark/macros/recurse_nodes.ftl"): Found
2025-09-23 17:24:52 DEBUG cache - Loading template for "spark/macros/recurse_nodes.ftl"("en_IN", UTF-8, parsed) from "jar:file:/C:/Users/Ritesh%20Kumar%20Singh/.m2/repository/com/aventstack/extentreports/5.1.2/extentreports-5.1.2.jar!/com/aventstack/extentreports/templates/spark/macros/recurse_nodes.ftl"
2025-09-23 17:24:52 DEBUG cache - "spark/macros/log.ftl"("en_IN", UTF-8, parsed) cached copy not yet stale; using cached.
2025-09-23 17:24:52 DEBUG cache - Couldn't find template in cache for "spark/macros/attr-common.ftl"("en_IN", UTF-8, parsed); will try to load it.
2025-09-23 17:24:52 DEBUG cache - TemplateLoader.findTemplateSource("spark/macros/attr-common_en_IN.ftl"): Not found
2025-09-23 17:24:52 DEBUG cache - TemplateLoader.findTemplateSource("spark/macros/attr-common_en.ftl"): Not found
2025-09-23 17:24:52 DEBUG cache - TemplateLoader.findTemplateSource("spark/macros/attr-common.ftl"): Found
2025-09-23 17:24:52 DEBUG cache - Loading template for "spark/macros/attr-common.ftl"("en_IN", UTF-8, parsed) from "jar:file:/C:/Users/Ritesh%20Kumar%20Singh/.m2/repository/com/aventstack/extentreports/5.1.2/extentreports-5.1.2.jar!/com/aventstack/extentreports/templates/spark/macros/attr-common.ftl"
2025-09-23 17:24:52 DEBUG cache - Couldn't find template in cache for "spark/partials/head.ftl"("en_IN", UTF-8, parsed); will try to load it.
2025-09-23 17:24:52 DEBUG cache - TemplateLoader.findTemplateSource("spark/partials/head_en_IN.ftl"): Not found
2025-09-23 17:24:52 DEBUG cache - TemplateLoader.findTemplateSource("spark/partials/head_en.ftl"): Not found
2025-09-23 17:24:52 DEBUG cache - TemplateLoader.findTemplateSource("spark/partials/head.ftl"): Found
2025-09-23 17:24:52 DEBUG cache - Loading template for "spark/partials/head.ftl"("en_IN", UTF-8, parsed) from "jar:file:/C:/Users/Ritesh%20Kumar%20Singh/.m2/repository/com/aventstack/extentreports/5.1.2/extentreports-5.1.2.jar!/com/aventstack/extentreports/templates/spark/partials/head.ftl"
2025-09-23 17:24:52 DEBUG cache - Couldn't find template in cache for "commons/commons-inject-css.ftl"("en_IN", UTF-8, parsed); will try to load it.
2025-09-23 17:24:52 DEBUG cache - TemplateLoader.findTemplateSource("commons/commons-inject-css_en_IN.ftl"): Not found
2025-09-23 17:24:52 DEBUG cache - TemplateLoader.findTemplateSource("commons/commons-inject-css_en.ftl"): Not found
2025-09-23 17:24:52 DEBUG cache - TemplateLoader.findTemplateSource("commons/commons-inject-css.ftl"): Found
2025-09-23 17:24:52 DEBUG cache - Loading template for "commons/commons-inject-css.ftl"("en_IN", UTF-8, parsed) from "jar:file:/C:/Users/Ritesh%20Kumar%20Singh/.m2/repository/com/aventstack/extentreports/5.1.2/extentreports-5.1.2.jar!/com/aventstack/extentreports/templates/commons/commons-inject-css.ftl"
2025-09-23 17:24:52 DEBUG cache - Couldn't find template in cache for "spark/partials/navbar.ftl"("en_IN", UTF-8, parsed); will try to load it.
2025-09-23 17:24:52 DEBUG cache - TemplateLoader.findTemplateSource("spark/partials/navbar_en_IN.ftl"): Not found
2025-09-23 17:24:52 DEBUG cache - TemplateLoader.findTemplateSource("spark/partials/navbar_en.ftl"): Not found
2025-09-23 17:24:52 DEBUG cache - TemplateLoader.findTemplateSource("spark/partials/navbar.ftl"): Found
2025-09-23 17:24:52 DEBUG cache - Loading template for "spark/partials/navbar.ftl"("en_IN", UTF-8, parsed) from "jar:file:/C:/Users/Ritesh%20Kumar%20Singh/.m2/repository/com/aventstack/extentreports/5.1.2/extentreports-5.1.2.jar!/com/aventstack/extentreports/templates/spark/partials/navbar.ftl"
2025-09-23 17:24:52 DEBUG cache - Couldn't find template in cache for "spark/partials/sidenav.ftl"("en_IN", UTF-8, parsed); will try to load it.
2025-09-23 17:24:52 DEBUG cache - TemplateLoader.findTemplateSource("spark/partials/sidenav_en_IN.ftl"): Not found
2025-09-23 17:24:52 DEBUG cache - TemplateLoader.findTemplateSource("spark/partials/sidenav_en.ftl"): Not found
2025-09-23 17:24:52 DEBUG cache - TemplateLoader.findTemplateSource("spark/partials/sidenav.ftl"): Found
2025-09-23 17:24:52 DEBUG cache - Loading template for "spark/partials/sidenav.ftl"("en_IN", UTF-8, parsed) from "jar:file:/C:/Users/Ritesh%20Kumar%20Singh/.m2/repository/com/aventstack/extentreports/5.1.2/extentreports-5.1.2.jar!/com/aventstack/extentreports/templates/spark/partials/sidenav.ftl"
2025-09-23 17:24:52 DEBUG cache - Couldn't find template in cache for "spark/partials/test.ftl"("en_IN", UTF-8, parsed); will try to load it.
2025-09-23 17:24:52 DEBUG cache - TemplateLoader.findTemplateSource("spark/partials/test_en_IN.ftl"): Not found
2025-09-23 17:24:52 DEBUG cache - TemplateLoader.findTemplateSource("spark/partials/test_en.ftl"): Not found
2025-09-23 17:24:52 DEBUG cache - TemplateLoader.findTemplateSource("spark/partials/test.ftl"): Found
2025-09-23 17:24:52 DEBUG cache - Loading template for "spark/partials/test.ftl"("en_IN", UTF-8, parsed) from "jar:file:/C:/Users/Ritesh%20Kumar%20Singh/.m2/repository/com/aventstack/extentreports/5.1.2/extentreports-5.1.2.jar!/com/aventstack/extentreports/templates/spark/partials/test.ftl"
2025-09-23 17:24:52 DEBUG cache - Couldn't find template in cache for "spark/partials/standard-content.ftl"("en_IN", UTF-8, parsed); will try to load it.
2025-09-23 17:24:52 DEBUG cache - TemplateLoader.findTemplateSource("spark/partials/standard-content_en_IN.ftl"): Not found
2025-09-23 17:24:52 DEBUG cache - TemplateLoader.findTemplateSource("spark/partials/standard-content_en.ftl"): Not found
2025-09-23 17:24:52 DEBUG cache - TemplateLoader.findTemplateSource("spark/partials/standard-content.ftl"): Found
2025-09-23 17:24:52 DEBUG cache - Loading template for "spark/partials/standard-content.ftl"("en_IN", UTF-8, parsed) from "jar:file:/C:/Users/Ritesh%20Kumar%20Singh/.m2/repository/com/aventstack/extentreports/5.1.2/extentreports-5.1.2.jar!/com/aventstack/extentreports/templates/spark/partials/standard-content.ftl"
2025-09-23 17:24:52 DEBUG cache - "spark/partials/standard-content.ftl"("en_IN", UTF-8, parsed) cached copy not yet stale; using cached.
2025-09-23 17:24:52 DEBUG cache - "spark/partials/standard-content.ftl"("en_IN", UTF-8, parsed) cached copy not yet stale; using cached.
2025-09-23 17:24:52 DEBUG cache - "spark/partials/standard-content.ftl"("en_IN", UTF-8, parsed) cached copy not yet stale; using cached.
2025-09-23 17:24:52 DEBUG cache - "spark/partials/standard-content.ftl"("en_IN", UTF-8, parsed) cached copy not yet stale; using cached.
2025-09-23 17:24:52 DEBUG cache - "spark/partials/standard-content.ftl"("en_IN", UTF-8, parsed) cached copy not yet stale; using cached.
2025-09-23 17:24:52 DEBUG cache - Couldn't find template in cache for "spark/partials/exception.ftl"("en_IN", UTF-8, parsed); will try to load it.
2025-09-23 17:24:52 DEBUG cache - TemplateLoader.findTemplateSource("spark/partials/exception_en_IN.ftl"): Not found
2025-09-23 17:24:52 DEBUG cache - TemplateLoader.findTemplateSource("spark/partials/exception_en.ftl"): Not found
2025-09-23 17:24:52 DEBUG cache - TemplateLoader.findTemplateSource("spark/partials/exception.ftl"): Found
2025-09-23 17:24:52 DEBUG cache - Loading template for "spark/partials/exception.ftl"("en_IN", UTF-8, parsed) from "jar:file:/C:/Users/Ritesh%20Kumar%20Singh/.m2/repository/com/aventstack/extentreports/5.1.2/extentreports-5.1.2.jar!/com/aventstack/extentreports/templates/spark/partials/exception.ftl"
2025-09-23 17:24:52 DEBUG cache - Couldn't find template in cache for "spark/partials/category.ftl"("en_IN", UTF-8, parsed); will try to load it.
2025-09-23 17:24:52 DEBUG cache - TemplateLoader.findTemplateSource("spark/partials/category_en_IN.ftl"): Not found
2025-09-23 17:24:52 DEBUG cache - TemplateLoader.findTemplateSource("spark/partials/category_en.ftl"): Not found
2025-09-23 17:24:52 DEBUG cache - TemplateLoader.findTemplateSource("spark/partials/category.ftl"): Found
2025-09-23 17:24:52 DEBUG cache - Loading template for "spark/partials/category.ftl"("en_IN", UTF-8, parsed) from "jar:file:/C:/Users/Ritesh%20Kumar%20Singh/.m2/repository/com/aventstack/extentreports/5.1.2/extentreports-5.1.2.jar!/com/aventstack/extentreports/templates/spark/partials/category.ftl"
2025-09-23 17:24:52 DEBUG cache - Couldn't find template in cache for "spark/partials/device.ftl"("en_IN", UTF-8, parsed); will try to load it.
2025-09-23 17:24:52 DEBUG cache - TemplateLoader.findTemplateSource("spark/partials/device_en_IN.ftl"): Not found
2025-09-23 17:24:52 DEBUG cache - TemplateLoader.findTemplateSource("spark/partials/device_en.ftl"): Not found
2025-09-23 17:24:52 DEBUG cache - TemplateLoader.findTemplateSource("spark/partials/device.ftl"): Found
2025-09-23 17:24:52 DEBUG cache - Loading template for "spark/partials/device.ftl"("en_IN", UTF-8, parsed) from "jar:file:/C:/Users/Ritesh%20Kumar%20Singh/.m2/repository/com/aventstack/extentreports/5.1.2/extentreports-5.1.2.jar!/com/aventstack/extentreports/templates/spark/partials/device.ftl"
2025-09-23 17:24:52 DEBUG cache - Couldn't find template in cache for "spark/partials/author.ftl"("en_IN", UTF-8, parsed); will try to load it.
2025-09-23 17:24:52 DEBUG cache - TemplateLoader.findTemplateSource("spark/partials/author_en_IN.ftl"): Not found
2025-09-23 17:24:52 DEBUG cache - TemplateLoader.findTemplateSource("spark/partials/author_en.ftl"): Not found
2025-09-23 17:24:52 DEBUG cache - TemplateLoader.findTemplateSource("spark/partials/author.ftl"): Found
2025-09-23 17:24:52 DEBUG cache - Loading template for "spark/partials/author.ftl"("en_IN", UTF-8, parsed) from "jar:file:/C:/Users/Ritesh%20Kumar%20Singh/.m2/repository/com/aventstack/extentreports/5.1.2/extentreports-5.1.2.jar!/com/aventstack/extentreports/templates/spark/partials/author.ftl"
2025-09-23 17:24:52 DEBUG cache - Couldn't find template in cache for "spark/partials/log.ftl"("en_IN", UTF-8, parsed); will try to load it.
2025-09-23 17:24:52 DEBUG cache - TemplateLoader.findTemplateSource("spark/partials/log_en_IN.ftl"): Not found
2025-09-23 17:24:52 DEBUG cache - TemplateLoader.findTemplateSource("spark/partials/log_en.ftl"): Not found
2025-09-23 17:24:52 DEBUG cache - TemplateLoader.findTemplateSource("spark/partials/log.ftl"): Found
2025-09-23 17:24:52 DEBUG cache - Loading template for "spark/partials/log.ftl"("en_IN", UTF-8, parsed) from "jar:file:/C:/Users/Ritesh%20Kumar%20Singh/.m2/repository/com/aventstack/extentreports/5.1.2/extentreports-5.1.2.jar!/com/aventstack/extentreports/templates/spark/partials/log.ftl"
2025-09-23 17:24:52 DEBUG cache - Couldn't find template in cache for "spark/partials/dashboard.ftl"("en_IN", UTF-8, parsed); will try to load it.
2025-09-23 17:24:52 DEBUG cache - TemplateLoader.findTemplateSource("spark/partials/dashboard_en_IN.ftl"): Not found
2025-09-23 17:24:52 DEBUG cache - TemplateLoader.findTemplateSource("spark/partials/dashboard_en.ftl"): Not found
2025-09-23 17:24:52 DEBUG cache - TemplateLoader.findTemplateSource("spark/partials/dashboard.ftl"): Found
2025-09-23 17:24:52 DEBUG cache - Loading template for "spark/partials/dashboard.ftl"("en_IN", UTF-8, parsed) from "jar:file:/C:/Users/Ritesh%20Kumar%20Singh/.m2/repository/com/aventstack/extentreports/5.1.2/extentreports-5.1.2.jar!/com/aventstack/extentreports/templates/spark/partials/dashboard.ftl"
2025-09-23 17:24:52 DEBUG cache - Couldn't find template in cache for "spark/partials/scripts.ftl"("en_IN", UTF-8, parsed); will try to load it.
2025-09-23 17:24:52 DEBUG cache - TemplateLoader.findTemplateSource("spark/partials/scripts_en_IN.ftl"): Not found
2025-09-23 17:24:52 DEBUG cache - TemplateLoader.findTemplateSource("spark/partials/scripts_en.ftl"): Not found
2025-09-23 17:24:52 DEBUG cache - TemplateLoader.findTemplateSource("spark/partials/scripts.ftl"): Found
2025-09-23 17:24:52 DEBUG cache - Loading template for "spark/partials/scripts.ftl"("en_IN", UTF-8, parsed) from "jar:file:/C:/Users/Ritesh%20Kumar%20Singh/.m2/repository/com/aventstack/extentreports/5.1.2/extentreports-5.1.2.jar!/com/aventstack/extentreports/templates/spark/partials/scripts.ftl"
2025-09-23 17:24:52 DEBUG cache - Couldn't find template in cache for "commons/commons-inject-js.ftl"("en_IN", UTF-8, parsed); will try to load it.
2025-09-23 17:24:52 DEBUG cache - TemplateLoader.findTemplateSource("commons/commons-inject-js_en_IN.ftl"): Not found
2025-09-23 17:24:52 DEBUG cache - TemplateLoader.findTemplateSource("commons/commons-inject-js_en.ftl"): Not found
2025-09-23 17:24:52 DEBUG cache - TemplateLoader.findTemplateSource("commons/commons-inject-js.ftl"): Found
2025-09-23 17:24:52 DEBUG cache - Loading template for "commons/commons-inject-js.ftl"("en_IN", UTF-8, parsed) from "jar:file:/C:/Users/Ritesh%20Kumar%20Singh/.m2/repository/com/aventstack/extentreports/5.1.2/extentreports-5.1.2.jar!/com/aventstack/extentreports/templates/commons/commons-inject-js.ftl"
2025-09-23 17:27:02 DEBUG cache - Couldn't find template in cache for "spark/spark.spa.ftl"("en_IN", UTF-8, parsed); will try to load it.
2025-09-23 17:27:02 DEBUG cache - TemplateLoader.findTemplateSource("spark/spark.spa_en_IN.ftl"): Not found
2025-09-23 17:27:02 DEBUG cache - TemplateLoader.findTemplateSource("spark/spark.spa_en.ftl"): Not found
2025-09-23 17:27:02 DEBUG cache - TemplateLoader.findTemplateSource("spark/spark.spa.ftl"): Found
2025-09-23 17:27:02 DEBUG cache - Loading template for "spark/spark.spa.ftl"("en_IN", UTF-8, parsed) from "jar:file:/C:/Users/Ritesh%20Kumar%20Singh/.m2/repository/com/aventstack/extentreports/5.1.2/extentreports-5.1.2.jar!/com/aventstack/extentreports/templates/spark/spark.spa.ftl"
2025-09-23 17:27:02 DEBUG cache - Couldn't find template in cache for "commons/commons-variables.ftl"("en_IN", UTF-8, parsed); will try to load it.
2025-09-23 17:27:02 DEBUG cache - TemplateLoader.findTemplateSource("commons/commons-variables_en_IN.ftl"): Not found
2025-09-23 17:27:02 DEBUG cache - TemplateLoader.findTemplateSource("commons/commons-variables_en.ftl"): Not found
2025-09-23 17:27:02 DEBUG cache - TemplateLoader.findTemplateSource("commons/commons-variables.ftl"): Found
2025-09-23 17:27:02 DEBUG cache - Loading template for "commons/commons-variables.ftl"("en_IN", UTF-8, parsed) from "jar:file:/C:/Users/Ritesh%20Kumar%20Singh/.m2/repository/com/aventstack/extentreports/5.1.2/extentreports-5.1.2.jar!/com/aventstack/extentreports/templates/commons/commons-variables.ftl"
2025-09-23 17:27:02 DEBUG cache - Couldn't find template in cache for "commons/commons-macros.ftl"("en_IN", UTF-8, parsed); will try to load it.
2025-09-23 17:27:02 DEBUG cache - TemplateLoader.findTemplateSource("commons/commons-macros_en_IN.ftl"): Not found
2025-09-23 17:27:02 DEBUG cache - TemplateLoader.findTemplateSource("commons/commons-macros_en.ftl"): Not found
2025-09-23 17:27:02 DEBUG cache - TemplateLoader.findTemplateSource("commons/commons-macros.ftl"): Found
2025-09-23 17:27:02 DEBUG cache - Loading template for "commons/commons-macros.ftl"("en_IN", UTF-8, parsed) from "jar:file:/C:/Users/Ritesh%20Kumar%20Singh/.m2/repository/com/aventstack/extentreports/5.1.2/extentreports-5.1.2.jar!/com/aventstack/extentreports/templates/commons/commons-macros.ftl"
2025-09-23 17:27:03 DEBUG cache - Couldn't find template in cache for "spark/macros/attributes.ftl"("en_IN", UTF-8, parsed); will try to load it.
2025-09-23 17:27:03 DEBUG cache - TemplateLoader.findTemplateSource("spark/macros/attributes_en_IN.ftl"): Not found
2025-09-23 17:27:03 DEBUG cache - TemplateLoader.findTemplateSource("spark/macros/attributes_en.ftl"): Not found
2025-09-23 17:27:03 DEBUG cache - TemplateLoader.findTemplateSource("spark/macros/attributes.ftl"): Found
2025-09-23 17:27:03 DEBUG cache - Loading template for "spark/macros/attributes.ftl"("en_IN", UTF-8, parsed) from "jar:file:/C:/Users/Ritesh%20Kumar%20Singh/.m2/repository/com/aventstack/extentreports/5.1.2/extentreports-5.1.2.jar!/com/aventstack/extentreports/templates/spark/macros/attributes.ftl"
2025-09-23 17:27:03 DEBUG cache - Couldn't find template in cache for "spark/macros/log.ftl"("en_IN", UTF-8, parsed); will try to load it.
2025-09-23 17:27:03 DEBUG cache - TemplateLoader.findTemplateSource("spark/macros/log_en_IN.ftl"): Not found
2025-09-23 17:27:03 DEBUG cache - TemplateLoader.findTemplateSource("spark/macros/log_en.ftl"): Not found
2025-09-23 17:27:03 DEBUG cache - TemplateLoader.findTemplateSource("spark/macros/log.ftl"): Found
2025-09-23 17:27:03 DEBUG cache - Loading template for "spark/macros/log.ftl"("en_IN", UTF-8, parsed) from "jar:file:/C:/Users/Ritesh%20Kumar%20Singh/.m2/repository/com/aventstack/extentreports/5.1.2/extentreports-5.1.2.jar!/com/aventstack/extentreports/templates/spark/macros/log.ftl"
2025-09-23 17:27:03 DEBUG cache - Couldn't find template in cache for "spark/macros/recurse_nodes.ftl"("en_IN", UTF-8, parsed); will try to load it.
2025-09-23 17:27:03 DEBUG cache - TemplateLoader.findTemplateSource("spark/macros/recurse_nodes_en_IN.ftl"): Not found
2025-09-23 17:27:03 DEBUG cache - TemplateLoader.findTemplateSource("spark/macros/recurse_nodes_en.ftl"): Not found
2025-09-23 17:27:03 DEBUG cache - TemplateLoader.findTemplateSource("spark/macros/recurse_nodes.ftl"): Found
2025-09-23 17:27:03 DEBUG cache - Loading template for "spark/macros/recurse_nodes.ftl"("en_IN", UTF-8, parsed) from "jar:file:/C:/Users/Ritesh%20Kumar%20Singh/.m2/repository/com/aventstack/extentreports/5.1.2/extentreports-5.1.2.jar!/com/aventstack/extentreports/templates/spark/macros/recurse_nodes.ftl"
2025-09-23 17:27:03 DEBUG cache - "spark/macros/log.ftl"("en_IN", UTF-8, parsed) cached copy not yet stale; using cached.
2025-09-23 17:27:03 DEBUG cache - Couldn't find template in cache for "spark/macros/attr-common.ftl"("en_IN", UTF-8, parsed); will try to load it.
2025-09-23 17:27:03 DEBUG cache - TemplateLoader.findTemplateSource("spark/macros/attr-common_en_IN.ftl"): Not found
2025-09-23 17:27:03 DEBUG cache - TemplateLoader.findTemplateSource("spark/macros/attr-common_en.ftl"): Not found
2025-09-23 17:27:03 DEBUG cache - TemplateLoader.findTemplateSource("spark/macros/attr-common.ftl"): Found
2025-09-23 17:27:03 DEBUG cache - Loading template for "spark/macros/attr-common.ftl"("en_IN", UTF-8, parsed) from "jar:file:/C:/Users/Ritesh%20Kumar%20Singh/.m2/repository/com/aventstack/extentreports/5.1.2/extentreports-5.1.2.jar!/com/aventstack/extentreports/templates/spark/macros/attr-common.ftl"
2025-09-23 17:27:03 DEBUG cache - Couldn't find template in cache for "spark/partials/head.ftl"("en_IN", UTF-8, parsed); will try to load it.
2025-09-23 17:27:03 DEBUG cache - TemplateLoader.findTemplateSource("spark/partials/head_en_IN.ftl"): Not found
2025-09-23 17:27:03 DEBUG cache - TemplateLoader.findTemplateSource("spark/partials/head_en.ftl"): Not found
2025-09-23 17:27:03 DEBUG cache - TemplateLoader.findTemplateSource("spark/partials/head.ftl"): Found
2025-09-23 17:27:03 DEBUG cache - Loading template for "spark/partials/head.ftl"("en_IN", UTF-8, parsed) from "jar:file:/C:/Users/Ritesh%20Kumar%20Singh/.m2/repository/com/aventstack/extentreports/5.1.2/extentreports-5.1.2.jar!/com/aventstack/extentreports/templates/spark/partials/head.ftl"
2025-09-23 17:27:03 DEBUG cache - Couldn't find template in cache for "commons/commons-inject-css.ftl"("en_IN", UTF-8, parsed); will try to load it.
2025-09-23 17:27:03 DEBUG cache - TemplateLoader.findTemplateSource("commons/commons-inject-css_en_IN.ftl"): Not found
2025-09-23 17:27:03 DEBUG cache - TemplateLoader.findTemplateSource("commons/commons-inject-css_en.ftl"): Not found
2025-09-23 17:27:03 DEBUG cache - TemplateLoader.findTemplateSource("commons/commons-inject-css.ftl"): Found
2025-09-23 17:27:03 DEBUG cache - Loading template for "commons/commons-inject-css.ftl"("en_IN", UTF-8, parsed) from "jar:file:/C:/Users/Ritesh%20Kumar%20Singh/.m2/repository/com/aventstack/extentreports/5.1.2/extentreports-5.1.2.jar!/com/aventstack/extentreports/templates/commons/commons-inject-css.ftl"
2025-09-23 17:27:03 DEBUG cache - Couldn't find template in cache for "spark/partials/navbar.ftl"("en_IN", UTF-8, parsed); will try to load it.
2025-09-23 17:27:03 DEBUG cache - TemplateLoader.findTemplateSource("spark/partials/navbar_en_IN.ftl"): Not found
2025-09-23 17:27:03 DEBUG cache - TemplateLoader.findTemplateSource("spark/partials/navbar_en.ftl"): Not found
2025-09-23 17:27:03 DEBUG cache - TemplateLoader.findTemplateSource("spark/partials/navbar.ftl"): Found
2025-09-23 17:27:03 DEBUG cache - Loading template for "spark/partials/navbar.ftl"("en_IN", UTF-8, parsed) from "jar:file:/C:/Users/Ritesh%20Kumar%20Singh/.m2/repository/com/aventstack/extentreports/5.1.2/extentreports-5.1.2.jar!/com/aventstack/extentreports/templates/spark/partials/navbar.ftl"
2025-09-23 17:27:03 DEBUG cache - Couldn't find template in cache for "spark/partials/sidenav.ftl"("en_IN", UTF-8, parsed); will try to load it.
2025-09-23 17:27:03 DEBUG cache - TemplateLoader.findTemplateSource("spark/partials/sidenav_en_IN.ftl"): Not found
2025-09-23 17:27:03 DEBUG cache - TemplateLoader.findTemplateSource("spark/partials/sidenav_en.ftl"): Not found
2025-09-23 17:27:03 DEBUG cache - TemplateLoader.findTemplateSource("spark/partials/sidenav.ftl"): Found
2025-09-23 17:27:03 DEBUG cache - Loading template for "spark/partials/sidenav.ftl"("en_IN", UTF-8, parsed) from "jar:file:/C:/Users/Ritesh%20Kumar%20Singh/.m2/repository/com/aventstack/extentreports/5.1.2/extentreports-5.1.2.jar!/com/aventstack/extentreports/templates/spark/partials/sidenav.ftl"
2025-09-23 17:27:03 DEBUG cache - Couldn't find template in cache for "spark/partials/test.ftl"("en_IN", UTF-8, parsed); will try to load it.
2025-09-23 17:27:03 DEBUG cache - TemplateLoader.findTemplateSource("spark/partials/test_en_IN.ftl"): Not found
2025-09-23 17:27:03 DEBUG cache - TemplateLoader.findTemplateSource("spark/partials/test_en.ftl"): Not found
2025-09-23 17:27:03 DEBUG cache - TemplateLoader.findTemplateSource("spark/partials/test.ftl"): Found
2025-09-23 17:27:03 DEBUG cache - Loading template for "spark/partials/test.ftl"("en_IN", UTF-8, parsed) from "jar:file:/C:/Users/Ritesh%20Kumar%20Singh/.m2/repository/com/aventstack/extentreports/5.1.2/extentreports-5.1.2.jar!/com/aventstack/extentreports/templates/spark/partials/test.ftl"
2025-09-23 17:27:03 DEBUG cache - Couldn't find template in cache for "spark/partials/standard-content.ftl"("en_IN", UTF-8, parsed); will try to load it.
2025-09-23 17:27:03 DEBUG cache - TemplateLoader.findTemplateSource("spark/partials/standard-content_en_IN.ftl"): Not found
2025-09-23 17:27:03 DEBUG cache - TemplateLoader.findTemplateSource("spark/partials/standard-content_en.ftl"): Not found
2025-09-23 17:27:03 DEBUG cache - TemplateLoader.findTemplateSource("spark/partials/standard-content.ftl"): Found
2025-09-23 17:27:03 DEBUG cache - Loading template for "spark/partials/standard-content.ftl"("en_IN", UTF-8, parsed) from "jar:file:/C:/Users/Ritesh%20Kumar%20Singh/.m2/repository/com/aventstack/extentreports/5.1.2/extentreports-5.1.2.jar!/com/aventstack/extentreports/templates/spark/partials/standard-content.ftl"
2025-09-23 17:27:03 DEBUG cache - Couldn't find template in cache for "spark/partials/exception.ftl"("en_IN", UTF-8, parsed); will try to load it.
2025-09-23 17:27:03 DEBUG cache - TemplateLoader.findTemplateSource("spark/partials/exception_en_IN.ftl"): Not found
2025-09-23 17:27:03 DEBUG cache - TemplateLoader.findTemplateSource("spark/partials/exception_en.ftl"): Not found
2025-09-23 17:27:03 DEBUG cache - TemplateLoader.findTemplateSource("spark/partials/exception.ftl"): Found
2025-09-23 17:27:03 DEBUG cache - Loading template for "spark/partials/exception.ftl"("en_IN", UTF-8, parsed) from "jar:file:/C:/Users/Ritesh%20Kumar%20Singh/.m2/repository/com/aventstack/extentreports/5.1.2/extentreports-5.1.2.jar!/com/aventstack/extentreports/templates/spark/partials/exception.ftl"
2025-09-23 17:27:03 DEBUG cache - Couldn't find template in cache for "spark/partials/category.ftl"("en_IN", UTF-8, parsed); will try to load it.
2025-09-23 17:27:03 DEBUG cache - TemplateLoader.findTemplateSource("spark/partials/category_en_IN.ftl"): Not found
2025-09-23 17:27:03 DEBUG cache - TemplateLoader.findTemplateSource("spark/partials/category_en.ftl"): Not found
2025-09-23 17:27:03 DEBUG cache - TemplateLoader.findTemplateSource("spark/partials/category.ftl"): Found
2025-09-23 17:27:03 DEBUG cache - Loading template for "spark/partials/category.ftl"("en_IN", UTF-8, parsed) from "jar:file:/C:/Users/Ritesh%20Kumar%20Singh/.m2/repository/com/aventstack/extentreports/5.1.2/extentreports-5.1.2.jar!/com/aventstack/extentreports/templates/spark/partials/category.ftl"
2025-09-23 17:27:03 DEBUG cache - Couldn't find template in cache for "spark/partials/device.ftl"("en_IN", UTF-8, parsed); will try to load it.
2025-09-23 17:27:03 DEBUG cache - TemplateLoader.findTemplateSource("spark/partials/device_en_IN.ftl"): Not found
2025-09-23 17:27:03 DEBUG cache - TemplateLoader.findTemplateSource("spark/partials/device_en.ftl"): Not found
2025-09-23 17:27:03 DEBUG cache - TemplateLoader.findTemplateSource("spark/partials/device.ftl"): Found
2025-09-23 17:27:03 DEBUG cache - Loading template for "spark/partials/device.ftl"("en_IN", UTF-8, parsed) from "jar:file:/C:/Users/Ritesh%20Kumar%20Singh/.m2/repository/com/aventstack/extentreports/5.1.2/extentreports-5.1.2.jar!/com/aventstack/extentreports/templates/spark/partials/device.ftl"
2025-09-23 17:27:03 DEBUG cache - Couldn't find template in cache for "spark/partials/author.ftl"("en_IN", UTF-8, parsed); will try to load it.
2025-09-23 17:27:03 DEBUG cache - TemplateLoader.findTemplateSource("spark/partials/author_en_IN.ftl"): Not found
2025-09-23 17:27:03 DEBUG cache - TemplateLoader.findTemplateSource("spark/partials/author_en.ftl"): Not found
2025-09-23 17:27:03 DEBUG cache - TemplateLoader.findTemplateSource("spark/partials/author.ftl"): Found
2025-09-23 17:27:03 DEBUG cache - Loading template for "spark/partials/author.ftl"("en_IN", UTF-8, parsed) from "jar:file:/C:/Users/Ritesh%20Kumar%20Singh/.m2/repository/com/aventstack/extentreports/5.1.2/extentreports-5.1.2.jar!/com/aventstack/extentreports/templates/spark/partials/author.ftl"
2025-09-23 17:27:03 DEBUG cache - Couldn't find template in cache for "spark/partials/log.ftl"("en_IN", UTF-8, parsed); will try to load it.
2025-09-23 17:27:03 DEBUG cache - TemplateLoader.findTemplateSource("spark/partials/log_en_IN.ftl"): Not found
2025-09-23 17:27:03 DEBUG cache - TemplateLoader.findTemplateSource("spark/partials/log_en.ftl"): Not found
2025-09-23 17:27:03 DEBUG cache - TemplateLoader.findTemplateSource("spark/partials/log.ftl"): Found
2025-09-23 17:27:03 DEBUG cache - Loading template for "spark/partials/log.ftl"("en_IN", UTF-8, parsed) from "jar:file:/C:/Users/Ritesh%20Kumar%20Singh/.m2/repository/com/aventstack/extentreports/5.1.2/extentreports-5.1.2.jar!/com/aventstack/extentreports/templates/spark/partials/log.ftl"
2025-09-23 17:27:03 DEBUG cache - Couldn't find template in cache for "spark/partials/dashboard.ftl"("en_IN", UTF-8, parsed); will try to load it.
2025-09-23 17:27:03 DEBUG cache - TemplateLoader.findTemplateSource("spark/partials/dashboard_en_IN.ftl"): Not found
2025-09-23 17:27:03 DEBUG cache - TemplateLoader.findTemplateSource("spark/partials/dashboard_en.ftl"): Not found
2025-09-23 17:27:03 DEBUG cache - TemplateLoader.findTemplateSource("spark/partials/dashboard.ftl"): Found
2025-09-23 17:27:03 DEBUG cache - Loading template for "spark/partials/dashboard.ftl"("en_IN", UTF-8, parsed) from "jar:file:/C:/Users/Ritesh%20Kumar%20Singh/.m2/repository/com/aventstack/extentreports/5.1.2/extentreports-5.1.2.jar!/com/aventstack/extentreports/templates/spark/partials/dashboard.ftl"
2025-09-23 17:27:03 DEBUG cache - Couldn't find template in cache for "spark/partials/scripts.ftl"("en_IN", UTF-8, parsed); will try to load it.
2025-09-23 17:27:03 DEBUG cache - TemplateLoader.findTemplateSource("spark/partials/scripts_en_IN.ftl"): Not found
2025-09-23 17:27:03 DEBUG cache - TemplateLoader.findTemplateSource("spark/partials/scripts_en.ftl"): Not found
2025-09-23 17:27:03 DEBUG cache - TemplateLoader.findTemplateSource("spark/partials/scripts.ftl"): Found
2025-09-23 17:27:03 DEBUG cache - Loading template for "spark/partials/scripts.ftl"("en_IN", UTF-8, parsed) from "jar:file:/C:/Users/Ritesh%20Kumar%20Singh/.m2/repository/com/aventstack/extentreports/5.1.2/extentreports-5.1.2.jar!/com/aventstack/extentreports/templates/spark/partials/scripts.ftl"
2025-09-23 17:27:03 DEBUG cache - Couldn't find template in cache for "commons/commons-inject-js.ftl"("en_IN", UTF-8, parsed); will try to load it.
2025-09-23 17:27:03 DEBUG cache - TemplateLoader.findTemplateSource("commons/commons-inject-js_en_IN.ftl"): Not found
2025-09-23 17:27:03 DEBUG cache - TemplateLoader.findTemplateSource("commons/commons-inject-js_en.ftl"): Not found
2025-09-23 17:27:03 DEBUG cache - TemplateLoader.findTemplateSource("commons/commons-inject-js.ftl"): Found
2025-09-23 17:27:03 DEBUG cache - Loading template for "commons/commons-inject-js.ftl"("en_IN", UTF-8, parsed) from "jar:file:/C:/Users/Ritesh%20Kumar%20Singh/.m2/repository/com/aventstack/extentreports/5.1.2/extentreports-5.1.2.jar!/com/aventstack/extentreports/templates/commons/commons-inject-js.ftl"
2025-09-23 17:29:36 INFO  BaseTest - Driver initialized
2025-09-23 17:29:38 INFO  Listeners - demoRegisterTestStarted
2025-09-23 17:29:39 ERROR Listeners - demoRegisterTestFailed
2025-09-23 17:29:41 INFO  Listeners - alertsDemoStarted
2025-09-23 17:29:42 ERROR Listeners - alertsDemoFailed
2025-09-23 17:29:44 INFO  Listeners - performBrowserActionStarted
2025-09-23 17:29:45 ERROR Listeners - performBrowserActionFailed
2025-09-23 17:29:46 DEBUG cache - Couldn't find template in cache for "spark/spark.spa.ftl"("en_IN", UTF-8, parsed); will try to load it.
2025-09-23 17:29:46 DEBUG cache - TemplateLoader.findTemplateSource("spark/spark.spa_en_IN.ftl"): Not found
2025-09-23 17:29:46 DEBUG cache - TemplateLoader.findTemplateSource("spark/spark.spa_en.ftl"): Not found
2025-09-23 17:29:46 DEBUG cache - TemplateLoader.findTemplateSource("spark/spark.spa.ftl"): Found
2025-09-23 17:29:46 DEBUG cache - Loading template for "spark/spark.spa.ftl"("en_IN", UTF-8, parsed) from "jar:file:/C:/Users/Ritesh%20Kumar%20Singh/.m2/repository/com/aventstack/extentreports/5.1.2/extentreports-5.1.2.jar!/com/aventstack/extentreports/templates/spark/spark.spa.ftl"
2025-09-23 17:29:46 DEBUG cache - Couldn't find template in cache for "commons/commons-variables.ftl"("en_IN", UTF-8, parsed); will try to load it.
2025-09-23 17:29:46 DEBUG cache - TemplateLoader.findTemplateSource("commons/commons-variables_en_IN.ftl"): Not found
2025-09-23 17:29:46 DEBUG cache - TemplateLoader.findTemplateSource("commons/commons-variables_en.ftl"): Not found
2025-09-23 17:29:46 DEBUG cache - TemplateLoader.findTemplateSource("commons/commons-variables.ftl"): Found
2025-09-23 17:29:46 DEBUG cache - Loading template for "commons/commons-variables.ftl"("en_IN", UTF-8, parsed) from "jar:file:/C:/Users/Ritesh%20Kumar%20Singh/.m2/repository/com/aventstack/extentreports/5.1.2/extentreports-5.1.2.jar!/com/aventstack/extentreports/templates/commons/commons-variables.ftl"
2025-09-23 17:29:46 DEBUG cache - Couldn't find template in cache for "commons/commons-macros.ftl"("en_IN", UTF-8, parsed); will try to load it.
2025-09-23 17:29:46 DEBUG cache - TemplateLoader.findTemplateSource("commons/commons-macros_en_IN.ftl"): Not found
2025-09-23 17:29:46 DEBUG cache - TemplateLoader.findTemplateSource("commons/commons-macros_en.ftl"): Not found
2025-09-23 17:29:46 DEBUG cache - TemplateLoader.findTemplateSource("commons/commons-macros.ftl"): Found
2025-09-23 17:29:46 DEBUG cache - Loading template for "commons/commons-macros.ftl"("en_IN", UTF-8, parsed) from "jar:file:/C:/Users/Ritesh%20Kumar%20Singh/.m2/repository/com/aventstack/extentreports/5.1.2/extentreports-5.1.2.jar!/com/aventstack/extentreports/templates/commons/commons-macros.ftl"
2025-09-23 17:29:46 DEBUG cache - Couldn't find template in cache for "spark/macros/attributes.ftl"("en_IN", UTF-8, parsed); will try to load it.
2025-09-23 17:29:46 DEBUG cache - TemplateLoader.findTemplateSource("spark/macros/attributes_en_IN.ftl"): Not found
2025-09-23 17:29:46 DEBUG cache - TemplateLoader.findTemplateSource("spark/macros/attributes_en.ftl"): Not found
2025-09-23 17:29:46 DEBUG cache - TemplateLoader.findTemplateSource("spark/macros/attributes.ftl"): Found
2025-09-23 17:29:46 DEBUG cache - Loading template for "spark/macros/attributes.ftl"("en_IN", UTF-8, parsed) from "jar:file:/C:/Users/Ritesh%20Kumar%20Singh/.m2/repository/com/aventstack/extentreports/5.1.2/extentreports-5.1.2.jar!/com/aventstack/extentreports/templates/spark/macros/attributes.ftl"
2025-09-23 17:29:46 DEBUG cache - Couldn't find template in cache for "spark/macros/log.ftl"("en_IN", UTF-8, parsed); will try to load it.
2025-09-23 17:29:46 DEBUG cache - TemplateLoader.findTemplateSource("spark/macros/log_en_IN.ftl"): Not found
2025-09-23 17:29:46 DEBUG cache - TemplateLoader.findTemplateSource("spark/macros/log_en.ftl"): Not found
2025-09-23 17:29:46 DEBUG cache - TemplateLoader.findTemplateSource("spark/macros/log.ftl"): Found
2025-09-23 17:29:46 DEBUG cache - Loading template for "spark/macros/log.ftl"("en_IN", UTF-8, parsed) from "jar:file:/C:/Users/Ritesh%20Kumar%20Singh/.m2/repository/com/aventstack/extentreports/5.1.2/extentreports-5.1.2.jar!/com/aventstack/extentreports/templates/spark/macros/log.ftl"
2025-09-23 17:29:46 DEBUG cache - Couldn't find template in cache for "spark/macros/recurse_nodes.ftl"("en_IN", UTF-8, parsed); will try to load it.
2025-09-23 17:29:46 DEBUG cache - TemplateLoader.findTemplateSource("spark/macros/recurse_nodes_en_IN.ftl"): Not found
2025-09-23 17:29:46 DEBUG cache - TemplateLoader.findTemplateSource("spark/macros/recurse_nodes_en.ftl"): Not found
2025-09-23 17:29:46 DEBUG cache - TemplateLoader.findTemplateSource("spark/macros/recurse_nodes.ftl"): Found
2025-09-23 17:29:46 DEBUG cache - Loading template for "spark/macros/recurse_nodes.ftl"("en_IN", UTF-8, parsed) from "jar:file:/C:/Users/Ritesh%20Kumar%20Singh/.m2/repository/com/aventstack/extentreports/5.1.2/extentreports-5.1.2.jar!/com/aventstack/extentreports/templates/spark/macros/recurse_nodes.ftl"
2025-09-23 17:29:46 DEBUG cache - "spark/macros/log.ftl"("en_IN", UTF-8, parsed) cached copy not yet stale; using cached.
2025-09-23 17:29:46 DEBUG cache - Couldn't find template in cache for "spark/macros/attr-common.ftl"("en_IN", UTF-8, parsed); will try to load it.
2025-09-23 17:29:46 DEBUG cache - TemplateLoader.findTemplateSource("spark/macros/attr-common_en_IN.ftl"): Not found
2025-09-23 17:29:46 DEBUG cache - TemplateLoader.findTemplateSource("spark/macros/attr-common_en.ftl"): Not found
2025-09-23 17:29:46 DEBUG cache - TemplateLoader.findTemplateSource("spark/macros/attr-common.ftl"): Found
2025-09-23 17:29:46 DEBUG cache - Loading template for "spark/macros/attr-common.ftl"("en_IN", UTF-8, parsed) from "jar:file:/C:/Users/Ritesh%20Kumar%20Singh/.m2/repository/com/aventstack/extentreports/5.1.2/extentreports-5.1.2.jar!/com/aventstack/extentreports/templates/spark/macros/attr-common.ftl"
2025-09-23 17:29:46 DEBUG cache - Couldn't find template in cache for "spark/partials/head.ftl"("en_IN", UTF-8, parsed); will try to load it.
2025-09-23 17:29:46 DEBUG cache - TemplateLoader.findTemplateSource("spark/partials/head_en_IN.ftl"): Not found
2025-09-23 17:29:46 DEBUG cache - TemplateLoader.findTemplateSource("spark/partials/head_en.ftl"): Not found
2025-09-23 17:29:46 DEBUG cache - TemplateLoader.findTemplateSource("spark/partials/head.ftl"): Found
2025-09-23 17:29:46 DEBUG cache - Loading template for "spark/partials/head.ftl"("en_IN", UTF-8, parsed) from "jar:file:/C:/Users/Ritesh%20Kumar%20Singh/.m2/repository/com/aventstack/extentreports/5.1.2/extentreports-5.1.2.jar!/com/aventstack/extentreports/templates/spark/partials/head.ftl"
2025-09-23 17:29:46 DEBUG cache - Couldn't find template in cache for "commons/commons-inject-css.ftl"("en_IN", UTF-8, parsed); will try to load it.
2025-09-23 17:29:46 DEBUG cache - TemplateLoader.findTemplateSource("commons/commons-inject-css_en_IN.ftl"): Not found
2025-09-23 17:29:46 DEBUG cache - TemplateLoader.findTemplateSource("commons/commons-inject-css_en.ftl"): Not found
2025-09-23 17:29:46 DEBUG cache - TemplateLoader.findTemplateSource("commons/commons-inject-css.ftl"): Found
2025-09-23 17:29:46 DEBUG cache - Loading template for "commons/commons-inject-css.ftl"("en_IN", UTF-8, parsed) from "jar:file:/C:/Users/Ritesh%20Kumar%20Singh/.m2/repository/com/aventstack/extentreports/5.1.2/extentreports-5.1.2.jar!/com/aventstack/extentreports/templates/commons/commons-inject-css.ftl"
2025-09-23 17:29:46 DEBUG cache - Couldn't find template in cache for "spark/partials/navbar.ftl"("en_IN", UTF-8, parsed); will try to load it.
2025-09-23 17:29:46 DEBUG cache - TemplateLoader.findTemplateSource("spark/partials/navbar_en_IN.ftl"): Not found
2025-09-23 17:29:46 DEBUG cache - TemplateLoader.findTemplateSource("spark/partials/navbar_en.ftl"): Not found
2025-09-23 17:29:46 DEBUG cache - TemplateLoader.findTemplateSource("spark/partials/navbar.ftl"): Found
2025-09-23 17:29:46 DEBUG cache - Loading template for "spark/partials/navbar.ftl"("en_IN", UTF-8, parsed) from "jar:file:/C:/Users/Ritesh%20Kumar%20Singh/.m2/repository/com/aventstack/extentreports/5.1.2/extentreports-5.1.2.jar!/com/aventstack/extentreports/templates/spark/partials/navbar.ftl"
2025-09-23 17:29:46 DEBUG cache - Couldn't find template in cache for "spark/partials/sidenav.ftl"("en_IN", UTF-8, parsed); will try to load it.
2025-09-23 17:29:46 DEBUG cache - TemplateLoader.findTemplateSource("spark/partials/sidenav_en_IN.ftl"): Not found
2025-09-23 17:29:46 DEBUG cache - TemplateLoader.findTemplateSource("spark/partials/sidenav_en.ftl"): Not found
2025-09-23 17:29:46 DEBUG cache - TemplateLoader.findTemplateSource("spark/partials/sidenav.ftl"): Found
2025-09-23 17:29:46 DEBUG cache - Loading template for "spark/partials/sidenav.ftl"("en_IN", UTF-8, parsed) from "jar:file:/C:/Users/Ritesh%20Kumar%20Singh/.m2/repository/com/aventstack/extentreports/5.1.2/extentreports-5.1.2.jar!/com/aventstack/extentreports/templates/spark/partials/sidenav.ftl"
2025-09-23 17:29:46 DEBUG cache - Couldn't find template in cache for "spark/partials/test.ftl"("en_IN", UTF-8, parsed); will try to load it.
2025-09-23 17:29:46 DEBUG cache - TemplateLoader.findTemplateSource("spark/partials/test_en_IN.ftl"): Not found
2025-09-23 17:29:46 DEBUG cache - TemplateLoader.findTemplateSource("spark/partials/test_en.ftl"): Not found
2025-09-23 17:29:46 DEBUG cache - TemplateLoader.findTemplateSource("spark/partials/test.ftl"): Found
2025-09-23 17:29:46 DEBUG cache - Loading template for "spark/partials/test.ftl"("en_IN", UTF-8, parsed) from "jar:file:/C:/Users/Ritesh%20Kumar%20Singh/.m2/repository/com/aventstack/extentreports/5.1.2/extentreports-5.1.2.jar!/com/aventstack/extentreports/templates/spark/partials/test.ftl"
2025-09-23 17:29:47 DEBUG cache - Couldn't find template in cache for "spark/partials/standard-content.ftl"("en_IN", UTF-8, parsed); will try to load it.
2025-09-23 17:29:47 DEBUG cache - TemplateLoader.findTemplateSource("spark/partials/standard-content_en_IN.ftl"): Not found
2025-09-23 17:29:47 DEBUG cache - TemplateLoader.findTemplateSource("spark/partials/standard-content_en.ftl"): Not found
2025-09-23 17:29:47 DEBUG cache - TemplateLoader.findTemplateSource("spark/partials/standard-content.ftl"): Found
2025-09-23 17:29:47 DEBUG cache - Loading template for "spark/partials/standard-content.ftl"("en_IN", UTF-8, parsed) from "jar:file:/C:/Users/Ritesh%20Kumar%20Singh/.m2/repository/com/aventstack/extentreports/5.1.2/extentreports-5.1.2.jar!/com/aventstack/extentreports/templates/spark/partials/standard-content.ftl"
2025-09-23 17:29:47 DEBUG cache - "spark/partials/standard-content.ftl"("en_IN", UTF-8, parsed) cached copy not yet stale; using cached.
2025-09-23 17:29:47 DEBUG cache - "spark/partials/standard-content.ftl"("en_IN", UTF-8, parsed) cached copy not yet stale; using cached.
2025-09-23 17:29:47 DEBUG cache - Couldn't find template in cache for "spark/partials/exception.ftl"("en_IN", UTF-8, parsed); will try to load it.
2025-09-23 17:29:47 DEBUG cache - TemplateLoader.findTemplateSource("spark/partials/exception_en_IN.ftl"): Not found
2025-09-23 17:29:47 DEBUG cache - TemplateLoader.findTemplateSource("spark/partials/exception_en.ftl"): Not found
2025-09-23 17:29:47 DEBUG cache - TemplateLoader.findTemplateSource("spark/partials/exception.ftl"): Found
2025-09-23 17:29:47 DEBUG cache - Loading template for "spark/partials/exception.ftl"("en_IN", UTF-8, parsed) from "jar:file:/C:/Users/Ritesh%20Kumar%20Singh/.m2/repository/com/aventstack/extentreports/5.1.2/extentreports-5.1.2.jar!/com/aventstack/extentreports/templates/spark/partials/exception.ftl"
2025-09-23 17:29:47 DEBUG cache - Couldn't find template in cache for "spark/partials/category.ftl"("en_IN", UTF-8, parsed); will try to load it.
2025-09-23 17:29:47 DEBUG cache - TemplateLoader.findTemplateSource("spark/partials/category_en_IN.ftl"): Not found
2025-09-23 17:29:47 DEBUG cache - TemplateLoader.findTemplateSource("spark/partials/category_en.ftl"): Not found
2025-09-23 17:29:47 DEBUG cache - TemplateLoader.findTemplateSource("spark/partials/category.ftl"): Found
2025-09-23 17:29:47 DEBUG cache - Loading template for "spark/partials/category.ftl"("en_IN", UTF-8, parsed) from "jar:file:/C:/Users/Ritesh%20Kumar%20Singh/.m2/repository/com/aventstack/extentreports/5.1.2/extentreports-5.1.2.jar!/com/aventstack/extentreports/templates/spark/partials/category.ftl"
2025-09-23 17:29:47 DEBUG cache - Couldn't find template in cache for "spark/partials/device.ftl"("en_IN", UTF-8, parsed); will try to load it.
2025-09-23 17:29:47 DEBUG cache - TemplateLoader.findTemplateSource("spark/partials/device_en_IN.ftl"): Not found
2025-09-23 17:29:47 DEBUG cache - TemplateLoader.findTemplateSource("spark/partials/device_en.ftl"): Not found
2025-09-23 17:29:47 DEBUG cache - TemplateLoader.findTemplateSource("spark/partials/device.ftl"): Found
2025-09-23 17:29:47 DEBUG cache - Loading template for "spark/partials/device.ftl"("en_IN", UTF-8, parsed) from "jar:file:/C:/Users/Ritesh%20Kumar%20Singh/.m2/repository/com/aventstack/extentreports/5.1.2/extentreports-5.1.2.jar!/com/aventstack/extentreports/templates/spark/partials/device.ftl"
2025-09-23 17:29:47 DEBUG cache - Couldn't find template in cache for "spark/partials/author.ftl"("en_IN", UTF-8, parsed); will try to load it.
2025-09-23 17:29:47 DEBUG cache - TemplateLoader.findTemplateSource("spark/partials/author_en_IN.ftl"): Not found
2025-09-23 17:29:47 DEBUG cache - TemplateLoader.findTemplateSource("spark/partials/author_en.ftl"): Not found
2025-09-23 17:29:47 DEBUG cache - TemplateLoader.findTemplateSource("spark/partials/author.ftl"): Found
2025-09-23 17:29:47 DEBUG cache - Loading template for "spark/partials/author.ftl"("en_IN", UTF-8, parsed) from "jar:file:/C:/Users/Ritesh%20Kumar%20Singh/.m2/repository/com/aventstack/extentreports/5.1.2/extentreports-5.1.2.jar!/com/aventstack/extentreports/templates/spark/partials/author.ftl"
2025-09-23 17:29:47 DEBUG cache - Couldn't find template in cache for "spark/partials/log.ftl"("en_IN", UTF-8, parsed); will try to load it.
2025-09-23 17:29:47 DEBUG cache - TemplateLoader.findTemplateSource("spark/partials/log_en_IN.ftl"): Not found
2025-09-23 17:29:47 DEBUG cache - TemplateLoader.findTemplateSource("spark/partials/log_en.ftl"): Not found
2025-09-23 17:29:47 DEBUG cache - TemplateLoader.findTemplateSource("spark/partials/log.ftl"): Found
2025-09-23 17:29:47 DEBUG cache - Loading template for "spark/partials/log.ftl"("en_IN", UTF-8, parsed) from "jar:file:/C:/Users/Ritesh%20Kumar%20Singh/.m2/repository/com/aventstack/extentreports/5.1.2/extentreports-5.1.2.jar!/com/aventstack/extentreports/templates/spark/partials/log.ftl"
2025-09-23 17:29:47 DEBUG cache - Couldn't find template in cache for "spark/partials/dashboard.ftl"("en_IN", UTF-8, parsed); will try to load it.
2025-09-23 17:29:47 DEBUG cache - TemplateLoader.findTemplateSource("spark/partials/dashboard_en_IN.ftl"): Not found
2025-09-23 17:29:47 DEBUG cache - TemplateLoader.findTemplateSource("spark/partials/dashboard_en.ftl"): Not found
2025-09-23 17:29:47 DEBUG cache - TemplateLoader.findTemplateSource("spark/partials/dashboard.ftl"): Found
2025-09-23 17:29:47 DEBUG cache - Loading template for "spark/partials/dashboard.ftl"("en_IN", UTF-8, parsed) from "jar:file:/C:/Users/Ritesh%20Kumar%20Singh/.m2/repository/com/aventstack/extentreports/5.1.2/extentreports-5.1.2.jar!/com/aventstack/extentreports/templates/spark/partials/dashboard.ftl"
2025-09-23 17:29:47 DEBUG cache - Couldn't find template in cache for "spark/partials/scripts.ftl"("en_IN", UTF-8, parsed); will try to load it.
2025-09-23 17:29:47 DEBUG cache - TemplateLoader.findTemplateSource("spark/partials/scripts_en_IN.ftl"): Not found
2025-09-23 17:29:47 DEBUG cache - TemplateLoader.findTemplateSource("spark/partials/scripts_en.ftl"): Not found
2025-09-23 17:29:47 DEBUG cache - TemplateLoader.findTemplateSource("spark/partials/scripts.ftl"): Found
2025-09-23 17:29:47 DEBUG cache - Loading template for "spark/partials/scripts.ftl"("en_IN", UTF-8, parsed) from "jar:file:/C:/Users/Ritesh%20Kumar%20Singh/.m2/repository/com/aventstack/extentreports/5.1.2/extentreports-5.1.2.jar!/com/aventstack/extentreports/templates/spark/partials/scripts.ftl"
2025-09-23 17:29:47 DEBUG cache - Couldn't find template in cache for "commons/commons-inject-js.ftl"("en_IN", UTF-8, parsed); will try to load it.
2025-09-23 17:29:47 DEBUG cache - TemplateLoader.findTemplateSource("commons/commons-inject-js_en_IN.ftl"): Not found
2025-09-23 17:29:47 DEBUG cache - TemplateLoader.findTemplateSource("commons/commons-inject-js_en.ftl"): Not found
2025-09-23 17:29:47 DEBUG cache - TemplateLoader.findTemplateSource("commons/commons-inject-js.ftl"): Found
2025-09-23 17:29:47 DEBUG cache - Loading template for "commons/commons-inject-js.ftl"("en_IN", UTF-8, parsed) from "jar:file:/C:/Users/Ritesh%20Kumar%20Singh/.m2/repository/com/aventstack/extentreports/5.1.2/extentreports-5.1.2.jar!/com/aventstack/extentreports/templates/commons/commons-inject-js.ftl"
2025-09-23 17:30:22 INFO  BaseTest - Driver initialized
2025-09-23 17:30:23 INFO  Listeners - basicActionOnGeneralStoreAppStarted
2025-09-23 17:30:29 ERROR Listeners - basicActionOnGeneralStoreAppFailed
2025-09-23 17:30:30 DEBUG cache - Couldn't find template in cache for "spark/spark.spa.ftl"("en_IN", UTF-8, parsed); will try to load it.
2025-09-23 17:30:30 DEBUG cache - TemplateLoader.findTemplateSource("spark/spark.spa_en_IN.ftl"): Not found
2025-09-23 17:30:30 DEBUG cache - TemplateLoader.findTemplateSource("spark/spark.spa_en.ftl"): Not found
2025-09-23 17:30:30 DEBUG cache - TemplateLoader.findTemplateSource("spark/spark.spa.ftl"): Found
2025-09-23 17:30:30 DEBUG cache - Loading template for "spark/spark.spa.ftl"("en_IN", UTF-8, parsed) from "jar:file:/C:/Users/Ritesh%20Kumar%20Singh/.m2/repository/com/aventstack/extentreports/5.1.2/extentreports-5.1.2.jar!/com/aventstack/extentreports/templates/spark/spark.spa.ftl"
2025-09-23 17:30:30 DEBUG cache - Couldn't find template in cache for "commons/commons-variables.ftl"("en_IN", UTF-8, parsed); will try to load it.
2025-09-23 17:30:30 DEBUG cache - TemplateLoader.findTemplateSource("commons/commons-variables_en_IN.ftl"): Not found
2025-09-23 17:30:30 DEBUG cache - TemplateLoader.findTemplateSource("commons/commons-variables_en.ftl"): Not found
2025-09-23 17:30:30 DEBUG cache - TemplateLoader.findTemplateSource("commons/commons-variables.ftl"): Found
2025-09-23 17:30:30 DEBUG cache - Loading template for "commons/commons-variables.ftl"("en_IN", UTF-8, parsed) from "jar:file:/C:/Users/Ritesh%20Kumar%20Singh/.m2/repository/com/aventstack/extentreports/5.1.2/extentreports-5.1.2.jar!/com/aventstack/extentreports/templates/commons/commons-variables.ftl"
2025-09-23 17:30:30 DEBUG cache - Couldn't find template in cache for "commons/commons-macros.ftl"("en_IN", UTF-8, parsed); will try to load it.
2025-09-23 17:30:30 DEBUG cache - TemplateLoader.findTemplateSource("commons/commons-macros_en_IN.ftl"): Not found
2025-09-23 17:30:30 DEBUG cache - TemplateLoader.findTemplateSource("commons/commons-macros_en.ftl"): Not found
2025-09-23 17:30:30 DEBUG cache - TemplateLoader.findTemplateSource("commons/commons-macros.ftl"): Found
2025-09-23 17:30:30 DEBUG cache - Loading template for "commons/commons-macros.ftl"("en_IN", UTF-8, parsed) from "jar:file:/C:/Users/Ritesh%20Kumar%20Singh/.m2/repository/com/aventstack/extentreports/5.1.2/extentreports-5.1.2.jar!/com/aventstack/extentreports/templates/commons/commons-macros.ftl"
2025-09-23 17:30:30 DEBUG cache - Couldn't find template in cache for "spark/macros/attributes.ftl"("en_IN", UTF-8, parsed); will try to load it.
2025-09-23 17:30:30 DEBUG cache - TemplateLoader.findTemplateSource("spark/macros/attributes_en_IN.ftl"): Not found
2025-09-23 17:30:30 DEBUG cache - TemplateLoader.findTemplateSource("spark/macros/attributes_en.ftl"): Not found
2025-09-23 17:30:30 DEBUG cache - TemplateLoader.findTemplateSource("spark/macros/attributes.ftl"): Found
2025-09-23 17:30:30 DEBUG cache - Loading template for "spark/macros/attributes.ftl"("en_IN", UTF-8, parsed) from "jar:file:/C:/Users/Ritesh%20Kumar%20Singh/.m2/repository/com/aventstack/extentreports/5.1.2/extentreports-5.1.2.jar!/com/aventstack/extentreports/templates/spark/macros/attributes.ftl"
2025-09-23 17:30:30 DEBUG cache - Couldn't find template in cache for "spark/macros/log.ftl"("en_IN", UTF-8, parsed); will try to load it.
2025-09-23 17:30:30 DEBUG cache - TemplateLoader.findTemplateSource("spark/macros/log_en_IN.ftl"): Not found
2025-09-23 17:30:30 DEBUG cache - TemplateLoader.findTemplateSource("spark/macros/log_en.ftl"): Not found
2025-09-23 17:30:31 DEBUG cache - TemplateLoader.findTemplateSource("spark/macros/log.ftl"): Found
2025-09-23 17:30:31 DEBUG cache - Loading template for "spark/macros/log.ftl"("en_IN", UTF-8, parsed) from "jar:file:/C:/Users/Ritesh%20Kumar%20Singh/.m2/repository/com/aventstack/extentreports/5.1.2/extentreports-5.1.2.jar!/com/aventstack/extentreports/templates/spark/macros/log.ftl"
2025-09-23 17:30:31 DEBUG cache - Couldn't find template in cache for "spark/macros/recurse_nodes.ftl"("en_IN", UTF-8, parsed); will try to load it.
2025-09-23 17:30:31 DEBUG cache - TemplateLoader.findTemplateSource("spark/macros/recurse_nodes_en_IN.ftl"): Not found
2025-09-23 17:30:31 DEBUG cache - TemplateLoader.findTemplateSource("spark/macros/recurse_nodes_en.ftl"): Not found
2025-09-23 17:30:31 DEBUG cache - TemplateLoader.findTemplateSource("spark/macros/recurse_nodes.ftl"): Found
2025-09-23 17:30:31 DEBUG cache - Loading template for "spark/macros/recurse_nodes.ftl"("en_IN", UTF-8, parsed) from "jar:file:/C:/Users/Ritesh%20Kumar%20Singh/.m2/repository/com/aventstack/extentreports/5.1.2/extentreports-5.1.2.jar!/com/aventstack/extentreports/templates/spark/macros/recurse_nodes.ftl"
2025-09-23 17:30:31 DEBUG cache - "spark/macros/log.ftl"("en_IN", UTF-8, parsed) cached copy not yet stale; using cached.
2025-09-23 17:30:31 DEBUG cache - Couldn't find template in cache for "spark/macros/attr-common.ftl"("en_IN", UTF-8, parsed); will try to load it.
2025-09-23 17:30:31 DEBUG cache - TemplateLoader.findTemplateSource("spark/macros/attr-common_en_IN.ftl"): Not found
2025-09-23 17:30:31 DEBUG cache - TemplateLoader.findTemplateSource("spark/macros/attr-common_en.ftl"): Not found
2025-09-23 17:30:31 DEBUG cache - TemplateLoader.findTemplateSource("spark/macros/attr-common.ftl"): Found
2025-09-23 17:30:31 DEBUG cache - Loading template for "spark/macros/attr-common.ftl"("en_IN", UTF-8, parsed) from "jar:file:/C:/Users/Ritesh%20Kumar%20Singh/.m2/repository/com/aventstack/extentreports/5.1.2/extentreports-5.1.2.jar!/com/aventstack/extentreports/templates/spark/macros/attr-common.ftl"
2025-09-23 17:30:31 DEBUG cache - Couldn't find template in cache for "spark/partials/head.ftl"("en_IN", UTF-8, parsed); will try to load it.
2025-09-23 17:30:31 DEBUG cache - TemplateLoader.findTemplateSource("spark/partials/head_en_IN.ftl"): Not found
2025-09-23 17:30:31 DEBUG cache - TemplateLoader.findTemplateSource("spark/partials/head_en.ftl"): Not found
2025-09-23 17:30:31 DEBUG cache - TemplateLoader.findTemplateSource("spark/partials/head.ftl"): Found
2025-09-23 17:30:31 DEBUG cache - Loading template for "spark/partials/head.ftl"("en_IN", UTF-8, parsed) from "jar:file:/C:/Users/Ritesh%20Kumar%20Singh/.m2/repository/com/aventstack/extentreports/5.1.2/extentreports-5.1.2.jar!/com/aventstack/extentreports/templates/spark/partials/head.ftl"
2025-09-23 17:30:31 DEBUG cache - Couldn't find template in cache for "commons/commons-inject-css.ftl"("en_IN", UTF-8, parsed); will try to load it.
2025-09-23 17:30:31 DEBUG cache - TemplateLoader.findTemplateSource("commons/commons-inject-css_en_IN.ftl"): Not found
2025-09-23 17:30:31 DEBUG cache - TemplateLoader.findTemplateSource("commons/commons-inject-css_en.ftl"): Not found
2025-09-23 17:30:31 DEBUG cache - TemplateLoader.findTemplateSource("commons/commons-inject-css.ftl"): Found
2025-09-23 17:30:31 DEBUG cache - Loading template for "commons/commons-inject-css.ftl"("en_IN", UTF-8, parsed) from "jar:file:/C:/Users/Ritesh%20Kumar%20Singh/.m2/repository/com/aventstack/extentreports/5.1.2/extentreports-5.1.2.jar!/com/aventstack/extentreports/templates/commons/commons-inject-css.ftl"
2025-09-23 17:30:31 DEBUG cache - Couldn't find template in cache for "spark/partials/navbar.ftl"("en_IN", UTF-8, parsed); will try to load it.
2025-09-23 17:30:31 DEBUG cache - TemplateLoader.findTemplateSource("spark/partials/navbar_en_IN.ftl"): Not found
2025-09-23 17:30:31 DEBUG cache - TemplateLoader.findTemplateSource("spark/partials/navbar_en.ftl"): Not found
2025-09-23 17:30:31 DEBUG cache - TemplateLoader.findTemplateSource("spark/partials/navbar.ftl"): Found
2025-09-23 17:30:31 DEBUG cache - Loading template for "spark/partials/navbar.ftl"("en_IN", UTF-8, parsed) from "jar:file:/C:/Users/Ritesh%20Kumar%20Singh/.m2/repository/com/aventstack/extentreports/5.1.2/extentreports-5.1.2.jar!/com/aventstack/extentreports/templates/spark/partials/navbar.ftl"
2025-09-23 17:30:31 DEBUG cache - Couldn't find template in cache for "spark/partials/sidenav.ftl"("en_IN", UTF-8, parsed); will try to load it.
2025-09-23 17:30:31 DEBUG cache - TemplateLoader.findTemplateSource("spark/partials/sidenav_en_IN.ftl"): Not found
2025-09-23 17:30:31 DEBUG cache - TemplateLoader.findTemplateSource("spark/partials/sidenav_en.ftl"): Not found
2025-09-23 17:30:31 DEBUG cache - TemplateLoader.findTemplateSource("spark/partials/sidenav.ftl"): Found
2025-09-23 17:30:31 DEBUG cache - Loading template for "spark/partials/sidenav.ftl"("en_IN", UTF-8, parsed) from "jar:file:/C:/Users/Ritesh%20Kumar%20Singh/.m2/repository/com/aventstack/extentreports/5.1.2/extentreports-5.1.2.jar!/com/aventstack/extentreports/templates/spark/partials/sidenav.ftl"
2025-09-23 17:30:31 DEBUG cache - Couldn't find template in cache for "spark/partials/test.ftl"("en_IN", UTF-8, parsed); will try to load it.
2025-09-23 17:30:31 DEBUG cache - TemplateLoader.findTemplateSource("spark/partials/test_en_IN.ftl"): Not found
2025-09-23 17:30:31 DEBUG cache - TemplateLoader.findTemplateSource("spark/partials/test_en.ftl"): Not found
2025-09-23 17:30:31 DEBUG cache - TemplateLoader.findTemplateSource("spark/partials/test.ftl"): Found
2025-09-23 17:30:31 DEBUG cache - Loading template for "spark/partials/test.ftl"("en_IN", UTF-8, parsed) from "jar:file:/C:/Users/Ritesh%20Kumar%20Singh/.m2/repository/com/aventstack/extentreports/5.1.2/extentreports-5.1.2.jar!/com/aventstack/extentreports/templates/spark/partials/test.ftl"
2025-09-23 17:30:31 DEBUG cache - Couldn't find template in cache for "spark/partials/standard-content.ftl"("en_IN", UTF-8, parsed); will try to load it.
2025-09-23 17:30:31 DEBUG cache - TemplateLoader.findTemplateSource("spark/partials/standard-content_en_IN.ftl"): Not found
2025-09-23 17:30:31 DEBUG cache - TemplateLoader.findTemplateSource("spark/partials/standard-content_en.ftl"): Not found
2025-09-23 17:30:31 DEBUG cache - TemplateLoader.findTemplateSource("spark/partials/standard-content.ftl"): Found
2025-09-23 17:30:31 DEBUG cache - Loading template for "spark/partials/standard-content.ftl"("en_IN", UTF-8, parsed) from "jar:file:/C:/Users/Ritesh%20Kumar%20Singh/.m2/repository/com/aventstack/extentreports/5.1.2/extentreports-5.1.2.jar!/com/aventstack/extentreports/templates/spark/partials/standard-content.ftl"
2025-09-23 17:30:31 DEBUG cache - Couldn't find template in cache for "spark/partials/exception.ftl"("en_IN", UTF-8, parsed); will try to load it.
2025-09-23 17:30:31 DEBUG cache - TemplateLoader.findTemplateSource("spark/partials/exception_en_IN.ftl"): Not found
2025-09-23 17:30:31 DEBUG cache - TemplateLoader.findTemplateSource("spark/partials/exception_en.ftl"): Not found
2025-09-23 17:30:31 DEBUG cache - TemplateLoader.findTemplateSource("spark/partials/exception.ftl"): Found
2025-09-23 17:30:31 DEBUG cache - Loading template for "spark/partials/exception.ftl"("en_IN", UTF-8, parsed) from "jar:file:/C:/Users/Ritesh%20Kumar%20Singh/.m2/repository/com/aventstack/extentreports/5.1.2/extentreports-5.1.2.jar!/com/aventstack/extentreports/templates/spark/partials/exception.ftl"
2025-09-23 17:30:31 DEBUG cache - Couldn't find template in cache for "spark/partials/category.ftl"("en_IN", UTF-8, parsed); will try to load it.
2025-09-23 17:30:31 DEBUG cache - TemplateLoader.findTemplateSource("spark/partials/category_en_IN.ftl"): Not found
2025-09-23 17:30:31 DEBUG cache - TemplateLoader.findTemplateSource("spark/partials/category_en.ftl"): Not found
2025-09-23 17:30:31 DEBUG cache - TemplateLoader.findTemplateSource("spark/partials/category.ftl"): Found
2025-09-23 17:30:31 DEBUG cache - Loading template for "spark/partials/category.ftl"("en_IN", UTF-8, parsed) from "jar:file:/C:/Users/Ritesh%20Kumar%20Singh/.m2/repository/com/aventstack/extentreports/5.1.2/extentreports-5.1.2.jar!/com/aventstack/extentreports/templates/spark/partials/category.ftl"
2025-09-23 17:30:31 DEBUG cache - Couldn't find template in cache for "spark/partials/device.ftl"("en_IN", UTF-8, parsed); will try to load it.
2025-09-23 17:30:31 DEBUG cache - TemplateLoader.findTemplateSource("spark/partials/device_en_IN.ftl"): Not found
2025-09-23 17:30:31 DEBUG cache - TemplateLoader.findTemplateSource("spark/partials/device_en.ftl"): Not found
2025-09-23 17:30:31 DEBUG cache - TemplateLoader.findTemplateSource("spark/partials/device.ftl"): Found
2025-09-23 17:30:31 DEBUG cache - Loading template for "spark/partials/device.ftl"("en_IN", UTF-8, parsed) from "jar:file:/C:/Users/Ritesh%20Kumar%20Singh/.m2/repository/com/aventstack/extentreports/5.1.2/extentreports-5.1.2.jar!/com/aventstack/extentreports/templates/spark/partials/device.ftl"
2025-09-23 17:30:31 DEBUG cache - Couldn't find template in cache for "spark/partials/author.ftl"("en_IN", UTF-8, parsed); will try to load it.
2025-09-23 17:30:31 DEBUG cache - TemplateLoader.findTemplateSource("spark/partials/author_en_IN.ftl"): Not found
2025-09-23 17:30:31 DEBUG cache - TemplateLoader.findTemplateSource("spark/partials/author_en.ftl"): Not found
2025-09-23 17:30:31 DEBUG cache - TemplateLoader.findTemplateSource("spark/partials/author.ftl"): Found
2025-09-23 17:30:31 DEBUG cache - Loading template for "spark/partials/author.ftl"("en_IN", UTF-8, parsed) from "jar:file:/C:/Users/Ritesh%20Kumar%20Singh/.m2/repository/com/aventstack/extentreports/5.1.2/extentreports-5.1.2.jar!/com/aventstack/extentreports/templates/spark/partials/author.ftl"
2025-09-23 17:30:31 DEBUG cache - Couldn't find template in cache for "spark/partials/log.ftl"("en_IN", UTF-8, parsed); will try to load it.
2025-09-23 17:30:31 DEBUG cache - TemplateLoader.findTemplateSource("spark/partials/log_en_IN.ftl"): Not found
2025-09-23 17:30:31 DEBUG cache - TemplateLoader.findTemplateSource("spark/partials/log_en.ftl"): Not found
2025-09-23 17:30:31 DEBUG cache - TemplateLoader.findTemplateSource("spark/partials/log.ftl"): Found
2025-09-23 17:30:31 DEBUG cache - Loading template for "spark/partials/log.ftl"("en_IN", UTF-8, parsed) from "jar:file:/C:/Users/Ritesh%20Kumar%20Singh/.m2/repository/com/aventstack/extentreports/5.1.2/extentreports-5.1.2.jar!/com/aventstack/extentreports/templates/spark/partials/log.ftl"
2025-09-23 17:30:31 DEBUG cache - Couldn't find template in cache for "spark/partials/dashboard.ftl"("en_IN", UTF-8, parsed); will try to load it.
2025-09-23 17:30:31 DEBUG cache - TemplateLoader.findTemplateSource("spark/partials/dashboard_en_IN.ftl"): Not found
2025-09-23 17:30:31 DEBUG cache - TemplateLoader.findTemplateSource("spark/partials/dashboard_en.ftl"): Not found
2025-09-23 17:30:31 DEBUG cache - TemplateLoader.findTemplateSource("spark/partials/dashboard.ftl"): Found
2025-09-23 17:30:31 DEBUG cache - Loading template for "spark/partials/dashboard.ftl"("en_IN", UTF-8, parsed) from "jar:file:/C:/Users/Ritesh%20Kumar%20Singh/.m2/repository/com/aventstack/extentreports/5.1.2/extentreports-5.1.2.jar!/com/aventstack/extentreports/templates/spark/partials/dashboard.ftl"
2025-09-23 17:30:31 DEBUG cache - Couldn't find template in cache for "spark/partials/scripts.ftl"("en_IN", UTF-8, parsed); will try to load it.
2025-09-23 17:30:31 DEBUG cache - TemplateLoader.findTemplateSource("spark/partials/scripts_en_IN.ftl"): Not found
2025-09-23 17:30:31 DEBUG cache - TemplateLoader.findTemplateSource("spark/partials/scripts_en.ftl"): Not found
2025-09-23 17:30:31 DEBUG cache - TemplateLoader.findTemplateSource("spark/partials/scripts.ftl"): Found
2025-09-23 17:30:31 DEBUG cache - Loading template for "spark/partials/scripts.ftl"("en_IN", UTF-8, parsed) from "jar:file:/C:/Users/Ritesh%20Kumar%20Singh/.m2/repository/com/aventstack/extentreports/5.1.2/extentreports-5.1.2.jar!/com/aventstack/extentreports/templates/spark/partials/scripts.ftl"
2025-09-23 17:30:31 DEBUG cache - Couldn't find template in cache for "commons/commons-inject-js.ftl"("en_IN", UTF-8, parsed); will try to load it.
2025-09-23 17:30:31 DEBUG cache - TemplateLoader.findTemplateSource("commons/commons-inject-js_en_IN.ftl"): Not found
2025-09-23 17:30:31 DEBUG cache - TemplateLoader.findTemplateSource("commons/commons-inject-js_en.ftl"): Not found
2025-09-23 17:30:31 DEBUG cache - TemplateLoader.findTemplateSource("commons/commons-inject-js.ftl"): Found
2025-09-23 17:30:31 DEBUG cache - Loading template for "commons/commons-inject-js.ftl"("en_IN", UTF-8, parsed) from "jar:file:/C:/Users/Ritesh%20Kumar%20Singh/.m2/repository/com/aventstack/extentreports/5.1.2/extentreports-5.1.2.jar!/com/aventstack/extentreports/templates/commons/commons-inject-js.ftl"
2025-09-23 17:38:33 INFO  BaseTest - Driver initialized
2025-09-23 17:38:35 INFO  Listeners - basicActionOnGeneralStoreAppStarted
2025-09-23 17:38:40 ERROR Listeners - basicActionOnGeneralStoreAppFailed
2025-09-23 17:38:42 DEBUG cache - Couldn't find template in cache for "spark/spark.spa.ftl"("en_IN", UTF-8, parsed); will try to load it.
2025-09-23 17:38:42 DEBUG cache - TemplateLoader.findTemplateSource("spark/spark.spa_en_IN.ftl"): Not found
2025-09-23 17:38:42 DEBUG cache - TemplateLoader.findTemplateSource("spark/spark.spa_en.ftl"): Not found
2025-09-23 17:38:42 DEBUG cache - TemplateLoader.findTemplateSource("spark/spark.spa.ftl"): Found
2025-09-23 17:38:42 DEBUG cache - Loading template for "spark/spark.spa.ftl"("en_IN", UTF-8, parsed) from "jar:file:/C:/Users/Ritesh%20Kumar%20Singh/.m2/repository/com/aventstack/extentreports/5.1.2/extentreports-5.1.2.jar!/com/aventstack/extentreports/templates/spark/spark.spa.ftl"
2025-09-23 17:38:42 DEBUG cache - Couldn't find template in cache for "commons/commons-variables.ftl"("en_IN", UTF-8, parsed); will try to load it.
2025-09-23 17:38:42 DEBUG cache - TemplateLoader.findTemplateSource("commons/commons-variables_en_IN.ftl"): Not found
2025-09-23 17:38:42 DEBUG cache - TemplateLoader.findTemplateSource("commons/commons-variables_en.ftl"): Not found
2025-09-23 17:38:42 DEBUG cache - TemplateLoader.findTemplateSource("commons/commons-variables.ftl"): Found
2025-09-23 17:38:42 DEBUG cache - Loading template for "commons/commons-variables.ftl"("en_IN", UTF-8, parsed) from "jar:file:/C:/Users/Ritesh%20Kumar%20Singh/.m2/repository/com/aventstack/extentreports/5.1.2/extentreports-5.1.2.jar!/com/aventstack/extentreports/templates/commons/commons-variables.ftl"
2025-09-23 17:38:42 DEBUG cache - Couldn't find template in cache for "commons/commons-macros.ftl"("en_IN", UTF-8, parsed); will try to load it.
2025-09-23 17:38:42 DEBUG cache - TemplateLoader.findTemplateSource("commons/commons-macros_en_IN.ftl"): Not found
2025-09-23 17:38:42 DEBUG cache - TemplateLoader.findTemplateSource("commons/commons-macros_en.ftl"): Not found
2025-09-23 17:38:42 DEBUG cache - TemplateLoader.findTemplateSource("commons/commons-macros.ftl"): Found
2025-09-23 17:38:42 DEBUG cache - Loading template for "commons/commons-macros.ftl"("en_IN", UTF-8, parsed) from "jar:file:/C:/Users/Ritesh%20Kumar%20Singh/.m2/repository/com/aventstack/extentreports/5.1.2/extentreports-5.1.2.jar!/com/aventstack/extentreports/templates/commons/commons-macros.ftl"
2025-09-23 17:38:42 DEBUG cache - Couldn't find template in cache for "spark/macros/attributes.ftl"("en_IN", UTF-8, parsed); will try to load it.
2025-09-23 17:38:42 DEBUG cache - TemplateLoader.findTemplateSource("spark/macros/attributes_en_IN.ftl"): Not found
2025-09-23 17:38:42 DEBUG cache - TemplateLoader.findTemplateSource("spark/macros/attributes_en.ftl"): Not found
2025-09-23 17:38:42 DEBUG cache - TemplateLoader.findTemplateSource("spark/macros/attributes.ftl"): Found
2025-09-23 17:38:42 DEBUG cache - Loading template for "spark/macros/attributes.ftl"("en_IN", UTF-8, parsed) from "jar:file:/C:/Users/Ritesh%20Kumar%20Singh/.m2/repository/com/aventstack/extentreports/5.1.2/extentreports-5.1.2.jar!/com/aventstack/extentreports/templates/spark/macros/attributes.ftl"
2025-09-23 17:38:42 DEBUG cache - Couldn't find template in cache for "spark/macros/log.ftl"("en_IN", UTF-8, parsed); will try to load it.
2025-09-23 17:38:42 DEBUG cache - TemplateLoader.findTemplateSource("spark/macros/log_en_IN.ftl"): Not found
2025-09-23 17:38:42 DEBUG cache - TemplateLoader.findTemplateSource("spark/macros/log_en.ftl"): Not found
2025-09-23 17:38:42 DEBUG cache - TemplateLoader.findTemplateSource("spark/macros/log.ftl"): Found
2025-09-23 17:38:42 DEBUG cache - Loading template for "spark/macros/log.ftl"("en_IN", UTF-8, parsed) from "jar:file:/C:/Users/Ritesh%20Kumar%20Singh/.m2/repository/com/aventstack/extentreports/5.1.2/extentreports-5.1.2.jar!/com/aventstack/extentreports/templates/spark/macros/log.ftl"
2025-09-23 17:38:42 DEBUG cache - Couldn't find template in cache for "spark/macros/recurse_nodes.ftl"("en_IN", UTF-8, parsed); will try to load it.
2025-09-23 17:38:42 DEBUG cache - TemplateLoader.findTemplateSource("spark/macros/recurse_nodes_en_IN.ftl"): Not found
2025-09-23 17:38:42 DEBUG cache - TemplateLoader.findTemplateSource("spark/macros/recurse_nodes_en.ftl"): Not found
2025-09-23 17:38:42 DEBUG cache - TemplateLoader.findTemplateSource("spark/macros/recurse_nodes.ftl"): Found
2025-09-23 17:38:42 DEBUG cache - Loading template for "spark/macros/recurse_nodes.ftl"("en_IN", UTF-8, parsed) from "jar:file:/C:/Users/Ritesh%20Kumar%20Singh/.m2/repository/com/aventstack/extentreports/5.1.2/extentreports-5.1.2.jar!/com/aventstack/extentreports/templates/spark/macros/recurse_nodes.ftl"
2025-09-23 17:38:42 DEBUG cache - "spark/macros/log.ftl"("en_IN", UTF-8, parsed) cached copy not yet stale; using cached.
2025-09-23 17:38:42 DEBUG cache - Couldn't find template in cache for "spark/macros/attr-common.ftl"("en_IN", UTF-8, parsed); will try to load it.
2025-09-23 17:38:42 DEBUG cache - TemplateLoader.findTemplateSource("spark/macros/attr-common_en_IN.ftl"): Not found
2025-09-23 17:38:42 DEBUG cache - TemplateLoader.findTemplateSource("spark/macros/attr-common_en.ftl"): Not found
2025-09-23 17:38:42 DEBUG cache - TemplateLoader.findTemplateSource("spark/macros/attr-common.ftl"): Found
2025-09-23 17:38:42 DEBUG cache - Loading template for "spark/macros/attr-common.ftl"("en_IN", UTF-8, parsed) from "jar:file:/C:/Users/Ritesh%20Kumar%20Singh/.m2/repository/com/aventstack/extentreports/5.1.2/extentreports-5.1.2.jar!/com/aventstack/extentreports/templates/spark/macros/attr-common.ftl"
2025-09-23 17:38:42 DEBUG cache - Couldn't find template in cache for "spark/partials/head.ftl"("en_IN", UTF-8, parsed); will try to load it.
2025-09-23 17:38:42 DEBUG cache - TemplateLoader.findTemplateSource("spark/partials/head_en_IN.ftl"): Not found
2025-09-23 17:38:42 DEBUG cache - TemplateLoader.findTemplateSource("spark/partials/head_en.ftl"): Not found
2025-09-23 17:38:42 DEBUG cache - TemplateLoader.findTemplateSource("spark/partials/head.ftl"): Found
2025-09-23 17:38:42 DEBUG cache - Loading template for "spark/partials/head.ftl"("en_IN", UTF-8, parsed) from "jar:file:/C:/Users/Ritesh%20Kumar%20Singh/.m2/repository/com/aventstack/extentreports/5.1.2/extentreports-5.1.2.jar!/com/aventstack/extentreports/templates/spark/partials/head.ftl"
2025-09-23 17:38:42 DEBUG cache - Couldn't find template in cache for "commons/commons-inject-css.ftl"("en_IN", UTF-8, parsed); will try to load it.
2025-09-23 17:38:42 DEBUG cache - TemplateLoader.findTemplateSource("commons/commons-inject-css_en_IN.ftl"): Not found
2025-09-23 17:38:42 DEBUG cache - TemplateLoader.findTemplateSource("commons/commons-inject-css_en.ftl"): Not found
2025-09-23 17:38:42 DEBUG cache - TemplateLoader.findTemplateSource("commons/commons-inject-css.ftl"): Found
2025-09-23 17:38:42 DEBUG cache - Loading template for "commons/commons-inject-css.ftl"("en_IN", UTF-8, parsed) from "jar:file:/C:/Users/Ritesh%20Kumar%20Singh/.m2/repository/com/aventstack/extentreports/5.1.2/extentreports-5.1.2.jar!/com/aventstack/extentreports/templates/commons/commons-inject-css.ftl"
2025-09-23 17:38:42 DEBUG cache - Couldn't find template in cache for "spark/partials/navbar.ftl"("en_IN", UTF-8, parsed); will try to load it.
2025-09-23 17:38:42 DEBUG cache - TemplateLoader.findTemplateSource("spark/partials/navbar_en_IN.ftl"): Not found
2025-09-23 17:38:42 DEBUG cache - TemplateLoader.findTemplateSource("spark/partials/navbar_en.ftl"): Not found
2025-09-23 17:38:42 DEBUG cache - TemplateLoader.findTemplateSource("spark/partials/navbar.ftl"): Found
2025-09-23 17:38:42 DEBUG cache - Loading template for "spark/partials/navbar.ftl"("en_IN", UTF-8, parsed) from "jar:file:/C:/Users/Ritesh%20Kumar%20Singh/.m2/repository/com/aventstack/extentreports/5.1.2/extentreports-5.1.2.jar!/com/aventstack/extentreports/templates/spark/partials/navbar.ftl"
2025-09-23 17:38:42 DEBUG cache - Couldn't find template in cache for "spark/partials/sidenav.ftl"("en_IN", UTF-8, parsed); will try to load it.
2025-09-23 17:38:42 DEBUG cache - TemplateLoader.findTemplateSource("spark/partials/sidenav_en_IN.ftl"): Not found
2025-09-23 17:38:42 DEBUG cache - TemplateLoader.findTemplateSource("spark/partials/sidenav_en.ftl"): Not found
2025-09-23 17:38:42 DEBUG cache - TemplateLoader.findTemplateSource("spark/partials/sidenav.ftl"): Found
2025-09-23 17:38:42 DEBUG cache - Loading template for "spark/partials/sidenav.ftl"("en_IN", UTF-8, parsed) from "jar:file:/C:/Users/Ritesh%20Kumar%20Singh/.m2/repository/com/aventstack/extentreports/5.1.2/extentreports-5.1.2.jar!/com/aventstack/extentreports/templates/spark/partials/sidenav.ftl"
2025-09-23 17:38:42 DEBUG cache - Couldn't find template in cache for "spark/partials/test.ftl"("en_IN", UTF-8, parsed); will try to load it.
2025-09-23 17:38:42 DEBUG cache - TemplateLoader.findTemplateSource("spark/partials/test_en_IN.ftl"): Not found
2025-09-23 17:38:42 DEBUG cache - TemplateLoader.findTemplateSource("spark/partials/test_en.ftl"): Not found
2025-09-23 17:38:42 DEBUG cache - TemplateLoader.findTemplateSource("spark/partials/test.ftl"): Found
2025-09-23 17:38:42 DEBUG cache - Loading template for "spark/partials/test.ftl"("en_IN", UTF-8, parsed) from "jar:file:/C:/Users/Ritesh%20Kumar%20Singh/.m2/repository/com/aventstack/extentreports/5.1.2/extentreports-5.1.2.jar!/com/aventstack/extentreports/templates/spark/partials/test.ftl"
2025-09-23 17:38:42 DEBUG cache - Couldn't find template in cache for "spark/partials/standard-content.ftl"("en_IN", UTF-8, parsed); will try to load it.
2025-09-23 17:38:42 DEBUG cache - TemplateLoader.findTemplateSource("spark/partials/standard-content_en_IN.ftl"): Not found
2025-09-23 17:38:42 DEBUG cache - TemplateLoader.findTemplateSource("spark/partials/standard-content_en.ftl"): Not found
2025-09-23 17:38:42 DEBUG cache - TemplateLoader.findTemplateSource("spark/partials/standard-content.ftl"): Found
2025-09-23 17:38:42 DEBUG cache - Loading template for "spark/partials/standard-content.ftl"("en_IN", UTF-8, parsed) from "jar:file:/C:/Users/Ritesh%20Kumar%20Singh/.m2/repository/com/aventstack/extentreports/5.1.2/extentreports-5.1.2.jar!/com/aventstack/extentreports/templates/spark/partials/standard-content.ftl"
2025-09-23 17:38:42 DEBUG cache - Couldn't find template in cache for "spark/partials/exception.ftl"("en_IN", UTF-8, parsed); will try to load it.
2025-09-23 17:38:42 DEBUG cache - TemplateLoader.findTemplateSource("spark/partials/exception_en_IN.ftl"): Not found
2025-09-23 17:38:42 DEBUG cache - TemplateLoader.findTemplateSource("spark/partials/exception_en.ftl"): Not found
2025-09-23 17:38:42 DEBUG cache - TemplateLoader.findTemplateSource("spark/partials/exception.ftl"): Found
2025-09-23 17:38:42 DEBUG cache - Loading template for "spark/partials/exception.ftl"("en_IN", UTF-8, parsed) from "jar:file:/C:/Users/Ritesh%20Kumar%20Singh/.m2/repository/com/aventstack/extentreports/5.1.2/extentreports-5.1.2.jar!/com/aventstack/extentreports/templates/spark/partials/exception.ftl"
2025-09-23 17:38:42 DEBUG cache - Couldn't find template in cache for "spark/partials/category.ftl"("en_IN", UTF-8, parsed); will try to load it.
2025-09-23 17:38:42 DEBUG cache - TemplateLoader.findTemplateSource("spark/partials/category_en_IN.ftl"): Not found
2025-09-23 17:38:42 DEBUG cache - TemplateLoader.findTemplateSource("spark/partials/category_en.ftl"): Not found
2025-09-23 17:38:42 DEBUG cache - TemplateLoader.findTemplateSource("spark/partials/category.ftl"): Found
2025-09-23 17:38:42 DEBUG cache - Loading template for "spark/partials/category.ftl"("en_IN", UTF-8, parsed) from "jar:file:/C:/Users/Ritesh%20Kumar%20Singh/.m2/repository/com/aventstack/extentreports/5.1.2/extentreports-5.1.2.jar!/com/aventstack/extentreports/templates/spark/partials/category.ftl"
2025-09-23 17:38:42 DEBUG cache - Couldn't find template in cache for "spark/partials/device.ftl"("en_IN", UTF-8, parsed); will try to load it.
2025-09-23 17:38:42 DEBUG cache - TemplateLoader.findTemplateSource("spark/partials/device_en_IN.ftl"): Not found
2025-09-23 17:38:42 DEBUG cache - TemplateLoader.findTemplateSource("spark/partials/device_en.ftl"): Not found
2025-09-23 17:38:42 DEBUG cache - TemplateLoader.findTemplateSource("spark/partials/device.ftl"): Found
2025-09-23 17:38:42 DEBUG cache - Loading template for "spark/partials/device.ftl"("en_IN", UTF-8, parsed) from "jar:file:/C:/Users/Ritesh%20Kumar%20Singh/.m2/repository/com/aventstack/extentreports/5.1.2/extentreports-5.1.2.jar!/com/aventstack/extentreports/templates/spark/partials/device.ftl"
2025-09-23 17:38:42 DEBUG cache - Couldn't find template in cache for "spark/partials/author.ftl"("en_IN", UTF-8, parsed); will try to load it.
2025-09-23 17:38:42 DEBUG cache - TemplateLoader.findTemplateSource("spark/partials/author_en_IN.ftl"): Not found
2025-09-23 17:38:42 DEBUG cache - TemplateLoader.findTemplateSource("spark/partials/author_en.ftl"): Not found
2025-09-23 17:38:42 DEBUG cache - TemplateLoader.findTemplateSource("spark/partials/author.ftl"): Found
2025-09-23 17:38:42 DEBUG cache - Loading template for "spark/partials/author.ftl"("en_IN", UTF-8, parsed) from "jar:file:/C:/Users/Ritesh%20Kumar%20Singh/.m2/repository/com/aventstack/extentreports/5.1.2/extentreports-5.1.2.jar!/com/aventstack/extentreports/templates/spark/partials/author.ftl"
2025-09-23 17:38:42 DEBUG cache - Couldn't find template in cache for "spark/partials/log.ftl"("en_IN", UTF-8, parsed); will try to load it.
2025-09-23 17:38:42 DEBUG cache - TemplateLoader.findTemplateSource("spark/partials/log_en_IN.ftl"): Not found
2025-09-23 17:38:42 DEBUG cache - TemplateLoader.findTemplateSource("spark/partials/log_en.ftl"): Not found
2025-09-23 17:38:42 DEBUG cache - TemplateLoader.findTemplateSource("spark/partials/log.ftl"): Found
2025-09-23 17:38:42 DEBUG cache - Loading template for "spark/partials/log.ftl"("en_IN", UTF-8, parsed) from "jar:file:/C:/Users/Ritesh%20Kumar%20Singh/.m2/repository/com/aventstack/extentreports/5.1.2/extentreports-5.1.2.jar!/com/aventstack/extentreports/templates/spark/partials/log.ftl"
2025-09-23 17:38:42 DEBUG cache - Couldn't find template in cache for "spark/partials/dashboard.ftl"("en_IN", UTF-8, parsed); will try to load it.
2025-09-23 17:38:42 DEBUG cache - TemplateLoader.findTemplateSource("spark/partials/dashboard_en_IN.ftl"): Not found
2025-09-23 17:38:42 DEBUG cache - TemplateLoader.findTemplateSource("spark/partials/dashboard_en.ftl"): Not found
2025-09-23 17:38:42 DEBUG cache - TemplateLoader.findTemplateSource("spark/partials/dashboard.ftl"): Found
2025-09-23 17:38:42 DEBUG cache - Loading template for "spark/partials/dashboard.ftl"("en_IN", UTF-8, parsed) from "jar:file:/C:/Users/Ritesh%20Kumar%20Singh/.m2/repository/com/aventstack/extentreports/5.1.2/extentreports-5.1.2.jar!/com/aventstack/extentreports/templates/spark/partials/dashboard.ftl"
2025-09-23 17:38:42 DEBUG cache - Couldn't find template in cache for "spark/partials/scripts.ftl"("en_IN", UTF-8, parsed); will try to load it.
2025-09-23 17:38:42 DEBUG cache - TemplateLoader.findTemplateSource("spark/partials/scripts_en_IN.ftl"): Not found
2025-09-23 17:38:42 DEBUG cache - TemplateLoader.findTemplateSource("spark/partials/scripts_en.ftl"): Not found
2025-09-23 17:38:42 DEBUG cache - TemplateLoader.findTemplateSource("spark/partials/scripts.ftl"): Found
2025-09-23 17:38:42 DEBUG cache - Loading template for "spark/partials/scripts.ftl"("en_IN", UTF-8, parsed) from "jar:file:/C:/Users/Ritesh%20Kumar%20Singh/.m2/repository/com/aventstack/extentreports/5.1.2/extentreports-5.1.2.jar!/com/aventstack/extentreports/templates/spark/partials/scripts.ftl"
2025-09-23 17:38:42 DEBUG cache - Couldn't find template in cache for "commons/commons-inject-js.ftl"("en_IN", UTF-8, parsed); will try to load it.
2025-09-23 17:38:42 DEBUG cache - TemplateLoader.findTemplateSource("commons/commons-inject-js_en_IN.ftl"): Not found
2025-09-23 17:38:42 DEBUG cache - TemplateLoader.findTemplateSource("commons/commons-inject-js_en.ftl"): Not found
2025-09-23 17:38:42 DEBUG cache - TemplateLoader.findTemplateSource("commons/commons-inject-js.ftl"): Found
2025-09-23 17:38:42 DEBUG cache - Loading template for "commons/commons-inject-js.ftl"("en_IN", UTF-8, parsed) from "jar:file:/C:/Users/Ritesh%20Kumar%20Singh/.m2/repository/com/aventstack/extentreports/5.1.2/extentreports-5.1.2.jar!/com/aventstack/extentreports/templates/commons/commons-inject-js.ftl"
2025-09-23 17:41:16 INFO  BaseTest - Driver initialized
2025-09-23 17:41:17 INFO  Listeners - basicActionOnGeneralStoreAppStarted
2025-09-23 17:41:22 ERROR Listeners - basicActionOnGeneralStoreAppFailed
2025-09-23 17:41:24 DEBUG cache - Couldn't find template in cache for "spark/spark.spa.ftl"("en_IN", UTF-8, parsed); will try to load it.
2025-09-23 17:41:24 DEBUG cache - TemplateLoader.findTemplateSource("spark/spark.spa_en_IN.ftl"): Not found
2025-09-23 17:41:24 DEBUG cache - TemplateLoader.findTemplateSource("spark/spark.spa_en.ftl"): Not found
2025-09-23 17:41:24 DEBUG cache - TemplateLoader.findTemplateSource("spark/spark.spa.ftl"): Found
2025-09-23 17:41:24 DEBUG cache - Loading template for "spark/spark.spa.ftl"("en_IN", UTF-8, parsed) from "jar:file:/C:/Users/Ritesh%20Kumar%20Singh/.m2/repository/com/aventstack/extentreports/5.1.2/extentreports-5.1.2.jar!/com/aventstack/extentreports/templates/spark/spark.spa.ftl"
2025-09-23 17:41:24 DEBUG cache - Couldn't find template in cache for "commons/commons-variables.ftl"("en_IN", UTF-8, parsed); will try to load it.
2025-09-23 17:41:24 DEBUG cache - TemplateLoader.findTemplateSource("commons/commons-variables_en_IN.ftl"): Not found
2025-09-23 17:41:24 DEBUG cache - TemplateLoader.findTemplateSource("commons/commons-variables_en.ftl"): Not found
2025-09-23 17:41:24 DEBUG cache - TemplateLoader.findTemplateSource("commons/commons-variables.ftl"): Found
2025-09-23 17:41:24 DEBUG cache - Loading template for "commons/commons-variables.ftl"("en_IN", UTF-8, parsed) from "jar:file:/C:/Users/Ritesh%20Kumar%20Singh/.m2/repository/com/aventstack/extentreports/5.1.2/extentreports-5.1.2.jar!/com/aventstack/extentreports/templates/commons/commons-variables.ftl"
2025-09-23 17:41:24 DEBUG cache - Couldn't find template in cache for "commons/commons-macros.ftl"("en_IN", UTF-8, parsed); will try to load it.
2025-09-23 17:41:24 DEBUG cache - TemplateLoader.findTemplateSource("commons/commons-macros_en_IN.ftl"): Not found
2025-09-23 17:41:24 DEBUG cache - TemplateLoader.findTemplateSource("commons/commons-macros_en.ftl"): Not found
2025-09-23 17:41:24 DEBUG cache - TemplateLoader.findTemplateSource("commons/commons-macros.ftl"): Found
2025-09-23 17:41:24 DEBUG cache - Loading template for "commons/commons-macros.ftl"("en_IN", UTF-8, parsed) from "jar:file:/C:/Users/Ritesh%20Kumar%20Singh/.m2/repository/com/aventstack/extentreports/5.1.2/extentreports-5.1.2.jar!/com/aventstack/extentreports/templates/commons/commons-macros.ftl"
2025-09-23 17:41:24 DEBUG cache - Couldn't find template in cache for "spark/macros/attributes.ftl"("en_IN", UTF-8, parsed); will try to load it.
2025-09-23 17:41:24 DEBUG cache - TemplateLoader.findTemplateSource("spark/macros/attributes_en_IN.ftl"): Not found
2025-09-23 17:41:24 DEBUG cache - TemplateLoader.findTemplateSource("spark/macros/attributes_en.ftl"): Not found
2025-09-23 17:41:24 DEBUG cache - TemplateLoader.findTemplateSource("spark/macros/attributes.ftl"): Found
2025-09-23 17:41:24 DEBUG cache - Loading template for "spark/macros/attributes.ftl"("en_IN", UTF-8, parsed) from "jar:file:/C:/Users/Ritesh%20Kumar%20Singh/.m2/repository/com/aventstack/extentreports/5.1.2/extentreports-5.1.2.jar!/com/aventstack/extentreports/templates/spark/macros/attributes.ftl"
2025-09-23 17:41:24 DEBUG cache - Couldn't find template in cache for "spark/macros/log.ftl"("en_IN", UTF-8, parsed); will try to load it.
2025-09-23 17:41:24 DEBUG cache - TemplateLoader.findTemplateSource("spark/macros/log_en_IN.ftl"): Not found
2025-09-23 17:41:24 DEBUG cache - TemplateLoader.findTemplateSource("spark/macros/log_en.ftl"): Not found
2025-09-23 17:41:24 DEBUG cache - TemplateLoader.findTemplateSource("spark/macros/log.ftl"): Found
2025-09-23 17:41:24 DEBUG cache - Loading template for "spark/macros/log.ftl"("en_IN", UTF-8, parsed) from "jar:file:/C:/Users/Ritesh%20Kumar%20Singh/.m2/repository/com/aventstack/extentreports/5.1.2/extentreports-5.1.2.jar!/com/aventstack/extentreports/templates/spark/macros/log.ftl"
2025-09-23 17:41:24 DEBUG cache - Couldn't find template in cache for "spark/macros/recurse_nodes.ftl"("en_IN", UTF-8, parsed); will try to load it.
2025-09-23 17:41:24 DEBUG cache - TemplateLoader.findTemplateSource("spark/macros/recurse_nodes_en_IN.ftl"): Not found
2025-09-23 17:41:24 DEBUG cache - TemplateLoader.findTemplateSource("spark/macros/recurse_nodes_en.ftl"): Not found
2025-09-23 17:41:24 DEBUG cache - TemplateLoader.findTemplateSource("spark/macros/recurse_nodes.ftl"): Found
2025-09-23 17:41:24 DEBUG cache - Loading template for "spark/macros/recurse_nodes.ftl"("en_IN", UTF-8, parsed) from "jar:file:/C:/Users/Ritesh%20Kumar%20Singh/.m2/repository/com/aventstack/extentreports/5.1.2/extentreports-5.1.2.jar!/com/aventstack/extentreports/templates/spark/macros/recurse_nodes.ftl"
2025-09-23 17:41:24 DEBUG cache - "spark/macros/log.ftl"("en_IN", UTF-8, parsed) cached copy not yet stale; using cached.
2025-09-23 17:41:24 DEBUG cache - Couldn't find template in cache for "spark/macros/attr-common.ftl"("en_IN", UTF-8, parsed); will try to load it.
2025-09-23 17:41:24 DEBUG cache - TemplateLoader.findTemplateSource("spark/macros/attr-common_en_IN.ftl"): Not found
2025-09-23 17:41:24 DEBUG cache - TemplateLoader.findTemplateSource("spark/macros/attr-common_en.ftl"): Not found
2025-09-23 17:41:24 DEBUG cache - TemplateLoader.findTemplateSource("spark/macros/attr-common.ftl"): Found
2025-09-23 17:41:24 DEBUG cache - Loading template for "spark/macros/attr-common.ftl"("en_IN", UTF-8, parsed) from "jar:file:/C:/Users/Ritesh%20Kumar%20Singh/.m2/repository/com/aventstack/extentreports/5.1.2/extentreports-5.1.2.jar!/com/aventstack/extentreports/templates/spark/macros/attr-common.ftl"
2025-09-23 17:41:24 DEBUG cache - Couldn't find template in cache for "spark/partials/head.ftl"("en_IN", UTF-8, parsed); will try to load it.
2025-09-23 17:41:24 DEBUG cache - TemplateLoader.findTemplateSource("spark/partials/head_en_IN.ftl"): Not found
2025-09-23 17:41:24 DEBUG cache - TemplateLoader.findTemplateSource("spark/partials/head_en.ftl"): Not found
2025-09-23 17:41:24 DEBUG cache - TemplateLoader.findTemplateSource("spark/partials/head.ftl"): Found
2025-09-23 17:41:24 DEBUG cache - Loading template for "spark/partials/head.ftl"("en_IN", UTF-8, parsed) from "jar:file:/C:/Users/Ritesh%20Kumar%20Singh/.m2/repository/com/aventstack/extentreports/5.1.2/extentreports-5.1.2.jar!/com/aventstack/extentreports/templates/spark/partials/head.ftl"
2025-09-23 17:41:24 DEBUG cache - Couldn't find template in cache for "commons/commons-inject-css.ftl"("en_IN", UTF-8, parsed); will try to load it.
2025-09-23 17:41:24 DEBUG cache - TemplateLoader.findTemplateSource("commons/commons-inject-css_en_IN.ftl"): Not found
2025-09-23 17:41:24 DEBUG cache - TemplateLoader.findTemplateSource("commons/commons-inject-css_en.ftl"): Not found
2025-09-23 17:41:24 DEBUG cache - TemplateLoader.findTemplateSource("commons/commons-inject-css.ftl"): Found
2025-09-23 17:41:24 DEBUG cache - Loading template for "commons/commons-inject-css.ftl"("en_IN", UTF-8, parsed) from "jar:file:/C:/Users/Ritesh%20Kumar%20Singh/.m2/repository/com/aventstack/extentreports/5.1.2/extentreports-5.1.2.jar!/com/aventstack/extentreports/templates/commons/commons-inject-css.ftl"
2025-09-23 17:41:24 DEBUG cache - Couldn't find template in cache for "spark/partials/navbar.ftl"("en_IN", UTF-8, parsed); will try to load it.
2025-09-23 17:41:24 DEBUG cache - TemplateLoader.findTemplateSource("spark/partials/navbar_en_IN.ftl"): Not found
2025-09-23 17:41:24 DEBUG cache - TemplateLoader.findTemplateSource("spark/partials/navbar_en.ftl"): Not found
2025-09-23 17:41:24 DEBUG cache - TemplateLoader.findTemplateSource("spark/partials/navbar.ftl"): Found
2025-09-23 17:41:24 DEBUG cache - Loading template for "spark/partials/navbar.ftl"("en_IN", UTF-8, parsed) from "jar:file:/C:/Users/Ritesh%20Kumar%20Singh/.m2/repository/com/aventstack/extentreports/5.1.2/extentreports-5.1.2.jar!/com/aventstack/extentreports/templates/spark/partials/navbar.ftl"
2025-09-23 17:41:24 DEBUG cache - Couldn't find template in cache for "spark/partials/sidenav.ftl"("en_IN", UTF-8, parsed); will try to load it.
2025-09-23 17:41:24 DEBUG cache - TemplateLoader.findTemplateSource("spark/partials/sidenav_en_IN.ftl"): Not found
2025-09-23 17:41:24 DEBUG cache - TemplateLoader.findTemplateSource("spark/partials/sidenav_en.ftl"): Not found
2025-09-23 17:41:24 DEBUG cache - TemplateLoader.findTemplateSource("spark/partials/sidenav.ftl"): Found
2025-09-23 17:41:24 DEBUG cache - Loading template for "spark/partials/sidenav.ftl"("en_IN", UTF-8, parsed) from "jar:file:/C:/Users/Ritesh%20Kumar%20Singh/.m2/repository/com/aventstack/extentreports/5.1.2/extentreports-5.1.2.jar!/com/aventstack/extentreports/templates/spark/partials/sidenav.ftl"
2025-09-23 17:41:24 DEBUG cache - Couldn't find template in cache for "spark/partials/test.ftl"("en_IN", UTF-8, parsed); will try to load it.
2025-09-23 17:41:24 DEBUG cache - TemplateLoader.findTemplateSource("spark/partials/test_en_IN.ftl"): Not found
2025-09-23 17:41:24 DEBUG cache - TemplateLoader.findTemplateSource("spark/partials/test_en.ftl"): Not found
2025-09-23 17:41:24 DEBUG cache - TemplateLoader.findTemplateSource("spark/partials/test.ftl"): Found
2025-09-23 17:41:24 DEBUG cache - Loading template for "spark/partials/test.ftl"("en_IN", UTF-8, parsed) from "jar:file:/C:/Users/Ritesh%20Kumar%20Singh/.m2/repository/com/aventstack/extentreports/5.1.2/extentreports-5.1.2.jar!/com/aventstack/extentreports/templates/spark/partials/test.ftl"
2025-09-23 17:41:24 DEBUG cache - Couldn't find template in cache for "spark/partials/standard-content.ftl"("en_IN", UTF-8, parsed); will try to load it.
2025-09-23 17:41:24 DEBUG cache - TemplateLoader.findTemplateSource("spark/partials/standard-content_en_IN.ftl"): Not found
2025-09-23 17:41:24 DEBUG cache - TemplateLoader.findTemplateSource("spark/partials/standard-content_en.ftl"): Not found
2025-09-23 17:41:24 DEBUG cache - TemplateLoader.findTemplateSource("spark/partials/standard-content.ftl"): Found
2025-09-23 17:41:24 DEBUG cache - Loading template for "spark/partials/standard-content.ftl"("en_IN", UTF-8, parsed) from "jar:file:/C:/Users/Ritesh%20Kumar%20Singh/.m2/repository/com/aventstack/extentreports/5.1.2/extentreports-5.1.2.jar!/com/aventstack/extentreports/templates/spark/partials/standard-content.ftl"
2025-09-23 17:41:24 DEBUG cache - Couldn't find template in cache for "spark/partials/exception.ftl"("en_IN", UTF-8, parsed); will try to load it.
2025-09-23 17:41:24 DEBUG cache - TemplateLoader.findTemplateSource("spark/partials/exception_en_IN.ftl"): Not found
2025-09-23 17:41:24 DEBUG cache - TemplateLoader.findTemplateSource("spark/partials/exception_en.ftl"): Not found
2025-09-23 17:41:24 DEBUG cache - TemplateLoader.findTemplateSource("spark/partials/exception.ftl"): Found
2025-09-23 17:41:24 DEBUG cache - Loading template for "spark/partials/exception.ftl"("en_IN", UTF-8, parsed) from "jar:file:/C:/Users/Ritesh%20Kumar%20Singh/.m2/repository/com/aventstack/extentreports/5.1.2/extentreports-5.1.2.jar!/com/aventstack/extentreports/templates/spark/partials/exception.ftl"
2025-09-23 17:41:24 DEBUG cache - Couldn't find template in cache for "spark/partials/category.ftl"("en_IN", UTF-8, parsed); will try to load it.
2025-09-23 17:41:24 DEBUG cache - TemplateLoader.findTemplateSource("spark/partials/category_en_IN.ftl"): Not found
2025-09-23 17:41:24 DEBUG cache - TemplateLoader.findTemplateSource("spark/partials/category_en.ftl"): Not found
2025-09-23 17:41:24 DEBUG cache - TemplateLoader.findTemplateSource("spark/partials/category.ftl"): Found
2025-09-23 17:41:24 DEBUG cache - Loading template for "spark/partials/category.ftl"("en_IN", UTF-8, parsed) from "jar:file:/C:/Users/Ritesh%20Kumar%20Singh/.m2/repository/com/aventstack/extentreports/5.1.2/extentreports-5.1.2.jar!/com/aventstack/extentreports/templates/spark/partials/category.ftl"
2025-09-23 17:41:24 DEBUG cache - Couldn't find template in cache for "spark/partials/device.ftl"("en_IN", UTF-8, parsed); will try to load it.
2025-09-23 17:41:24 DEBUG cache - TemplateLoader.findTemplateSource("spark/partials/device_en_IN.ftl"): Not found
2025-09-23 17:41:24 DEBUG cache - TemplateLoader.findTemplateSource("spark/partials/device_en.ftl"): Not found
2025-09-23 17:41:24 DEBUG cache - TemplateLoader.findTemplateSource("spark/partials/device.ftl"): Found
2025-09-23 17:41:24 DEBUG cache - Loading template for "spark/partials/device.ftl"("en_IN", UTF-8, parsed) from "jar:file:/C:/Users/Ritesh%20Kumar%20Singh/.m2/repository/com/aventstack/extentreports/5.1.2/extentreports-5.1.2.jar!/com/aventstack/extentreports/templates/spark/partials/device.ftl"
2025-09-23 17:41:24 DEBUG cache - Couldn't find template in cache for "spark/partials/author.ftl"("en_IN", UTF-8, parsed); will try to load it.
2025-09-23 17:41:24 DEBUG cache - TemplateLoader.findTemplateSource("spark/partials/author_en_IN.ftl"): Not found
2025-09-23 17:41:24 DEBUG cache - TemplateLoader.findTemplateSource("spark/partials/author_en.ftl"): Not found
2025-09-23 17:41:24 DEBUG cache - TemplateLoader.findTemplateSource("spark/partials/author.ftl"): Found
2025-09-23 17:41:24 DEBUG cache - Loading template for "spark/partials/author.ftl"("en_IN", UTF-8, parsed) from "jar:file:/C:/Users/Ritesh%20Kumar%20Singh/.m2/repository/com/aventstack/extentreports/5.1.2/extentreports-5.1.2.jar!/com/aventstack/extentreports/templates/spark/partials/author.ftl"
2025-09-23 17:41:24 DEBUG cache - Couldn't find template in cache for "spark/partials/log.ftl"("en_IN", UTF-8, parsed); will try to load it.
2025-09-23 17:41:24 DEBUG cache - TemplateLoader.findTemplateSource("spark/partials/log_en_IN.ftl"): Not found
2025-09-23 17:41:24 DEBUG cache - TemplateLoader.findTemplateSource("spark/partials/log_en.ftl"): Not found
2025-09-23 17:41:24 DEBUG cache - TemplateLoader.findTemplateSource("spark/partials/log.ftl"): Found
2025-09-23 17:41:24 DEBUG cache - Loading template for "spark/partials/log.ftl"("en_IN", UTF-8, parsed) from "jar:file:/C:/Users/Ritesh%20Kumar%20Singh/.m2/repository/com/aventstack/extentreports/5.1.2/extentreports-5.1.2.jar!/com/aventstack/extentreports/templates/spark/partials/log.ftl"
2025-09-23 17:41:24 DEBUG cache - Couldn't find template in cache for "spark/partials/dashboard.ftl"("en_IN", UTF-8, parsed); will try to load it.
2025-09-23 17:41:24 DEBUG cache - TemplateLoader.findTemplateSource("spark/partials/dashboard_en_IN.ftl"): Not found
2025-09-23 17:41:24 DEBUG cache - TemplateLoader.findTemplateSource("spark/partials/dashboard_en.ftl"): Not found
2025-09-23 17:41:24 DEBUG cache - TemplateLoader.findTemplateSource("spark/partials/dashboard.ftl"): Found
2025-09-23 17:41:24 DEBUG cache - Loading template for "spark/partials/dashboard.ftl"("en_IN", UTF-8, parsed) from "jar:file:/C:/Users/Ritesh%20Kumar%20Singh/.m2/repository/com/aventstack/extentreports/5.1.2/extentreports-5.1.2.jar!/com/aventstack/extentreports/templates/spark/partials/dashboard.ftl"
2025-09-23 17:41:24 DEBUG cache - Couldn't find template in cache for "spark/partials/scripts.ftl"("en_IN", UTF-8, parsed); will try to load it.
2025-09-23 17:41:24 DEBUG cache - TemplateLoader.findTemplateSource("spark/partials/scripts_en_IN.ftl"): Not found
2025-09-23 17:41:24 DEBUG cache - TemplateLoader.findTemplateSource("spark/partials/scripts_en.ftl"): Not found
2025-09-23 17:41:24 DEBUG cache - TemplateLoader.findTemplateSource("spark/partials/scripts.ftl"): Found
2025-09-23 17:41:24 DEBUG cache - Loading template for "spark/partials/scripts.ftl"("en_IN", UTF-8, parsed) from "jar:file:/C:/Users/Ritesh%20Kumar%20Singh/.m2/repository/com/aventstack/extentreports/5.1.2/extentreports-5.1.2.jar!/com/aventstack/extentreports/templates/spark/partials/scripts.ftl"
2025-09-23 17:41:24 DEBUG cache - Couldn't find template in cache for "commons/commons-inject-js.ftl"("en_IN", UTF-8, parsed); will try to load it.
2025-09-23 17:41:24 DEBUG cache - TemplateLoader.findTemplateSource("commons/commons-inject-js_en_IN.ftl"): Not found
2025-09-23 17:41:24 DEBUG cache - TemplateLoader.findTemplateSource("commons/commons-inject-js_en.ftl"): Not found
2025-09-23 17:41:24 DEBUG cache - TemplateLoader.findTemplateSource("commons/commons-inject-js.ftl"): Found
2025-09-23 17:41:24 DEBUG cache - Loading template for "commons/commons-inject-js.ftl"("en_IN", UTF-8, parsed) from "jar:file:/C:/Users/Ritesh%20Kumar%20Singh/.m2/repository/com/aventstack/extentreports/5.1.2/extentreports-5.1.2.jar!/com/aventstack/extentreports/templates/commons/commons-inject-js.ftl"
2025-09-23 17:46:21 INFO  BaseTest - Driver initialized
2025-09-23 17:46:22 INFO  Listeners - basicActionOnGeneralStoreAppStarted
2025-09-23 17:46:28 ERROR Listeners - basicActionOnGeneralStoreAppFailed
2025-09-23 17:46:29 DEBUG cache - Couldn't find template in cache for "spark/spark.spa.ftl"("en_IN", UTF-8, parsed); will try to load it.
2025-09-23 17:46:29 DEBUG cache - TemplateLoader.findTemplateSource("spark/spark.spa_en_IN.ftl"): Not found
2025-09-23 17:46:29 DEBUG cache - TemplateLoader.findTemplateSource("spark/spark.spa_en.ftl"): Not found
2025-09-23 17:46:29 DEBUG cache - TemplateLoader.findTemplateSource("spark/spark.spa.ftl"): Found
2025-09-23 17:46:29 DEBUG cache - Loading template for "spark/spark.spa.ftl"("en_IN", UTF-8, parsed) from "jar:file:/C:/Users/Ritesh%20Kumar%20Singh/.m2/repository/com/aventstack/extentreports/5.1.2/extentreports-5.1.2.jar!/com/aventstack/extentreports/templates/spark/spark.spa.ftl"
2025-09-23 17:46:29 DEBUG cache - Couldn't find template in cache for "commons/commons-variables.ftl"("en_IN", UTF-8, parsed); will try to load it.
2025-09-23 17:46:29 DEBUG cache - TemplateLoader.findTemplateSource("commons/commons-variables_en_IN.ftl"): Not found
2025-09-23 17:46:29 DEBUG cache - TemplateLoader.findTemplateSource("commons/commons-variables_en.ftl"): Not found
2025-09-23 17:46:29 DEBUG cache - TemplateLoader.findTemplateSource("commons/commons-variables.ftl"): Found
2025-09-23 17:46:29 DEBUG cache - Loading template for "commons/commons-variables.ftl"("en_IN", UTF-8, parsed) from "jar:file:/C:/Users/Ritesh%20Kumar%20Singh/.m2/repository/com/aventstack/extentreports/5.1.2/extentreports-5.1.2.jar!/com/aventstack/extentreports/templates/commons/commons-variables.ftl"
2025-09-23 17:46:30 DEBUG cache - Couldn't find template in cache for "commons/commons-macros.ftl"("en_IN", UTF-8, parsed); will try to load it.
2025-09-23 17:46:30 DEBUG cache - TemplateLoader.findTemplateSource("commons/commons-macros_en_IN.ftl"): Not found
2025-09-23 17:46:30 DEBUG cache - TemplateLoader.findTemplateSource("commons/commons-macros_en.ftl"): Not found
2025-09-23 17:46:30 DEBUG cache - TemplateLoader.findTemplateSource("commons/commons-macros.ftl"): Found
2025-09-23 17:46:30 DEBUG cache - Loading template for "commons/commons-macros.ftl"("en_IN", UTF-8, parsed) from "jar:file:/C:/Users/Ritesh%20Kumar%20Singh/.m2/repository/com/aventstack/extentreports/5.1.2/extentreports-5.1.2.jar!/com/aventstack/extentreports/templates/commons/commons-macros.ftl"
2025-09-23 17:46:30 DEBUG cache - Couldn't find template in cache for "spark/macros/attributes.ftl"("en_IN", UTF-8, parsed); will try to load it.
2025-09-23 17:46:30 DEBUG cache - TemplateLoader.findTemplateSource("spark/macros/attributes_en_IN.ftl"): Not found
2025-09-23 17:46:30 DEBUG cache - TemplateLoader.findTemplateSource("spark/macros/attributes_en.ftl"): Not found
2025-09-23 17:46:30 DEBUG cache - TemplateLoader.findTemplateSource("spark/macros/attributes.ftl"): Found
2025-09-23 17:46:30 DEBUG cache - Loading template for "spark/macros/attributes.ftl"("en_IN", UTF-8, parsed) from "jar:file:/C:/Users/Ritesh%20Kumar%20Singh/.m2/repository/com/aventstack/extentreports/5.1.2/extentreports-5.1.2.jar!/com/aventstack/extentreports/templates/spark/macros/attributes.ftl"
2025-09-23 17:46:30 DEBUG cache - Couldn't find template in cache for "spark/macros/log.ftl"("en_IN", UTF-8, parsed); will try to load it.
2025-09-23 17:46:30 DEBUG cache - TemplateLoader.findTemplateSource("spark/macros/log_en_IN.ftl"): Not found
2025-09-23 17:46:30 DEBUG cache - TemplateLoader.findTemplateSource("spark/macros/log_en.ftl"): Not found
2025-09-23 17:46:30 DEBUG cache - TemplateLoader.findTemplateSource("spark/macros/log.ftl"): Found
2025-09-23 17:46:30 DEBUG cache - Loading template for "spark/macros/log.ftl"("en_IN", UTF-8, parsed) from "jar:file:/C:/Users/Ritesh%20Kumar%20Singh/.m2/repository/com/aventstack/extentreports/5.1.2/extentreports-5.1.2.jar!/com/aventstack/extentreports/templates/spark/macros/log.ftl"
2025-09-23 17:46:30 DEBUG cache - Couldn't find template in cache for "spark/macros/recurse_nodes.ftl"("en_IN", UTF-8, parsed); will try to load it.
2025-09-23 17:46:30 DEBUG cache - TemplateLoader.findTemplateSource("spark/macros/recurse_nodes_en_IN.ftl"): Not found
2025-09-23 17:46:30 DEBUG cache - TemplateLoader.findTemplateSource("spark/macros/recurse_nodes_en.ftl"): Not found
2025-09-23 17:46:30 DEBUG cache - TemplateLoader.findTemplateSource("spark/macros/recurse_nodes.ftl"): Found
2025-09-23 17:46:30 DEBUG cache - Loading template for "spark/macros/recurse_nodes.ftl"("en_IN", UTF-8, parsed) from "jar:file:/C:/Users/Ritesh%20Kumar%20Singh/.m2/repository/com/aventstack/extentreports/5.1.2/extentreports-5.1.2.jar!/com/aventstack/extentreports/templates/spark/macros/recurse_nodes.ftl"
2025-09-23 17:46:30 DEBUG cache - "spark/macros/log.ftl"("en_IN", UTF-8, parsed) cached copy not yet stale; using cached.
2025-09-23 17:46:30 DEBUG cache - Couldn't find template in cache for "spark/macros/attr-common.ftl"("en_IN", UTF-8, parsed); will try to load it.
2025-09-23 17:46:30 DEBUG cache - TemplateLoader.findTemplateSource("spark/macros/attr-common_en_IN.ftl"): Not found
2025-09-23 17:46:30 DEBUG cache - TemplateLoader.findTemplateSource("spark/macros/attr-common_en.ftl"): Not found
2025-09-23 17:46:30 DEBUG cache - TemplateLoader.findTemplateSource("spark/macros/attr-common.ftl"): Found
2025-09-23 17:46:30 DEBUG cache - Loading template for "spark/macros/attr-common.ftl"("en_IN", UTF-8, parsed) from "jar:file:/C:/Users/Ritesh%20Kumar%20Singh/.m2/repository/com/aventstack/extentreports/5.1.2/extentreports-5.1.2.jar!/com/aventstack/extentreports/templates/spark/macros/attr-common.ftl"
2025-09-23 17:46:30 DEBUG cache - Couldn't find template in cache for "spark/partials/head.ftl"("en_IN", UTF-8, parsed); will try to load it.
2025-09-23 17:46:30 DEBUG cache - TemplateLoader.findTemplateSource("spark/partials/head_en_IN.ftl"): Not found
2025-09-23 17:46:30 DEBUG cache - TemplateLoader.findTemplateSource("spark/partials/head_en.ftl"): Not found
2025-09-23 17:46:30 DEBUG cache - TemplateLoader.findTemplateSource("spark/partials/head.ftl"): Found
2025-09-23 17:46:30 DEBUG cache - Loading template for "spark/partials/head.ftl"("en_IN", UTF-8, parsed) from "jar:file:/C:/Users/Ritesh%20Kumar%20Singh/.m2/repository/com/aventstack/extentreports/5.1.2/extentreports-5.1.2.jar!/com/aventstack/extentreports/templates/spark/partials/head.ftl"
2025-09-23 17:46:30 DEBUG cache - Couldn't find template in cache for "commons/commons-inject-css.ftl"("en_IN", UTF-8, parsed); will try to load it.
2025-09-23 17:46:30 DEBUG cache - TemplateLoader.findTemplateSource("commons/commons-inject-css_en_IN.ftl"): Not found
2025-09-23 17:46:30 DEBUG cache - TemplateLoader.findTemplateSource("commons/commons-inject-css_en.ftl"): Not found
2025-09-23 17:46:30 DEBUG cache - TemplateLoader.findTemplateSource("commons/commons-inject-css.ftl"): Found
2025-09-23 17:46:30 DEBUG cache - Loading template for "commons/commons-inject-css.ftl"("en_IN", UTF-8, parsed) from "jar:file:/C:/Users/Ritesh%20Kumar%20Singh/.m2/repository/com/aventstack/extentreports/5.1.2/extentreports-5.1.2.jar!/com/aventstack/extentreports/templates/commons/commons-inject-css.ftl"
2025-09-23 17:46:30 DEBUG cache - Couldn't find template in cache for "spark/partials/navbar.ftl"("en_IN", UTF-8, parsed); will try to load it.
2025-09-23 17:46:30 DEBUG cache - TemplateLoader.findTemplateSource("spark/partials/navbar_en_IN.ftl"): Not found
2025-09-23 17:46:30 DEBUG cache - TemplateLoader.findTemplateSource("spark/partials/navbar_en.ftl"): Not found
2025-09-23 17:46:30 DEBUG cache - TemplateLoader.findTemplateSource("spark/partials/navbar.ftl"): Found
2025-09-23 17:46:30 DEBUG cache - Loading template for "spark/partials/navbar.ftl"("en_IN", UTF-8, parsed) from "jar:file:/C:/Users/Ritesh%20Kumar%20Singh/.m2/repository/com/aventstack/extentreports/5.1.2/extentreports-5.1.2.jar!/com/aventstack/extentreports/templates/spark/partials/navbar.ftl"
2025-09-23 17:46:30 DEBUG cache - Couldn't find template in cache for "spark/partials/sidenav.ftl"("en_IN", UTF-8, parsed); will try to load it.
2025-09-23 17:46:30 DEBUG cache - TemplateLoader.findTemplateSource("spark/partials/sidenav_en_IN.ftl"): Not found
2025-09-23 17:46:30 DEBUG cache - TemplateLoader.findTemplateSource("spark/partials/sidenav_en.ftl"): Not found
2025-09-23 17:46:30 DEBUG cache - TemplateLoader.findTemplateSource("spark/partials/sidenav.ftl"): Found
2025-09-23 17:46:30 DEBUG cache - Loading template for "spark/partials/sidenav.ftl"("en_IN", UTF-8, parsed) from "jar:file:/C:/Users/Ritesh%20Kumar%20Singh/.m2/repository/com/aventstack/extentreports/5.1.2/extentreports-5.1.2.jar!/com/aventstack/extentreports/templates/spark/partials/sidenav.ftl"
2025-09-23 17:46:30 DEBUG cache - Couldn't find template in cache for "spark/partials/test.ftl"("en_IN", UTF-8, parsed); will try to load it.
2025-09-23 17:46:30 DEBUG cache - TemplateLoader.findTemplateSource("spark/partials/test_en_IN.ftl"): Not found
2025-09-23 17:46:30 DEBUG cache - TemplateLoader.findTemplateSource("spark/partials/test_en.ftl"): Not found
2025-09-23 17:46:30 DEBUG cache - TemplateLoader.findTemplateSource("spark/partials/test.ftl"): Found
2025-09-23 17:46:30 DEBUG cache - Loading template for "spark/partials/test.ftl"("en_IN", UTF-8, parsed) from "jar:file:/C:/Users/Ritesh%20Kumar%20Singh/.m2/repository/com/aventstack/extentreports/5.1.2/extentreports-5.1.2.jar!/com/aventstack/extentreports/templates/spark/partials/test.ftl"
2025-09-23 17:46:30 DEBUG cache - Couldn't find template in cache for "spark/partials/standard-content.ftl"("en_IN", UTF-8, parsed); will try to load it.
2025-09-23 17:46:30 DEBUG cache - TemplateLoader.findTemplateSource("spark/partials/standard-content_en_IN.ftl"): Not found
2025-09-23 17:46:30 DEBUG cache - TemplateLoader.findTemplateSource("spark/partials/standard-content_en.ftl"): Not found
2025-09-23 17:46:30 DEBUG cache - TemplateLoader.findTemplateSource("spark/partials/standard-content.ftl"): Found
2025-09-23 17:46:30 DEBUG cache - Loading template for "spark/partials/standard-content.ftl"("en_IN", UTF-8, parsed) from "jar:file:/C:/Users/Ritesh%20Kumar%20Singh/.m2/repository/com/aventstack/extentreports/5.1.2/extentreports-5.1.2.jar!/com/aventstack/extentreports/templates/spark/partials/standard-content.ftl"
2025-09-23 17:46:30 DEBUG cache - Couldn't find template in cache for "spark/partials/exception.ftl"("en_IN", UTF-8, parsed); will try to load it.
2025-09-23 17:46:30 DEBUG cache - TemplateLoader.findTemplateSource("spark/partials/exception_en_IN.ftl"): Not found
2025-09-23 17:46:30 DEBUG cache - TemplateLoader.findTemplateSource("spark/partials/exception_en.ftl"): Not found
2025-09-23 17:46:30 DEBUG cache - TemplateLoader.findTemplateSource("spark/partials/exception.ftl"): Found
2025-09-23 17:46:30 DEBUG cache - Loading template for "spark/partials/exception.ftl"("en_IN", UTF-8, parsed) from "jar:file:/C:/Users/Ritesh%20Kumar%20Singh/.m2/repository/com/aventstack/extentreports/5.1.2/extentreports-5.1.2.jar!/com/aventstack/extentreports/templates/spark/partials/exception.ftl"
2025-09-23 17:46:30 DEBUG cache - Couldn't find template in cache for "spark/partials/category.ftl"("en_IN", UTF-8, parsed); will try to load it.
2025-09-23 17:46:30 DEBUG cache - TemplateLoader.findTemplateSource("spark/partials/category_en_IN.ftl"): Not found
2025-09-23 17:46:30 DEBUG cache - TemplateLoader.findTemplateSource("spark/partials/category_en.ftl"): Not found
2025-09-23 17:46:30 DEBUG cache - TemplateLoader.findTemplateSource("spark/partials/category.ftl"): Found
2025-09-23 17:46:30 DEBUG cache - Loading template for "spark/partials/category.ftl"("en_IN", UTF-8, parsed) from "jar:file:/C:/Users/Ritesh%20Kumar%20Singh/.m2/repository/com/aventstack/extentreports/5.1.2/extentreports-5.1.2.jar!/com/aventstack/extentreports/templates/spark/partials/category.ftl"
2025-09-23 17:46:30 DEBUG cache - Couldn't find template in cache for "spark/partials/device.ftl"("en_IN", UTF-8, parsed); will try to load it.
2025-09-23 17:46:30 DEBUG cache - TemplateLoader.findTemplateSource("spark/partials/device_en_IN.ftl"): Not found
2025-09-23 17:46:30 DEBUG cache - TemplateLoader.findTemplateSource("spark/partials/device_en.ftl"): Not found
2025-09-23 17:46:30 DEBUG cache - TemplateLoader.findTemplateSource("spark/partials/device.ftl"): Found
2025-09-23 17:46:30 DEBUG cache - Loading template for "spark/partials/device.ftl"("en_IN", UTF-8, parsed) from "jar:file:/C:/Users/Ritesh%20Kumar%20Singh/.m2/repository/com/aventstack/extentreports/5.1.2/extentreports-5.1.2.jar!/com/aventstack/extentreports/templates/spark/partials/device.ftl"
2025-09-23 17:46:30 DEBUG cache - Couldn't find template in cache for "spark/partials/author.ftl"("en_IN", UTF-8, parsed); will try to load it.
2025-09-23 17:46:30 DEBUG cache - TemplateLoader.findTemplateSource("spark/partials/author_en_IN.ftl"): Not found
2025-09-23 17:46:30 DEBUG cache - TemplateLoader.findTemplateSource("spark/partials/author_en.ftl"): Not found
2025-09-23 17:46:30 DEBUG cache - TemplateLoader.findTemplateSource("spark/partials/author.ftl"): Found
2025-09-23 17:46:30 DEBUG cache - Loading template for "spark/partials/author.ftl"("en_IN", UTF-8, parsed) from "jar:file:/C:/Users/Ritesh%20Kumar%20Singh/.m2/repository/com/aventstack/extentreports/5.1.2/extentreports-5.1.2.jar!/com/aventstack/extentreports/templates/spark/partials/author.ftl"
2025-09-23 17:46:30 DEBUG cache - Couldn't find template in cache for "spark/partials/log.ftl"("en_IN", UTF-8, parsed); will try to load it.
2025-09-23 17:46:30 DEBUG cache - TemplateLoader.findTemplateSource("spark/partials/log_en_IN.ftl"): Not found
2025-09-23 17:46:30 DEBUG cache - TemplateLoader.findTemplateSource("spark/partials/log_en.ftl"): Not found
2025-09-23 17:46:30 DEBUG cache - TemplateLoader.findTemplateSource("spark/partials/log.ftl"): Found
2025-09-23 17:46:30 DEBUG cache - Loading template for "spark/partials/log.ftl"("en_IN", UTF-8, parsed) from "jar:file:/C:/Users/Ritesh%20Kumar%20Singh/.m2/repository/com/aventstack/extentreports/5.1.2/extentreports-5.1.2.jar!/com/aventstack/extentreports/templates/spark/partials/log.ftl"
2025-09-23 17:46:30 DEBUG cache - Couldn't find template in cache for "spark/partials/dashboard.ftl"("en_IN", UTF-8, parsed); will try to load it.
2025-09-23 17:46:30 DEBUG cache - TemplateLoader.findTemplateSource("spark/partials/dashboard_en_IN.ftl"): Not found
2025-09-23 17:46:30 DEBUG cache - TemplateLoader.findTemplateSource("spark/partials/dashboard_en.ftl"): Not found
2025-09-23 17:46:30 DEBUG cache - TemplateLoader.findTemplateSource("spark/partials/dashboard.ftl"): Found
2025-09-23 17:46:30 DEBUG cache - Loading template for "spark/partials/dashboard.ftl"("en_IN", UTF-8, parsed) from "jar:file:/C:/Users/Ritesh%20Kumar%20Singh/.m2/repository/com/aventstack/extentreports/5.1.2/extentreports-5.1.2.jar!/com/aventstack/extentreports/templates/spark/partials/dashboard.ftl"
2025-09-23 17:46:30 DEBUG cache - Couldn't find template in cache for "spark/partials/scripts.ftl"("en_IN", UTF-8, parsed); will try to load it.
2025-09-23 17:46:30 DEBUG cache - TemplateLoader.findTemplateSource("spark/partials/scripts_en_IN.ftl"): Not found
2025-09-23 17:46:30 DEBUG cache - TemplateLoader.findTemplateSource("spark/partials/scripts_en.ftl"): Not found
2025-09-23 17:46:30 DEBUG cache - TemplateLoader.findTemplateSource("spark/partials/scripts.ftl"): Found
2025-09-23 17:46:30 DEBUG cache - Loading template for "spark/partials/scripts.ftl"("en_IN", UTF-8, parsed) from "jar:file:/C:/Users/Ritesh%20Kumar%20Singh/.m2/repository/com/aventstack/extentreports/5.1.2/extentreports-5.1.2.jar!/com/aventstack/extentreports/templates/spark/partials/scripts.ftl"
2025-09-23 17:46:30 DEBUG cache - Couldn't find template in cache for "commons/commons-inject-js.ftl"("en_IN", UTF-8, parsed); will try to load it.
2025-09-23 17:46:30 DEBUG cache - TemplateLoader.findTemplateSource("commons/commons-inject-js_en_IN.ftl"): Not found
2025-09-23 17:46:30 DEBUG cache - TemplateLoader.findTemplateSource("commons/commons-inject-js_en.ftl"): Not found
2025-09-23 17:46:30 DEBUG cache - TemplateLoader.findTemplateSource("commons/commons-inject-js.ftl"): Found
2025-09-23 17:46:30 DEBUG cache - Loading template for "commons/commons-inject-js.ftl"("en_IN", UTF-8, parsed) from "jar:file:/C:/Users/Ritesh%20Kumar%20Singh/.m2/repository/com/aventstack/extentreports/5.1.2/extentreports-5.1.2.jar!/com/aventstack/extentreports/templates/commons/commons-inject-js.ftl"
2025-09-23 17:49:47 INFO  BaseTest - Driver initialized
2025-09-23 17:49:48 INFO  Listeners - basicActionOnGeneralStoreAppStarted
2025-09-23 17:49:59 ERROR Listeners - basicActionOnGeneralStoreAppFailed
2025-09-23 17:50:00 DEBUG cache - Couldn't find template in cache for "spark/spark.spa.ftl"("en_IN", UTF-8, parsed); will try to load it.
2025-09-23 17:50:00 DEBUG cache - TemplateLoader.findTemplateSource("spark/spark.spa_en_IN.ftl"): Not found
2025-09-23 17:50:00 DEBUG cache - TemplateLoader.findTemplateSource("spark/spark.spa_en.ftl"): Not found
2025-09-23 17:50:00 DEBUG cache - TemplateLoader.findTemplateSource("spark/spark.spa.ftl"): Found
2025-09-23 17:50:00 DEBUG cache - Loading template for "spark/spark.spa.ftl"("en_IN", UTF-8, parsed) from "jar:file:/C:/Users/Ritesh%20Kumar%20Singh/.m2/repository/com/aventstack/extentreports/5.1.2/extentreports-5.1.2.jar!/com/aventstack/extentreports/templates/spark/spark.spa.ftl"
2025-09-23 17:50:00 DEBUG cache - Couldn't find template in cache for "commons/commons-variables.ftl"("en_IN", UTF-8, parsed); will try to load it.
2025-09-23 17:50:00 DEBUG cache - TemplateLoader.findTemplateSource("commons/commons-variables_en_IN.ftl"): Not found
2025-09-23 17:50:00 DEBUG cache - TemplateLoader.findTemplateSource("commons/commons-variables_en.ftl"): Not found
2025-09-23 17:50:00 DEBUG cache - TemplateLoader.findTemplateSource("commons/commons-variables.ftl"): Found
2025-09-23 17:50:00 DEBUG cache - Loading template for "commons/commons-variables.ftl"("en_IN", UTF-8, parsed) from "jar:file:/C:/Users/Ritesh%20Kumar%20Singh/.m2/repository/com/aventstack/extentreports/5.1.2/extentreports-5.1.2.jar!/com/aventstack/extentreports/templates/commons/commons-variables.ftl"
2025-09-23 17:50:00 DEBUG cache - Couldn't find template in cache for "commons/commons-macros.ftl"("en_IN", UTF-8, parsed); will try to load it.
2025-09-23 17:50:00 DEBUG cache - TemplateLoader.findTemplateSource("commons/commons-macros_en_IN.ftl"): Not found
2025-09-23 17:50:00 DEBUG cache - TemplateLoader.findTemplateSource("commons/commons-macros_en.ftl"): Not found
2025-09-23 17:50:00 DEBUG cache - TemplateLoader.findTemplateSource("commons/commons-macros.ftl"): Found
2025-09-23 17:50:00 DEBUG cache - Loading template for "commons/commons-macros.ftl"("en_IN", UTF-8, parsed) from "jar:file:/C:/Users/Ritesh%20Kumar%20Singh/.m2/repository/com/aventstack/extentreports/5.1.2/extentreports-5.1.2.jar!/com/aventstack/extentreports/templates/commons/commons-macros.ftl"
2025-09-23 17:50:00 DEBUG cache - Couldn't find template in cache for "spark/macros/attributes.ftl"("en_IN", UTF-8, parsed); will try to load it.
2025-09-23 17:50:00 DEBUG cache - TemplateLoader.findTemplateSource("spark/macros/attributes_en_IN.ftl"): Not found
2025-09-23 17:50:00 DEBUG cache - TemplateLoader.findTemplateSource("spark/macros/attributes_en.ftl"): Not found
2025-09-23 17:50:00 DEBUG cache - TemplateLoader.findTemplateSource("spark/macros/attributes.ftl"): Found
2025-09-23 17:50:00 DEBUG cache - Loading template for "spark/macros/attributes.ftl"("en_IN", UTF-8, parsed) from "jar:file:/C:/Users/Ritesh%20Kumar%20Singh/.m2/repository/com/aventstack/extentreports/5.1.2/extentreports-5.1.2.jar!/com/aventstack/extentreports/templates/spark/macros/attributes.ftl"
2025-09-23 17:50:00 DEBUG cache - Couldn't find template in cache for "spark/macros/log.ftl"("en_IN", UTF-8, parsed); will try to load it.
2025-09-23 17:50:00 DEBUG cache - TemplateLoader.findTemplateSource("spark/macros/log_en_IN.ftl"): Not found
2025-09-23 17:50:00 DEBUG cache - TemplateLoader.findTemplateSource("spark/macros/log_en.ftl"): Not found
2025-09-23 17:50:00 DEBUG cache - TemplateLoader.findTemplateSource("spark/macros/log.ftl"): Found
2025-09-23 17:50:00 DEBUG cache - Loading template for "spark/macros/log.ftl"("en_IN", UTF-8, parsed) from "jar:file:/C:/Users/Ritesh%20Kumar%20Singh/.m2/repository/com/aventstack/extentreports/5.1.2/extentreports-5.1.2.jar!/com/aventstack/extentreports/templates/spark/macros/log.ftl"
2025-09-23 17:50:00 DEBUG cache - Couldn't find template in cache for "spark/macros/recurse_nodes.ftl"("en_IN", UTF-8, parsed); will try to load it.
2025-09-23 17:50:00 DEBUG cache - TemplateLoader.findTemplateSource("spark/macros/recurse_nodes_en_IN.ftl"): Not found
2025-09-23 17:50:00 DEBUG cache - TemplateLoader.findTemplateSource("spark/macros/recurse_nodes_en.ftl"): Not found
2025-09-23 17:50:00 DEBUG cache - TemplateLoader.findTemplateSource("spark/macros/recurse_nodes.ftl"): Found
2025-09-23 17:50:00 DEBUG cache - Loading template for "spark/macros/recurse_nodes.ftl"("en_IN", UTF-8, parsed) from "jar:file:/C:/Users/Ritesh%20Kumar%20Singh/.m2/repository/com/aventstack/extentreports/5.1.2/extentreports-5.1.2.jar!/com/aventstack/extentreports/templates/spark/macros/recurse_nodes.ftl"
2025-09-23 17:50:00 DEBUG cache - "spark/macros/log.ftl"("en_IN", UTF-8, parsed) cached copy not yet stale; using cached.
2025-09-23 17:50:00 DEBUG cache - Couldn't find template in cache for "spark/macros/attr-common.ftl"("en_IN", UTF-8, parsed); will try to load it.
2025-09-23 17:50:00 DEBUG cache - TemplateLoader.findTemplateSource("spark/macros/attr-common_en_IN.ftl"): Not found
2025-09-23 17:50:00 DEBUG cache - TemplateLoader.findTemplateSource("spark/macros/attr-common_en.ftl"): Not found
2025-09-23 17:50:00 DEBUG cache - TemplateLoader.findTemplateSource("spark/macros/attr-common.ftl"): Found
2025-09-23 17:50:00 DEBUG cache - Loading template for "spark/macros/attr-common.ftl"("en_IN", UTF-8, parsed) from "jar:file:/C:/Users/Ritesh%20Kumar%20Singh/.m2/repository/com/aventstack/extentreports/5.1.2/extentreports-5.1.2.jar!/com/aventstack/extentreports/templates/spark/macros/attr-common.ftl"
2025-09-23 17:50:00 DEBUG cache - Couldn't find template in cache for "spark/partials/head.ftl"("en_IN", UTF-8, parsed); will try to load it.
2025-09-23 17:50:00 DEBUG cache - TemplateLoader.findTemplateSource("spark/partials/head_en_IN.ftl"): Not found
2025-09-23 17:50:00 DEBUG cache - TemplateLoader.findTemplateSource("spark/partials/head_en.ftl"): Not found
2025-09-23 17:50:00 DEBUG cache - TemplateLoader.findTemplateSource("spark/partials/head.ftl"): Found
2025-09-23 17:50:00 DEBUG cache - Loading template for "spark/partials/head.ftl"("en_IN", UTF-8, parsed) from "jar:file:/C:/Users/Ritesh%20Kumar%20Singh/.m2/repository/com/aventstack/extentreports/5.1.2/extentreports-5.1.2.jar!/com/aventstack/extentreports/templates/spark/partials/head.ftl"
2025-09-23 17:50:00 DEBUG cache - Couldn't find template in cache for "commons/commons-inject-css.ftl"("en_IN", UTF-8, parsed); will try to load it.
2025-09-23 17:50:00 DEBUG cache - TemplateLoader.findTemplateSource("commons/commons-inject-css_en_IN.ftl"): Not found
2025-09-23 17:50:00 DEBUG cache - TemplateLoader.findTemplateSource("commons/commons-inject-css_en.ftl"): Not found
2025-09-23 17:50:00 DEBUG cache - TemplateLoader.findTemplateSource("commons/commons-inject-css.ftl"): Found
2025-09-23 17:50:00 DEBUG cache - Loading template for "commons/commons-inject-css.ftl"("en_IN", UTF-8, parsed) from "jar:file:/C:/Users/Ritesh%20Kumar%20Singh/.m2/repository/com/aventstack/extentreports/5.1.2/extentreports-5.1.2.jar!/com/aventstack/extentreports/templates/commons/commons-inject-css.ftl"
2025-09-23 17:50:00 DEBUG cache - Couldn't find template in cache for "spark/partials/navbar.ftl"("en_IN", UTF-8, parsed); will try to load it.
2025-09-23 17:50:00 DEBUG cache - TemplateLoader.findTemplateSource("spark/partials/navbar_en_IN.ftl"): Not found
2025-09-23 17:50:00 DEBUG cache - TemplateLoader.findTemplateSource("spark/partials/navbar_en.ftl"): Not found
2025-09-23 17:50:00 DEBUG cache - TemplateLoader.findTemplateSource("spark/partials/navbar.ftl"): Found
2025-09-23 17:50:00 DEBUG cache - Loading template for "spark/partials/navbar.ftl"("en_IN", UTF-8, parsed) from "jar:file:/C:/Users/Ritesh%20Kumar%20Singh/.m2/repository/com/aventstack/extentreports/5.1.2/extentreports-5.1.2.jar!/com/aventstack/extentreports/templates/spark/partials/navbar.ftl"
2025-09-23 17:50:00 DEBUG cache - Couldn't find template in cache for "spark/partials/sidenav.ftl"("en_IN", UTF-8, parsed); will try to load it.
2025-09-23 17:50:00 DEBUG cache - TemplateLoader.findTemplateSource("spark/partials/sidenav_en_IN.ftl"): Not found
2025-09-23 17:50:00 DEBUG cache - TemplateLoader.findTemplateSource("spark/partials/sidenav_en.ftl"): Not found
2025-09-23 17:50:00 DEBUG cache - TemplateLoader.findTemplateSource("spark/partials/sidenav.ftl"): Found
2025-09-23 17:50:00 DEBUG cache - Loading template for "spark/partials/sidenav.ftl"("en_IN", UTF-8, parsed) from "jar:file:/C:/Users/Ritesh%20Kumar%20Singh/.m2/repository/com/aventstack/extentreports/5.1.2/extentreports-5.1.2.jar!/com/aventstack/extentreports/templates/spark/partials/sidenav.ftl"
2025-09-23 17:50:00 DEBUG cache - Couldn't find template in cache for "spark/partials/test.ftl"("en_IN", UTF-8, parsed); will try to load it.
2025-09-23 17:50:00 DEBUG cache - TemplateLoader.findTemplateSource("spark/partials/test_en_IN.ftl"): Not found
2025-09-23 17:50:00 DEBUG cache - TemplateLoader.findTemplateSource("spark/partials/test_en.ftl"): Not found
2025-09-23 17:50:00 DEBUG cache - TemplateLoader.findTemplateSource("spark/partials/test.ftl"): Found
2025-09-23 17:50:00 DEBUG cache - Loading template for "spark/partials/test.ftl"("en_IN", UTF-8, parsed) from "jar:file:/C:/Users/Ritesh%20Kumar%20Singh/.m2/repository/com/aventstack/extentreports/5.1.2/extentreports-5.1.2.jar!/com/aventstack/extentreports/templates/spark/partials/test.ftl"
2025-09-23 17:50:00 DEBUG cache - Couldn't find template in cache for "spark/partials/standard-content.ftl"("en_IN", UTF-8, parsed); will try to load it.
2025-09-23 17:50:00 DEBUG cache - TemplateLoader.findTemplateSource("spark/partials/standard-content_en_IN.ftl"): Not found
2025-09-23 17:50:00 DEBUG cache - TemplateLoader.findTemplateSource("spark/partials/standard-content_en.ftl"): Not found
2025-09-23 17:50:00 DEBUG cache - TemplateLoader.findTemplateSource("spark/partials/standard-content.ftl"): Found
2025-09-23 17:50:00 DEBUG cache - Loading template for "spark/partials/standard-content.ftl"("en_IN", UTF-8, parsed) from "jar:file:/C:/Users/Ritesh%20Kumar%20Singh/.m2/repository/com/aventstack/extentreports/5.1.2/extentreports-5.1.2.jar!/com/aventstack/extentreports/templates/spark/partials/standard-content.ftl"
2025-09-23 17:50:00 DEBUG cache - Couldn't find template in cache for "spark/partials/exception.ftl"("en_IN", UTF-8, parsed); will try to load it.
2025-09-23 17:50:00 DEBUG cache - TemplateLoader.findTemplateSource("spark/partials/exception_en_IN.ftl"): Not found
2025-09-23 17:50:00 DEBUG cache - TemplateLoader.findTemplateSource("spark/partials/exception_en.ftl"): Not found
2025-09-23 17:50:00 DEBUG cache - TemplateLoader.findTemplateSource("spark/partials/exception.ftl"): Found
2025-09-23 17:50:00 DEBUG cache - Loading template for "spark/partials/exception.ftl"("en_IN", UTF-8, parsed) from "jar:file:/C:/Users/Ritesh%20Kumar%20Singh/.m2/repository/com/aventstack/extentreports/5.1.2/extentreports-5.1.2.jar!/com/aventstack/extentreports/templates/spark/partials/exception.ftl"
2025-09-23 17:50:00 DEBUG cache - Couldn't find template in cache for "spark/partials/category.ftl"("en_IN", UTF-8, parsed); will try to load it.
2025-09-23 17:50:00 DEBUG cache - TemplateLoader.findTemplateSource("spark/partials/category_en_IN.ftl"): Not found
2025-09-23 17:50:00 DEBUG cache - TemplateLoader.findTemplateSource("spark/partials/category_en.ftl"): Not found
2025-09-23 17:50:00 DEBUG cache - TemplateLoader.findTemplateSource("spark/partials/category.ftl"): Found
2025-09-23 17:50:00 DEBUG cache - Loading template for "spark/partials/category.ftl"("en_IN", UTF-8, parsed) from "jar:file:/C:/Users/Ritesh%20Kumar%20Singh/.m2/repository/com/aventstack/extentreports/5.1.2/extentreports-5.1.2.jar!/com/aventstack/extentreports/templates/spark/partials/category.ftl"
2025-09-23 17:50:00 DEBUG cache - Couldn't find template in cache for "spark/partials/device.ftl"("en_IN", UTF-8, parsed); will try to load it.
2025-09-23 17:50:00 DEBUG cache - TemplateLoader.findTemplateSource("spark/partials/device_en_IN.ftl"): Not found
2025-09-23 17:50:00 DEBUG cache - TemplateLoader.findTemplateSource("spark/partials/device_en.ftl"): Not found
2025-09-23 17:50:00 DEBUG cache - TemplateLoader.findTemplateSource("spark/partials/device.ftl"): Found
2025-09-23 17:50:00 DEBUG cache - Loading template for "spark/partials/device.ftl"("en_IN", UTF-8, parsed) from "jar:file:/C:/Users/Ritesh%20Kumar%20Singh/.m2/repository/com/aventstack/extentreports/5.1.2/extentreports-5.1.2.jar!/com/aventstack/extentreports/templates/spark/partials/device.ftl"
2025-09-23 17:50:00 DEBUG cache - Couldn't find template in cache for "spark/partials/author.ftl"("en_IN", UTF-8, parsed); will try to load it.
2025-09-23 17:50:00 DEBUG cache - TemplateLoader.findTemplateSource("spark/partials/author_en_IN.ftl"): Not found
2025-09-23 17:50:00 DEBUG cache - TemplateLoader.findTemplateSource("spark/partials/author_en.ftl"): Not found
2025-09-23 17:50:00 DEBUG cache - TemplateLoader.findTemplateSource("spark/partials/author.ftl"): Found
2025-09-23 17:50:00 DEBUG cache - Loading template for "spark/partials/author.ftl"("en_IN", UTF-8, parsed) from "jar:file:/C:/Users/Ritesh%20Kumar%20Singh/.m2/repository/com/aventstack/extentreports/5.1.2/extentreports-5.1.2.jar!/com/aventstack/extentreports/templates/spark/partials/author.ftl"
2025-09-23 17:50:00 DEBUG cache - Couldn't find template in cache for "spark/partials/log.ftl"("en_IN", UTF-8, parsed); will try to load it.
2025-09-23 17:50:00 DEBUG cache - TemplateLoader.findTemplateSource("spark/partials/log_en_IN.ftl"): Not found
2025-09-23 17:50:00 DEBUG cache - TemplateLoader.findTemplateSource("spark/partials/log_en.ftl"): Not found
2025-09-23 17:50:00 DEBUG cache - TemplateLoader.findTemplateSource("spark/partials/log.ftl"): Found
2025-09-23 17:50:00 DEBUG cache - Loading template for "spark/partials/log.ftl"("en_IN", UTF-8, parsed) from "jar:file:/C:/Users/Ritesh%20Kumar%20Singh/.m2/repository/com/aventstack/extentreports/5.1.2/extentreports-5.1.2.jar!/com/aventstack/extentreports/templates/spark/partials/log.ftl"
2025-09-23 17:50:00 DEBUG cache - Couldn't find template in cache for "spark/partials/dashboard.ftl"("en_IN", UTF-8, parsed); will try to load it.
2025-09-23 17:50:00 DEBUG cache - TemplateLoader.findTemplateSource("spark/partials/dashboard_en_IN.ftl"): Not found
2025-09-23 17:50:00 DEBUG cache - TemplateLoader.findTemplateSource("spark/partials/dashboard_en.ftl"): Not found
2025-09-23 17:50:00 DEBUG cache - TemplateLoader.findTemplateSource("spark/partials/dashboard.ftl"): Found
2025-09-23 17:50:00 DEBUG cache - Loading template for "spark/partials/dashboard.ftl"("en_IN", UTF-8, parsed) from "jar:file:/C:/Users/Ritesh%20Kumar%20Singh/.m2/repository/com/aventstack/extentreports/5.1.2/extentreports-5.1.2.jar!/com/aventstack/extentreports/templates/spark/partials/dashboard.ftl"
2025-09-23 17:50:00 DEBUG cache - Couldn't find template in cache for "spark/partials/scripts.ftl"("en_IN", UTF-8, parsed); will try to load it.
2025-09-23 17:50:00 DEBUG cache - TemplateLoader.findTemplateSource("spark/partials/scripts_en_IN.ftl"): Not found
2025-09-23 17:50:00 DEBUG cache - TemplateLoader.findTemplateSource("spark/partials/scripts_en.ftl"): Not found
2025-09-23 17:50:00 DEBUG cache - TemplateLoader.findTemplateSource("spark/partials/scripts.ftl"): Found
2025-09-23 17:50:00 DEBUG cache - Loading template for "spark/partials/scripts.ftl"("en_IN", UTF-8, parsed) from "jar:file:/C:/Users/Ritesh%20Kumar%20Singh/.m2/repository/com/aventstack/extentreports/5.1.2/extentreports-5.1.2.jar!/com/aventstack/extentreports/templates/spark/partials/scripts.ftl"
2025-09-23 17:50:00 DEBUG cache - Couldn't find template in cache for "commons/commons-inject-js.ftl"("en_IN", UTF-8, parsed); will try to load it.
2025-09-23 17:50:00 DEBUG cache - TemplateLoader.findTemplateSource("commons/commons-inject-js_en_IN.ftl"): Not found
2025-09-23 17:50:00 DEBUG cache - TemplateLoader.findTemplateSource("commons/commons-inject-js_en.ftl"): Not found
2025-09-23 17:50:00 DEBUG cache - TemplateLoader.findTemplateSource("commons/commons-inject-js.ftl"): Found
2025-09-23 17:50:00 DEBUG cache - Loading template for "commons/commons-inject-js.ftl"("en_IN", UTF-8, parsed) from "jar:file:/C:/Users/Ritesh%20Kumar%20Singh/.m2/repository/com/aventstack/extentreports/5.1.2/extentreports-5.1.2.jar!/com/aventstack/extentreports/templates/commons/commons-inject-js.ftl"
2025-09-23 17:53:19 INFO  BaseTest - Driver initialized
2025-09-23 17:53:20 INFO  Listeners - basicActionOnGeneralStoreAppStarted
2025-09-23 17:53:31 ERROR Listeners - basicActionOnGeneralStoreAppFailed
2025-09-23 17:53:33 DEBUG cache - Couldn't find template in cache for "spark/spark.spa.ftl"("en_IN", UTF-8, parsed); will try to load it.
2025-09-23 17:53:33 DEBUG cache - TemplateLoader.findTemplateSource("spark/spark.spa_en_IN.ftl"): Not found
2025-09-23 17:53:33 DEBUG cache - TemplateLoader.findTemplateSource("spark/spark.spa_en.ftl"): Not found
2025-09-23 17:53:33 DEBUG cache - TemplateLoader.findTemplateSource("spark/spark.spa.ftl"): Found
2025-09-23 17:53:33 DEBUG cache - Loading template for "spark/spark.spa.ftl"("en_IN", UTF-8, parsed) from "jar:file:/C:/Users/Ritesh%20Kumar%20Singh/.m2/repository/com/aventstack/extentreports/5.1.2/extentreports-5.1.2.jar!/com/aventstack/extentreports/templates/spark/spark.spa.ftl"
2025-09-23 17:53:33 DEBUG cache - Couldn't find template in cache for "commons/commons-variables.ftl"("en_IN", UTF-8, parsed); will try to load it.
2025-09-23 17:53:33 DEBUG cache - TemplateLoader.findTemplateSource("commons/commons-variables_en_IN.ftl"): Not found
2025-09-23 17:53:33 DEBUG cache - TemplateLoader.findTemplateSource("commons/commons-variables_en.ftl"): Not found
2025-09-23 17:53:33 DEBUG cache - TemplateLoader.findTemplateSource("commons/commons-variables.ftl"): Found
2025-09-23 17:53:33 DEBUG cache - Loading template for "commons/commons-variables.ftl"("en_IN", UTF-8, parsed) from "jar:file:/C:/Users/Ritesh%20Kumar%20Singh/.m2/repository/com/aventstack/extentreports/5.1.2/extentreports-5.1.2.jar!/com/aventstack/extentreports/templates/commons/commons-variables.ftl"
2025-09-23 17:53:33 DEBUG cache - Couldn't find template in cache for "commons/commons-macros.ftl"("en_IN", UTF-8, parsed); will try to load it.
2025-09-23 17:53:33 DEBUG cache - TemplateLoader.findTemplateSource("commons/commons-macros_en_IN.ftl"): Not found
2025-09-23 17:53:33 DEBUG cache - TemplateLoader.findTemplateSource("commons/commons-macros_en.ftl"): Not found
2025-09-23 17:53:33 DEBUG cache - TemplateLoader.findTemplateSource("commons/commons-macros.ftl"): Found
2025-09-23 17:53:33 DEBUG cache - Loading template for "commons/commons-macros.ftl"("en_IN", UTF-8, parsed) from "jar:file:/C:/Users/Ritesh%20Kumar%20Singh/.m2/repository/com/aventstack/extentreports/5.1.2/extentreports-5.1.2.jar!/com/aventstack/extentreports/templates/commons/commons-macros.ftl"
2025-09-23 17:53:33 DEBUG cache - Couldn't find template in cache for "spark/macros/attributes.ftl"("en_IN", UTF-8, parsed); will try to load it.
2025-09-23 17:53:33 DEBUG cache - TemplateLoader.findTemplateSource("spark/macros/attributes_en_IN.ftl"): Not found
2025-09-23 17:53:33 DEBUG cache - TemplateLoader.findTemplateSource("spark/macros/attributes_en.ftl"): Not found
2025-09-23 17:53:33 DEBUG cache - TemplateLoader.findTemplateSource("spark/macros/attributes.ftl"): Found
2025-09-23 17:53:33 DEBUG cache - Loading template for "spark/macros/attributes.ftl"("en_IN", UTF-8, parsed) from "jar:file:/C:/Users/Ritesh%20Kumar%20Singh/.m2/repository/com/aventstack/extentreports/5.1.2/extentreports-5.1.2.jar!/com/aventstack/extentreports/templates/spark/macros/attributes.ftl"
2025-09-23 17:53:33 DEBUG cache - Couldn't find template in cache for "spark/macros/log.ftl"("en_IN", UTF-8, parsed); will try to load it.
2025-09-23 17:53:33 DEBUG cache - TemplateLoader.findTemplateSource("spark/macros/log_en_IN.ftl"): Not found
2025-09-23 17:53:33 DEBUG cache - TemplateLoader.findTemplateSource("spark/macros/log_en.ftl"): Not found
2025-09-23 17:53:33 DEBUG cache - TemplateLoader.findTemplateSource("spark/macros/log.ftl"): Found
2025-09-23 17:53:33 DEBUG cache - Loading template for "spark/macros/log.ftl"("en_IN", UTF-8, parsed) from "jar:file:/C:/Users/Ritesh%20Kumar%20Singh/.m2/repository/com/aventstack/extentreports/5.1.2/extentreports-5.1.2.jar!/com/aventstack/extentreports/templates/spark/macros/log.ftl"
2025-09-23 17:53:33 DEBUG cache - Couldn't find template in cache for "spark/macros/recurse_nodes.ftl"("en_IN", UTF-8, parsed); will try to load it.
2025-09-23 17:53:33 DEBUG cache - TemplateLoader.findTemplateSource("spark/macros/recurse_nodes_en_IN.ftl"): Not found
2025-09-23 17:53:33 DEBUG cache - TemplateLoader.findTemplateSource("spark/macros/recurse_nodes_en.ftl"): Not found
2025-09-23 17:53:33 DEBUG cache - TemplateLoader.findTemplateSource("spark/macros/recurse_nodes.ftl"): Found
2025-09-23 17:53:33 DEBUG cache - Loading template for "spark/macros/recurse_nodes.ftl"("en_IN", UTF-8, parsed) from "jar:file:/C:/Users/Ritesh%20Kumar%20Singh/.m2/repository/com/aventstack/extentreports/5.1.2/extentreports-5.1.2.jar!/com/aventstack/extentreports/templates/spark/macros/recurse_nodes.ftl"
2025-09-23 17:53:33 DEBUG cache - "spark/macros/log.ftl"("en_IN", UTF-8, parsed) cached copy not yet stale; using cached.
2025-09-23 17:53:33 DEBUG cache - Couldn't find template in cache for "spark/macros/attr-common.ftl"("en_IN", UTF-8, parsed); will try to load it.
2025-09-23 17:53:33 DEBUG cache - TemplateLoader.findTemplateSource("spark/macros/attr-common_en_IN.ftl"): Not found
2025-09-23 17:53:33 DEBUG cache - TemplateLoader.findTemplateSource("spark/macros/attr-common_en.ftl"): Not found
2025-09-23 17:53:33 DEBUG cache - TemplateLoader.findTemplateSource("spark/macros/attr-common.ftl"): Found
2025-09-23 17:53:33 DEBUG cache - Loading template for "spark/macros/attr-common.ftl"("en_IN", UTF-8, parsed) from "jar:file:/C:/Users/Ritesh%20Kumar%20Singh/.m2/repository/com/aventstack/extentreports/5.1.2/extentreports-5.1.2.jar!/com/aventstack/extentreports/templates/spark/macros/attr-common.ftl"
2025-09-23 17:53:33 DEBUG cache - Couldn't find template in cache for "spark/partials/head.ftl"("en_IN", UTF-8, parsed); will try to load it.
2025-09-23 17:53:33 DEBUG cache - TemplateLoader.findTemplateSource("spark/partials/head_en_IN.ftl"): Not found
2025-09-23 17:53:33 DEBUG cache - TemplateLoader.findTemplateSource("spark/partials/head_en.ftl"): Not found
2025-09-23 17:53:33 DEBUG cache - TemplateLoader.findTemplateSource("spark/partials/head.ftl"): Found
2025-09-23 17:53:33 DEBUG cache - Loading template for "spark/partials/head.ftl"("en_IN", UTF-8, parsed) from "jar:file:/C:/Users/Ritesh%20Kumar%20Singh/.m2/repository/com/aventstack/extentreports/5.1.2/extentreports-5.1.2.jar!/com/aventstack/extentreports/templates/spark/partials/head.ftl"
2025-09-23 17:53:33 DEBUG cache - Couldn't find template in cache for "commons/commons-inject-css.ftl"("en_IN", UTF-8, parsed); will try to load it.
2025-09-23 17:53:33 DEBUG cache - TemplateLoader.findTemplateSource("commons/commons-inject-css_en_IN.ftl"): Not found
2025-09-23 17:53:33 DEBUG cache - TemplateLoader.findTemplateSource("commons/commons-inject-css_en.ftl"): Not found
2025-09-23 17:53:33 DEBUG cache - TemplateLoader.findTemplateSource("commons/commons-inject-css.ftl"): Found
2025-09-23 17:53:33 DEBUG cache - Loading template for "commons/commons-inject-css.ftl"("en_IN", UTF-8, parsed) from "jar:file:/C:/Users/Ritesh%20Kumar%20Singh/.m2/repository/com/aventstack/extentreports/5.1.2/extentreports-5.1.2.jar!/com/aventstack/extentreports/templates/commons/commons-inject-css.ftl"
2025-09-23 17:53:33 DEBUG cache - Couldn't find template in cache for "spark/partials/navbar.ftl"("en_IN", UTF-8, parsed); will try to load it.
2025-09-23 17:53:33 DEBUG cache - TemplateLoader.findTemplateSource("spark/partials/navbar_en_IN.ftl"): Not found
2025-09-23 17:53:33 DEBUG cache - TemplateLoader.findTemplateSource("spark/partials/navbar_en.ftl"): Not found
2025-09-23 17:53:33 DEBUG cache - TemplateLoader.findTemplateSource("spark/partials/navbar.ftl"): Found
2025-09-23 17:53:33 DEBUG cache - Loading template for "spark/partials/navbar.ftl"("en_IN", UTF-8, parsed) from "jar:file:/C:/Users/Ritesh%20Kumar%20Singh/.m2/repository/com/aventstack/extentreports/5.1.2/extentreports-5.1.2.jar!/com/aventstack/extentreports/templates/spark/partials/navbar.ftl"
2025-09-23 17:53:33 DEBUG cache - Couldn't find template in cache for "spark/partials/sidenav.ftl"("en_IN", UTF-8, parsed); will try to load it.
2025-09-23 17:53:33 DEBUG cache - TemplateLoader.findTemplateSource("spark/partials/sidenav_en_IN.ftl"): Not found
2025-09-23 17:53:33 DEBUG cache - TemplateLoader.findTemplateSource("spark/partials/sidenav_en.ftl"): Not found
2025-09-23 17:53:33 DEBUG cache - TemplateLoader.findTemplateSource("spark/partials/sidenav.ftl"): Found
2025-09-23 17:53:33 DEBUG cache - Loading template for "spark/partials/sidenav.ftl"("en_IN", UTF-8, parsed) from "jar:file:/C:/Users/Ritesh%20Kumar%20Singh/.m2/repository/com/aventstack/extentreports/5.1.2/extentreports-5.1.2.jar!/com/aventstack/extentreports/templates/spark/partials/sidenav.ftl"
2025-09-23 17:53:33 DEBUG cache - Couldn't find template in cache for "spark/partials/test.ftl"("en_IN", UTF-8, parsed); will try to load it.
2025-09-23 17:53:33 DEBUG cache - TemplateLoader.findTemplateSource("spark/partials/test_en_IN.ftl"): Not found
2025-09-23 17:53:33 DEBUG cache - TemplateLoader.findTemplateSource("spark/partials/test_en.ftl"): Not found
2025-09-23 17:53:33 DEBUG cache - TemplateLoader.findTemplateSource("spark/partials/test.ftl"): Found
2025-09-23 17:53:33 DEBUG cache - Loading template for "spark/partials/test.ftl"("en_IN", UTF-8, parsed) from "jar:file:/C:/Users/Ritesh%20Kumar%20Singh/.m2/repository/com/aventstack/extentreports/5.1.2/extentreports-5.1.2.jar!/com/aventstack/extentreports/templates/spark/partials/test.ftl"
2025-09-23 17:53:33 DEBUG cache - Couldn't find template in cache for "spark/partials/standard-content.ftl"("en_IN", UTF-8, parsed); will try to load it.
2025-09-23 17:53:33 DEBUG cache - TemplateLoader.findTemplateSource("spark/partials/standard-content_en_IN.ftl"): Not found
2025-09-23 17:53:33 DEBUG cache - TemplateLoader.findTemplateSource("spark/partials/standard-content_en.ftl"): Not found
2025-09-23 17:53:33 DEBUG cache - TemplateLoader.findTemplateSource("spark/partials/standard-content.ftl"): Found
2025-09-23 17:53:33 DEBUG cache - Loading template for "spark/partials/standard-content.ftl"("en_IN", UTF-8, parsed) from "jar:file:/C:/Users/Ritesh%20Kumar%20Singh/.m2/repository/com/aventstack/extentreports/5.1.2/extentreports-5.1.2.jar!/com/aventstack/extentreports/templates/spark/partials/standard-content.ftl"
2025-09-23 17:53:33 DEBUG cache - Couldn't find template in cache for "spark/partials/exception.ftl"("en_IN", UTF-8, parsed); will try to load it.
2025-09-23 17:53:33 DEBUG cache - TemplateLoader.findTemplateSource("spark/partials/exception_en_IN.ftl"): Not found
2025-09-23 17:53:33 DEBUG cache - TemplateLoader.findTemplateSource("spark/partials/exception_en.ftl"): Not found
2025-09-23 17:53:33 DEBUG cache - TemplateLoader.findTemplateSource("spark/partials/exception.ftl"): Found
2025-09-23 17:53:33 DEBUG cache - Loading template for "spark/partials/exception.ftl"("en_IN", UTF-8, parsed) from "jar:file:/C:/Users/Ritesh%20Kumar%20Singh/.m2/repository/com/aventstack/extentreports/5.1.2/extentreports-5.1.2.jar!/com/aventstack/extentreports/templates/spark/partials/exception.ftl"
2025-09-23 17:53:33 DEBUG cache - Couldn't find template in cache for "spark/partials/category.ftl"("en_IN", UTF-8, parsed); will try to load it.
2025-09-23 17:53:33 DEBUG cache - TemplateLoader.findTemplateSource("spark/partials/category_en_IN.ftl"): Not found
2025-09-23 17:53:33 DEBUG cache - TemplateLoader.findTemplateSource("spark/partials/category_en.ftl"): Not found
2025-09-23 17:53:33 DEBUG cache - TemplateLoader.findTemplateSource("spark/partials/category.ftl"): Found
2025-09-23 17:53:33 DEBUG cache - Loading template for "spark/partials/category.ftl"("en_IN", UTF-8, parsed) from "jar:file:/C:/Users/Ritesh%20Kumar%20Singh/.m2/repository/com/aventstack/extentreports/5.1.2/extentreports-5.1.2.jar!/com/aventstack/extentreports/templates/spark/partials/category.ftl"
2025-09-23 17:53:33 DEBUG cache - Couldn't find template in cache for "spark/partials/device.ftl"("en_IN", UTF-8, parsed); will try to load it.
2025-09-23 17:53:33 DEBUG cache - TemplateLoader.findTemplateSource("spark/partials/device_en_IN.ftl"): Not found
2025-09-23 17:53:33 DEBUG cache - TemplateLoader.findTemplateSource("spark/partials/device_en.ftl"): Not found
2025-09-23 17:53:33 DEBUG cache - TemplateLoader.findTemplateSource("spark/partials/device.ftl"): Found
2025-09-23 17:53:33 DEBUG cache - Loading template for "spark/partials/device.ftl"("en_IN", UTF-8, parsed) from "jar:file:/C:/Users/Ritesh%20Kumar%20Singh/.m2/repository/com/aventstack/extentreports/5.1.2/extentreports-5.1.2.jar!/com/aventstack/extentreports/templates/spark/partials/device.ftl"
2025-09-23 17:53:33 DEBUG cache - Couldn't find template in cache for "spark/partials/author.ftl"("en_IN", UTF-8, parsed); will try to load it.
2025-09-23 17:53:33 DEBUG cache - TemplateLoader.findTemplateSource("spark/partials/author_en_IN.ftl"): Not found
2025-09-23 17:53:33 DEBUG cache - TemplateLoader.findTemplateSource("spark/partials/author_en.ftl"): Not found
2025-09-23 17:53:33 DEBUG cache - TemplateLoader.findTemplateSource("spark/partials/author.ftl"): Found
2025-09-23 17:53:33 DEBUG cache - Loading template for "spark/partials/author.ftl"("en_IN", UTF-8, parsed) from "jar:file:/C:/Users/Ritesh%20Kumar%20Singh/.m2/repository/com/aventstack/extentreports/5.1.2/extentreports-5.1.2.jar!/com/aventstack/extentreports/templates/spark/partials/author.ftl"
2025-09-23 17:53:33 DEBUG cache - Couldn't find template in cache for "spark/partials/log.ftl"("en_IN", UTF-8, parsed); will try to load it.
2025-09-23 17:53:33 DEBUG cache - TemplateLoader.findTemplateSource("spark/partials/log_en_IN.ftl"): Not found
2025-09-23 17:53:33 DEBUG cache - TemplateLoader.findTemplateSource("spark/partials/log_en.ftl"): Not found
2025-09-23 17:53:33 DEBUG cache - TemplateLoader.findTemplateSource("spark/partials/log.ftl"): Found
2025-09-23 17:53:33 DEBUG cache - Loading template for "spark/partials/log.ftl"("en_IN", UTF-8, parsed) from "jar:file:/C:/Users/Ritesh%20Kumar%20Singh/.m2/repository/com/aventstack/extentreports/5.1.2/extentreports-5.1.2.jar!/com/aventstack/extentreports/templates/spark/partials/log.ftl"
2025-09-23 17:53:33 DEBUG cache - Couldn't find template in cache for "spark/partials/dashboard.ftl"("en_IN", UTF-8, parsed); will try to load it.
2025-09-23 17:53:33 DEBUG cache - TemplateLoader.findTemplateSource("spark/partials/dashboard_en_IN.ftl"): Not found
2025-09-23 17:53:33 DEBUG cache - TemplateLoader.findTemplateSource("spark/partials/dashboard_en.ftl"): Not found
2025-09-23 17:53:33 DEBUG cache - TemplateLoader.findTemplateSource("spark/partials/dashboard.ftl"): Found
2025-09-23 17:53:33 DEBUG cache - Loading template for "spark/partials/dashboard.ftl"("en_IN", UTF-8, parsed) from "jar:file:/C:/Users/Ritesh%20Kumar%20Singh/.m2/repository/com/aventstack/extentreports/5.1.2/extentreports-5.1.2.jar!/com/aventstack/extentreports/templates/spark/partials/dashboard.ftl"
2025-09-23 17:53:33 DEBUG cache - Couldn't find template in cache for "spark/partials/scripts.ftl"("en_IN", UTF-8, parsed); will try to load it.
2025-09-23 17:53:33 DEBUG cache - TemplateLoader.findTemplateSource("spark/partials/scripts_en_IN.ftl"): Not found
2025-09-23 17:53:33 DEBUG cache - TemplateLoader.findTemplateSource("spark/partials/scripts_en.ftl"): Not found
2025-09-23 17:53:33 DEBUG cache - TemplateLoader.findTemplateSource("spark/partials/scripts.ftl"): Found
2025-09-23 17:53:33 DEBUG cache - Loading template for "spark/partials/scripts.ftl"("en_IN", UTF-8, parsed) from "jar:file:/C:/Users/Ritesh%20Kumar%20Singh/.m2/repository/com/aventstack/extentreports/5.1.2/extentreports-5.1.2.jar!/com/aventstack/extentreports/templates/spark/partials/scripts.ftl"
2025-09-23 17:53:33 DEBUG cache - Couldn't find template in cache for "commons/commons-inject-js.ftl"("en_IN", UTF-8, parsed); will try to load it.
2025-09-23 17:53:33 DEBUG cache - TemplateLoader.findTemplateSource("commons/commons-inject-js_en_IN.ftl"): Not found
2025-09-23 17:53:33 DEBUG cache - TemplateLoader.findTemplateSource("commons/commons-inject-js_en.ftl"): Not found
2025-09-23 17:53:33 DEBUG cache - TemplateLoader.findTemplateSource("commons/commons-inject-js.ftl"): Found
2025-09-23 17:53:33 DEBUG cache - Loading template for "commons/commons-inject-js.ftl"("en_IN", UTF-8, parsed) from "jar:file:/C:/Users/Ritesh%20Kumar%20Singh/.m2/repository/com/aventstack/extentreports/5.1.2/extentreports-5.1.2.jar!/com/aventstack/extentreports/templates/commons/commons-inject-js.ftl"
2025-09-23 17:55:01 INFO  BaseTest - Driver initialized
2025-09-23 17:55:02 INFO  Listeners - basicActionOnGeneralStoreAppStarted
2025-09-23 17:56:04 ERROR Listeners - basicActionOnGeneralStoreAppFailed
2025-09-23 17:56:08 DEBUG cache - Couldn't find template in cache for "spark/spark.spa.ftl"("en_IN", UTF-8, parsed); will try to load it.
2025-09-23 17:56:08 DEBUG cache - TemplateLoader.findTemplateSource("spark/spark.spa_en_IN.ftl"): Not found
2025-09-23 17:56:08 DEBUG cache - TemplateLoader.findTemplateSource("spark/spark.spa_en.ftl"): Not found
2025-09-23 17:56:08 DEBUG cache - TemplateLoader.findTemplateSource("spark/spark.spa.ftl"): Found
2025-09-23 17:56:08 DEBUG cache - Loading template for "spark/spark.spa.ftl"("en_IN", UTF-8, parsed) from "jar:file:/C:/Users/Ritesh%20Kumar%20Singh/.m2/repository/com/aventstack/extentreports/5.1.2/extentreports-5.1.2.jar!/com/aventstack/extentreports/templates/spark/spark.spa.ftl"
2025-09-23 17:56:08 DEBUG cache - Couldn't find template in cache for "commons/commons-variables.ftl"("en_IN", UTF-8, parsed); will try to load it.
2025-09-23 17:56:08 DEBUG cache - TemplateLoader.findTemplateSource("commons/commons-variables_en_IN.ftl"): Not found
2025-09-23 17:56:08 DEBUG cache - TemplateLoader.findTemplateSource("commons/commons-variables_en.ftl"): Not found
2025-09-23 17:56:08 DEBUG cache - TemplateLoader.findTemplateSource("commons/commons-variables.ftl"): Found
2025-09-23 17:56:08 DEBUG cache - Loading template for "commons/commons-variables.ftl"("en_IN", UTF-8, parsed) from "jar:file:/C:/Users/Ritesh%20Kumar%20Singh/.m2/repository/com/aventstack/extentreports/5.1.2/extentreports-5.1.2.jar!/com/aventstack/extentreports/templates/commons/commons-variables.ftl"
2025-09-23 17:56:08 DEBUG cache - Couldn't find template in cache for "commons/commons-macros.ftl"("en_IN", UTF-8, parsed); will try to load it.
2025-09-23 17:56:08 DEBUG cache - TemplateLoader.findTemplateSource("commons/commons-macros_en_IN.ftl"): Not found
2025-09-23 17:56:08 DEBUG cache - TemplateLoader.findTemplateSource("commons/commons-macros_en.ftl"): Not found
2025-09-23 17:56:08 DEBUG cache - TemplateLoader.findTemplateSource("commons/commons-macros.ftl"): Found
2025-09-23 17:56:08 DEBUG cache - Loading template for "commons/commons-macros.ftl"("en_IN", UTF-8, parsed) from "jar:file:/C:/Users/Ritesh%20Kumar%20Singh/.m2/repository/com/aventstack/extentreports/5.1.2/extentreports-5.1.2.jar!/com/aventstack/extentreports/templates/commons/commons-macros.ftl"
2025-09-23 17:56:08 DEBUG cache - Couldn't find template in cache for "spark/macros/attributes.ftl"("en_IN", UTF-8, parsed); will try to load it.
2025-09-23 17:56:08 DEBUG cache - TemplateLoader.findTemplateSource("spark/macros/attributes_en_IN.ftl"): Not found
2025-09-23 17:56:08 DEBUG cache - TemplateLoader.findTemplateSource("spark/macros/attributes_en.ftl"): Not found
2025-09-23 17:56:08 DEBUG cache - TemplateLoader.findTemplateSource("spark/macros/attributes.ftl"): Found
2025-09-23 17:56:08 DEBUG cache - Loading template for "spark/macros/attributes.ftl"("en_IN", UTF-8, parsed) from "jar:file:/C:/Users/Ritesh%20Kumar%20Singh/.m2/repository/com/aventstack/extentreports/5.1.2/extentreports-5.1.2.jar!/com/aventstack/extentreports/templates/spark/macros/attributes.ftl"
2025-09-23 17:56:08 DEBUG cache - Couldn't find template in cache for "spark/macros/log.ftl"("en_IN", UTF-8, parsed); will try to load it.
2025-09-23 17:56:08 DEBUG cache - TemplateLoader.findTemplateSource("spark/macros/log_en_IN.ftl"): Not found
2025-09-23 17:56:08 DEBUG cache - TemplateLoader.findTemplateSource("spark/macros/log_en.ftl"): Not found
2025-09-23 17:56:08 DEBUG cache - TemplateLoader.findTemplateSource("spark/macros/log.ftl"): Found
2025-09-23 17:56:08 DEBUG cache - Loading template for "spark/macros/log.ftl"("en_IN", UTF-8, parsed) from "jar:file:/C:/Users/Ritesh%20Kumar%20Singh/.m2/repository/com/aventstack/extentreports/5.1.2/extentreports-5.1.2.jar!/com/aventstack/extentreports/templates/spark/macros/log.ftl"
2025-09-23 17:56:08 DEBUG cache - Couldn't find template in cache for "spark/macros/recurse_nodes.ftl"("en_IN", UTF-8, parsed); will try to load it.
2025-09-23 17:56:08 DEBUG cache - TemplateLoader.findTemplateSource("spark/macros/recurse_nodes_en_IN.ftl"): Not found
2025-09-23 17:56:08 DEBUG cache - TemplateLoader.findTemplateSource("spark/macros/recurse_nodes_en.ftl"): Not found
2025-09-23 17:56:08 DEBUG cache - TemplateLoader.findTemplateSource("spark/macros/recurse_nodes.ftl"): Found
2025-09-23 17:56:08 DEBUG cache - Loading template for "spark/macros/recurse_nodes.ftl"("en_IN", UTF-8, parsed) from "jar:file:/C:/Users/Ritesh%20Kumar%20Singh/.m2/repository/com/aventstack/extentreports/5.1.2/extentreports-5.1.2.jar!/com/aventstack/extentreports/templates/spark/macros/recurse_nodes.ftl"
2025-09-23 17:56:08 DEBUG cache - "spark/macros/log.ftl"("en_IN", UTF-8, parsed) cached copy not yet stale; using cached.
2025-09-23 17:56:08 DEBUG cache - Couldn't find template in cache for "spark/macros/attr-common.ftl"("en_IN", UTF-8, parsed); will try to load it.
2025-09-23 17:56:08 DEBUG cache - TemplateLoader.findTemplateSource("spark/macros/attr-common_en_IN.ftl"): Not found
2025-09-23 17:56:08 DEBUG cache - TemplateLoader.findTemplateSource("spark/macros/attr-common_en.ftl"): Not found
2025-09-23 17:56:08 DEBUG cache - TemplateLoader.findTemplateSource("spark/macros/attr-common.ftl"): Found
2025-09-23 17:56:08 DEBUG cache - Loading template for "spark/macros/attr-common.ftl"("en_IN", UTF-8, parsed) from "jar:file:/C:/Users/Ritesh%20Kumar%20Singh/.m2/repository/com/aventstack/extentreports/5.1.2/extentreports-5.1.2.jar!/com/aventstack/extentreports/templates/spark/macros/attr-common.ftl"
2025-09-23 17:56:08 DEBUG cache - Couldn't find template in cache for "spark/partials/head.ftl"("en_IN", UTF-8, parsed); will try to load it.
2025-09-23 17:56:08 DEBUG cache - TemplateLoader.findTemplateSource("spark/partials/head_en_IN.ftl"): Not found
2025-09-23 17:56:08 DEBUG cache - TemplateLoader.findTemplateSource("spark/partials/head_en.ftl"): Not found
2025-09-23 17:56:08 DEBUG cache - TemplateLoader.findTemplateSource("spark/partials/head.ftl"): Found
2025-09-23 17:56:08 DEBUG cache - Loading template for "spark/partials/head.ftl"("en_IN", UTF-8, parsed) from "jar:file:/C:/Users/Ritesh%20Kumar%20Singh/.m2/repository/com/aventstack/extentreports/5.1.2/extentreports-5.1.2.jar!/com/aventstack/extentreports/templates/spark/partials/head.ftl"
2025-09-23 17:56:08 DEBUG cache - Couldn't find template in cache for "commons/commons-inject-css.ftl"("en_IN", UTF-8, parsed); will try to load it.
2025-09-23 17:56:08 DEBUG cache - TemplateLoader.findTemplateSource("commons/commons-inject-css_en_IN.ftl"): Not found
2025-09-23 17:56:08 DEBUG cache - TemplateLoader.findTemplateSource("commons/commons-inject-css_en.ftl"): Not found
2025-09-23 17:56:08 DEBUG cache - TemplateLoader.findTemplateSource("commons/commons-inject-css.ftl"): Found
2025-09-23 17:56:08 DEBUG cache - Loading template for "commons/commons-inject-css.ftl"("en_IN", UTF-8, parsed) from "jar:file:/C:/Users/Ritesh%20Kumar%20Singh/.m2/repository/com/aventstack/extentreports/5.1.2/extentreports-5.1.2.jar!/com/aventstack/extentreports/templates/commons/commons-inject-css.ftl"
2025-09-23 17:56:08 DEBUG cache - Couldn't find template in cache for "spark/partials/navbar.ftl"("en_IN", UTF-8, parsed); will try to load it.
2025-09-23 17:56:08 DEBUG cache - TemplateLoader.findTemplateSource("spark/partials/navbar_en_IN.ftl"): Not found
2025-09-23 17:56:08 DEBUG cache - TemplateLoader.findTemplateSource("spark/partials/navbar_en.ftl"): Not found
2025-09-23 17:56:08 DEBUG cache - TemplateLoader.findTemplateSource("spark/partials/navbar.ftl"): Found
2025-09-23 17:56:08 DEBUG cache - Loading template for "spark/partials/navbar.ftl"("en_IN", UTF-8, parsed) from "jar:file:/C:/Users/Ritesh%20Kumar%20Singh/.m2/repository/com/aventstack/extentreports/5.1.2/extentreports-5.1.2.jar!/com/aventstack/extentreports/templates/spark/partials/navbar.ftl"
2025-09-23 17:56:08 DEBUG cache - Couldn't find template in cache for "spark/partials/sidenav.ftl"("en_IN", UTF-8, parsed); will try to load it.
2025-09-23 17:56:08 DEBUG cache - TemplateLoader.findTemplateSource("spark/partials/sidenav_en_IN.ftl"): Not found
2025-09-23 17:56:08 DEBUG cache - TemplateLoader.findTemplateSource("spark/partials/sidenav_en.ftl"): Not found
2025-09-23 17:56:08 DEBUG cache - TemplateLoader.findTemplateSource("spark/partials/sidenav.ftl"): Found
2025-09-23 17:56:08 DEBUG cache - Loading template for "spark/partials/sidenav.ftl"("en_IN", UTF-8, parsed) from "jar:file:/C:/Users/Ritesh%20Kumar%20Singh/.m2/repository/com/aventstack/extentreports/5.1.2/extentreports-5.1.2.jar!/com/aventstack/extentreports/templates/spark/partials/sidenav.ftl"
2025-09-23 17:56:08 DEBUG cache - Couldn't find template in cache for "spark/partials/test.ftl"("en_IN", UTF-8, parsed); will try to load it.
2025-09-23 17:56:08 DEBUG cache - TemplateLoader.findTemplateSource("spark/partials/test_en_IN.ftl"): Not found
2025-09-23 17:56:08 DEBUG cache - TemplateLoader.findTemplateSource("spark/partials/test_en.ftl"): Not found
2025-09-23 17:56:08 DEBUG cache - TemplateLoader.findTemplateSource("spark/partials/test.ftl"): Found
2025-09-23 17:56:08 DEBUG cache - Loading template for "spark/partials/test.ftl"("en_IN", UTF-8, parsed) from "jar:file:/C:/Users/Ritesh%20Kumar%20Singh/.m2/repository/com/aventstack/extentreports/5.1.2/extentreports-5.1.2.jar!/com/aventstack/extentreports/templates/spark/partials/test.ftl"
2025-09-23 17:56:08 DEBUG cache - Couldn't find template in cache for "spark/partials/standard-content.ftl"("en_IN", UTF-8, parsed); will try to load it.
2025-09-23 17:56:08 DEBUG cache - TemplateLoader.findTemplateSource("spark/partials/standard-content_en_IN.ftl"): Not found
2025-09-23 17:56:08 DEBUG cache - TemplateLoader.findTemplateSource("spark/partials/standard-content_en.ftl"): Not found
2025-09-23 17:56:08 DEBUG cache - TemplateLoader.findTemplateSource("spark/partials/standard-content.ftl"): Found
2025-09-23 17:56:08 DEBUG cache - Loading template for "spark/partials/standard-content.ftl"("en_IN", UTF-8, parsed) from "jar:file:/C:/Users/Ritesh%20Kumar%20Singh/.m2/repository/com/aventstack/extentreports/5.1.2/extentreports-5.1.2.jar!/com/aventstack/extentreports/templates/spark/partials/standard-content.ftl"
2025-09-23 17:56:08 DEBUG cache - Couldn't find template in cache for "spark/partials/exception.ftl"("en_IN", UTF-8, parsed); will try to load it.
2025-09-23 17:56:08 DEBUG cache - TemplateLoader.findTemplateSource("spark/partials/exception_en_IN.ftl"): Not found
2025-09-23 17:56:08 DEBUG cache - TemplateLoader.findTemplateSource("spark/partials/exception_en.ftl"): Not found
2025-09-23 17:56:08 DEBUG cache - TemplateLoader.findTemplateSource("spark/partials/exception.ftl"): Found
2025-09-23 17:56:08 DEBUG cache - Loading template for "spark/partials/exception.ftl"("en_IN", UTF-8, parsed) from "jar:file:/C:/Users/Ritesh%20Kumar%20Singh/.m2/repository/com/aventstack/extentreports/5.1.2/extentreports-5.1.2.jar!/com/aventstack/extentreports/templates/spark/partials/exception.ftl"
2025-09-23 17:56:08 DEBUG cache - Couldn't find template in cache for "spark/partials/category.ftl"("en_IN", UTF-8, parsed); will try to load it.
2025-09-23 17:56:08 DEBUG cache - TemplateLoader.findTemplateSource("spark/partials/category_en_IN.ftl"): Not found
2025-09-23 17:56:08 DEBUG cache - TemplateLoader.findTemplateSource("spark/partials/category_en.ftl"): Not found
2025-09-23 17:56:08 DEBUG cache - TemplateLoader.findTemplateSource("spark/partials/category.ftl"): Found
2025-09-23 17:56:08 DEBUG cache - Loading template for "spark/partials/category.ftl"("en_IN", UTF-8, parsed) from "jar:file:/C:/Users/Ritesh%20Kumar%20Singh/.m2/repository/com/aventstack/extentreports/5.1.2/extentreports-5.1.2.jar!/com/aventstack/extentreports/templates/spark/partials/category.ftl"
2025-09-23 17:56:08 DEBUG cache - Couldn't find template in cache for "spark/partials/device.ftl"("en_IN", UTF-8, parsed); will try to load it.
2025-09-23 17:56:08 DEBUG cache - TemplateLoader.findTemplateSource("spark/partials/device_en_IN.ftl"): Not found
2025-09-23 17:56:08 DEBUG cache - TemplateLoader.findTemplateSource("spark/partials/device_en.ftl"): Not found
2025-09-23 17:56:08 DEBUG cache - TemplateLoader.findTemplateSource("spark/partials/device.ftl"): Found
2025-09-23 17:56:08 DEBUG cache - Loading template for "spark/partials/device.ftl"("en_IN", UTF-8, parsed) from "jar:file:/C:/Users/Ritesh%20Kumar%20Singh/.m2/repository/com/aventstack/extentreports/5.1.2/extentreports-5.1.2.jar!/com/aventstack/extentreports/templates/spark/partials/device.ftl"
2025-09-23 17:56:08 DEBUG cache - Couldn't find template in cache for "spark/partials/author.ftl"("en_IN", UTF-8, parsed); will try to load it.
2025-09-23 17:56:08 DEBUG cache - TemplateLoader.findTemplateSource("spark/partials/author_en_IN.ftl"): Not found
2025-09-23 17:56:08 DEBUG cache - TemplateLoader.findTemplateSource("spark/partials/author_en.ftl"): Not found
2025-09-23 17:56:08 DEBUG cache - TemplateLoader.findTemplateSource("spark/partials/author.ftl"): Found
2025-09-23 17:56:08 DEBUG cache - Loading template for "spark/partials/author.ftl"("en_IN", UTF-8, parsed) from "jar:file:/C:/Users/Ritesh%20Kumar%20Singh/.m2/repository/com/aventstack/extentreports/5.1.2/extentreports-5.1.2.jar!/com/aventstack/extentreports/templates/spark/partials/author.ftl"
2025-09-23 17:56:08 DEBUG cache - Couldn't find template in cache for "spark/partials/log.ftl"("en_IN", UTF-8, parsed); will try to load it.
2025-09-23 17:56:08 DEBUG cache - TemplateLoader.findTemplateSource("spark/partials/log_en_IN.ftl"): Not found
2025-09-23 17:56:08 DEBUG cache - TemplateLoader.findTemplateSource("spark/partials/log_en.ftl"): Not found
2025-09-23 17:56:08 DEBUG cache - TemplateLoader.findTemplateSource("spark/partials/log.ftl"): Found
2025-09-23 17:56:08 DEBUG cache - Loading template for "spark/partials/log.ftl"("en_IN", UTF-8, parsed) from "jar:file:/C:/Users/Ritesh%20Kumar%20Singh/.m2/repository/com/aventstack/extentreports/5.1.2/extentreports-5.1.2.jar!/com/aventstack/extentreports/templates/spark/partials/log.ftl"
2025-09-23 17:56:08 DEBUG cache - Couldn't find template in cache for "spark/partials/dashboard.ftl"("en_IN", UTF-8, parsed); will try to load it.
2025-09-23 17:56:08 DEBUG cache - TemplateLoader.findTemplateSource("spark/partials/dashboard_en_IN.ftl"): Not found
2025-09-23 17:56:08 DEBUG cache - TemplateLoader.findTemplateSource("spark/partials/dashboard_en.ftl"): Not found
2025-09-23 17:56:08 DEBUG cache - TemplateLoader.findTemplateSource("spark/partials/dashboard.ftl"): Found
2025-09-23 17:56:08 DEBUG cache - Loading template for "spark/partials/dashboard.ftl"("en_IN", UTF-8, parsed) from "jar:file:/C:/Users/Ritesh%20Kumar%20Singh/.m2/repository/com/aventstack/extentreports/5.1.2/extentreports-5.1.2.jar!/com/aventstack/extentreports/templates/spark/partials/dashboard.ftl"
2025-09-23 17:56:08 DEBUG cache - Couldn't find template in cache for "spark/partials/scripts.ftl"("en_IN", UTF-8, parsed); will try to load it.
2025-09-23 17:56:08 DEBUG cache - TemplateLoader.findTemplateSource("spark/partials/scripts_en_IN.ftl"): Not found
2025-09-23 17:56:08 DEBUG cache - TemplateLoader.findTemplateSource("spark/partials/scripts_en.ftl"): Not found
2025-09-23 17:56:08 DEBUG cache - TemplateLoader.findTemplateSource("spark/partials/scripts.ftl"): Found
2025-09-23 17:56:08 DEBUG cache - Loading template for "spark/partials/scripts.ftl"("en_IN", UTF-8, parsed) from "jar:file:/C:/Users/Ritesh%20Kumar%20Singh/.m2/repository/com/aventstack/extentreports/5.1.2/extentreports-5.1.2.jar!/com/aventstack/extentreports/templates/spark/partials/scripts.ftl"
2025-09-23 17:56:08 DEBUG cache - Couldn't find template in cache for "commons/commons-inject-js.ftl"("en_IN", UTF-8, parsed); will try to load it.
2025-09-23 17:56:08 DEBUG cache - TemplateLoader.findTemplateSource("commons/commons-inject-js_en_IN.ftl"): Not found
2025-09-23 17:56:08 DEBUG cache - TemplateLoader.findTemplateSource("commons/commons-inject-js_en.ftl"): Not found
2025-09-23 17:56:08 DEBUG cache - TemplateLoader.findTemplateSource("commons/commons-inject-js.ftl"): Found
2025-09-23 17:56:08 DEBUG cache - Loading template for "commons/commons-inject-js.ftl"("en_IN", UTF-8, parsed) from "jar:file:/C:/Users/Ritesh%20Kumar%20Singh/.m2/repository/com/aventstack/extentreports/5.1.2/extentreports-5.1.2.jar!/com/aventstack/extentreports/templates/commons/commons-inject-js.ftl"
2025-09-23 17:57:48 INFO  BaseTest - Driver initialized
2025-09-23 17:57:50 INFO  Listeners - basicActionOnGeneralStoreAppStarted
2025-09-23 17:58:56 ERROR Listeners - basicActionOnGeneralStoreAppFailed
2025-09-23 17:59:00 DEBUG cache - Couldn't find template in cache for "spark/spark.spa.ftl"("en_IN", UTF-8, parsed); will try to load it.
2025-09-23 17:59:00 DEBUG cache - TemplateLoader.findTemplateSource("spark/spark.spa_en_IN.ftl"): Not found
2025-09-23 17:59:00 DEBUG cache - TemplateLoader.findTemplateSource("spark/spark.spa_en.ftl"): Not found
2025-09-23 17:59:00 DEBUG cache - TemplateLoader.findTemplateSource("spark/spark.spa.ftl"): Found
2025-09-23 17:59:00 DEBUG cache - Loading template for "spark/spark.spa.ftl"("en_IN", UTF-8, parsed) from "jar:file:/C:/Users/Ritesh%20Kumar%20Singh/.m2/repository/com/aventstack/extentreports/5.1.2/extentreports-5.1.2.jar!/com/aventstack/extentreports/templates/spark/spark.spa.ftl"
2025-09-23 17:59:00 DEBUG cache - Couldn't find template in cache for "commons/commons-variables.ftl"("en_IN", UTF-8, parsed); will try to load it.
2025-09-23 17:59:00 DEBUG cache - TemplateLoader.findTemplateSource("commons/commons-variables_en_IN.ftl"): Not found
2025-09-23 17:59:00 DEBUG cache - TemplateLoader.findTemplateSource("commons/commons-variables_en.ftl"): Not found
2025-09-23 17:59:00 DEBUG cache - TemplateLoader.findTemplateSource("commons/commons-variables.ftl"): Found
2025-09-23 17:59:00 DEBUG cache - Loading template for "commons/commons-variables.ftl"("en_IN", UTF-8, parsed) from "jar:file:/C:/Users/Ritesh%20Kumar%20Singh/.m2/repository/com/aventstack/extentreports/5.1.2/extentreports-5.1.2.jar!/com/aventstack/extentreports/templates/commons/commons-variables.ftl"
2025-09-23 17:59:00 DEBUG cache - Couldn't find template in cache for "commons/commons-macros.ftl"("en_IN", UTF-8, parsed); will try to load it.
2025-09-23 17:59:00 DEBUG cache - TemplateLoader.findTemplateSource("commons/commons-macros_en_IN.ftl"): Not found
2025-09-23 17:59:00 DEBUG cache - TemplateLoader.findTemplateSource("commons/commons-macros_en.ftl"): Not found
2025-09-23 17:59:00 DEBUG cache - TemplateLoader.findTemplateSource("commons/commons-macros.ftl"): Found
2025-09-23 17:59:00 DEBUG cache - Loading template for "commons/commons-macros.ftl"("en_IN", UTF-8, parsed) from "jar:file:/C:/Users/Ritesh%20Kumar%20Singh/.m2/repository/com/aventstack/extentreports/5.1.2/extentreports-5.1.2.jar!/com/aventstack/extentreports/templates/commons/commons-macros.ftl"
2025-09-23 17:59:00 DEBUG cache - Couldn't find template in cache for "spark/macros/attributes.ftl"("en_IN", UTF-8, parsed); will try to load it.
2025-09-23 17:59:00 DEBUG cache - TemplateLoader.findTemplateSource("spark/macros/attributes_en_IN.ftl"): Not found
2025-09-23 17:59:00 DEBUG cache - TemplateLoader.findTemplateSource("spark/macros/attributes_en.ftl"): Not found
2025-09-23 17:59:00 DEBUG cache - TemplateLoader.findTemplateSource("spark/macros/attributes.ftl"): Found
2025-09-23 17:59:00 DEBUG cache - Loading template for "spark/macros/attributes.ftl"("en_IN", UTF-8, parsed) from "jar:file:/C:/Users/Ritesh%20Kumar%20Singh/.m2/repository/com/aventstack/extentreports/5.1.2/extentreports-5.1.2.jar!/com/aventstack/extentreports/templates/spark/macros/attributes.ftl"
2025-09-23 17:59:00 DEBUG cache - Couldn't find template in cache for "spark/macros/log.ftl"("en_IN", UTF-8, parsed); will try to load it.
2025-09-23 17:59:00 DEBUG cache - TemplateLoader.findTemplateSource("spark/macros/log_en_IN.ftl"): Not found
2025-09-23 17:59:00 DEBUG cache - TemplateLoader.findTemplateSource("spark/macros/log_en.ftl"): Not found
2025-09-23 17:59:00 DEBUG cache - TemplateLoader.findTemplateSource("spark/macros/log.ftl"): Found
2025-09-23 17:59:00 DEBUG cache - Loading template for "spark/macros/log.ftl"("en_IN", UTF-8, parsed) from "jar:file:/C:/Users/Ritesh%20Kumar%20Singh/.m2/repository/com/aventstack/extentreports/5.1.2/extentreports-5.1.2.jar!/com/aventstack/extentreports/templates/spark/macros/log.ftl"
2025-09-23 17:59:00 DEBUG cache - Couldn't find template in cache for "spark/macros/recurse_nodes.ftl"("en_IN", UTF-8, parsed); will try to load it.
2025-09-23 17:59:00 DEBUG cache - TemplateLoader.findTemplateSource("spark/macros/recurse_nodes_en_IN.ftl"): Not found
2025-09-23 17:59:00 DEBUG cache - TemplateLoader.findTemplateSource("spark/macros/recurse_nodes_en.ftl"): Not found
2025-09-23 17:59:00 DEBUG cache - TemplateLoader.findTemplateSource("spark/macros/recurse_nodes.ftl"): Found
2025-09-23 17:59:00 DEBUG cache - Loading template for "spark/macros/recurse_nodes.ftl"("en_IN", UTF-8, parsed) from "jar:file:/C:/Users/Ritesh%20Kumar%20Singh/.m2/repository/com/aventstack/extentreports/5.1.2/extentreports-5.1.2.jar!/com/aventstack/extentreports/templates/spark/macros/recurse_nodes.ftl"
2025-09-23 17:59:00 DEBUG cache - "spark/macros/log.ftl"("en_IN", UTF-8, parsed) cached copy not yet stale; using cached.
2025-09-23 17:59:00 DEBUG cache - Couldn't find template in cache for "spark/macros/attr-common.ftl"("en_IN", UTF-8, parsed); will try to load it.
2025-09-23 17:59:00 DEBUG cache - TemplateLoader.findTemplateSource("spark/macros/attr-common_en_IN.ftl"): Not found
2025-09-23 17:59:00 DEBUG cache - TemplateLoader.findTemplateSource("spark/macros/attr-common_en.ftl"): Not found
2025-09-23 17:59:00 DEBUG cache - TemplateLoader.findTemplateSource("spark/macros/attr-common.ftl"): Found
2025-09-23 17:59:00 DEBUG cache - Loading template for "spark/macros/attr-common.ftl"("en_IN", UTF-8, parsed) from "jar:file:/C:/Users/Ritesh%20Kumar%20Singh/.m2/repository/com/aventstack/extentreports/5.1.2/extentreports-5.1.2.jar!/com/aventstack/extentreports/templates/spark/macros/attr-common.ftl"
2025-09-23 17:59:00 DEBUG cache - Couldn't find template in cache for "spark/partials/head.ftl"("en_IN", UTF-8, parsed); will try to load it.
2025-09-23 17:59:00 DEBUG cache - TemplateLoader.findTemplateSource("spark/partials/head_en_IN.ftl"): Not found
2025-09-23 17:59:00 DEBUG cache - TemplateLoader.findTemplateSource("spark/partials/head_en.ftl"): Not found
2025-09-23 17:59:00 DEBUG cache - TemplateLoader.findTemplateSource("spark/partials/head.ftl"): Found
2025-09-23 17:59:00 DEBUG cache - Loading template for "spark/partials/head.ftl"("en_IN", UTF-8, parsed) from "jar:file:/C:/Users/Ritesh%20Kumar%20Singh/.m2/repository/com/aventstack/extentreports/5.1.2/extentreports-5.1.2.jar!/com/aventstack/extentreports/templates/spark/partials/head.ftl"
2025-09-23 17:59:00 DEBUG cache - Couldn't find template in cache for "commons/commons-inject-css.ftl"("en_IN", UTF-8, parsed); will try to load it.
2025-09-23 17:59:00 DEBUG cache - TemplateLoader.findTemplateSource("commons/commons-inject-css_en_IN.ftl"): Not found
2025-09-23 17:59:00 DEBUG cache - TemplateLoader.findTemplateSource("commons/commons-inject-css_en.ftl"): Not found
2025-09-23 17:59:00 DEBUG cache - TemplateLoader.findTemplateSource("commons/commons-inject-css.ftl"): Found
2025-09-23 17:59:00 DEBUG cache - Loading template for "commons/commons-inject-css.ftl"("en_IN", UTF-8, parsed) from "jar:file:/C:/Users/Ritesh%20Kumar%20Singh/.m2/repository/com/aventstack/extentreports/5.1.2/extentreports-5.1.2.jar!/com/aventstack/extentreports/templates/commons/commons-inject-css.ftl"
2025-09-23 17:59:00 DEBUG cache - Couldn't find template in cache for "spark/partials/navbar.ftl"("en_IN", UTF-8, parsed); will try to load it.
2025-09-23 17:59:00 DEBUG cache - TemplateLoader.findTemplateSource("spark/partials/navbar_en_IN.ftl"): Not found
2025-09-23 17:59:00 DEBUG cache - TemplateLoader.findTemplateSource("spark/partials/navbar_en.ftl"): Not found
2025-09-23 17:59:00 DEBUG cache - TemplateLoader.findTemplateSource("spark/partials/navbar.ftl"): Found
2025-09-23 17:59:00 DEBUG cache - Loading template for "spark/partials/navbar.ftl"("en_IN", UTF-8, parsed) from "jar:file:/C:/Users/Ritesh%20Kumar%20Singh/.m2/repository/com/aventstack/extentreports/5.1.2/extentreports-5.1.2.jar!/com/aventstack/extentreports/templates/spark/partials/navbar.ftl"
2025-09-23 17:59:00 DEBUG cache - Couldn't find template in cache for "spark/partials/sidenav.ftl"("en_IN", UTF-8, parsed); will try to load it.
2025-09-23 17:59:00 DEBUG cache - TemplateLoader.findTemplateSource("spark/partials/sidenav_en_IN.ftl"): Not found
2025-09-23 17:59:00 DEBUG cache - TemplateLoader.findTemplateSource("spark/partials/sidenav_en.ftl"): Not found
2025-09-23 17:59:00 DEBUG cache - TemplateLoader.findTemplateSource("spark/partials/sidenav.ftl"): Found
2025-09-23 17:59:00 DEBUG cache - Loading template for "spark/partials/sidenav.ftl"("en_IN", UTF-8, parsed) from "jar:file:/C:/Users/Ritesh%20Kumar%20Singh/.m2/repository/com/aventstack/extentreports/5.1.2/extentreports-5.1.2.jar!/com/aventstack/extentreports/templates/spark/partials/sidenav.ftl"
2025-09-23 17:59:00 DEBUG cache - Couldn't find template in cache for "spark/partials/test.ftl"("en_IN", UTF-8, parsed); will try to load it.
2025-09-23 17:59:00 DEBUG cache - TemplateLoader.findTemplateSource("spark/partials/test_en_IN.ftl"): Not found
2025-09-23 17:59:00 DEBUG cache - TemplateLoader.findTemplateSource("spark/partials/test_en.ftl"): Not found
2025-09-23 17:59:00 DEBUG cache - TemplateLoader.findTemplateSource("spark/partials/test.ftl"): Found
2025-09-23 17:59:00 DEBUG cache - Loading template for "spark/partials/test.ftl"("en_IN", UTF-8, parsed) from "jar:file:/C:/Users/Ritesh%20Kumar%20Singh/.m2/repository/com/aventstack/extentreports/5.1.2/extentreports-5.1.2.jar!/com/aventstack/extentreports/templates/spark/partials/test.ftl"
2025-09-23 17:59:00 DEBUG cache - Couldn't find template in cache for "spark/partials/standard-content.ftl"("en_IN", UTF-8, parsed); will try to load it.
2025-09-23 17:59:00 DEBUG cache - TemplateLoader.findTemplateSource("spark/partials/standard-content_en_IN.ftl"): Not found
2025-09-23 17:59:00 DEBUG cache - TemplateLoader.findTemplateSource("spark/partials/standard-content_en.ftl"): Not found
2025-09-23 17:59:00 DEBUG cache - TemplateLoader.findTemplateSource("spark/partials/standard-content.ftl"): Found
2025-09-23 17:59:00 DEBUG cache - Loading template for "spark/partials/standard-content.ftl"("en_IN", UTF-8, parsed) from "jar:file:/C:/Users/Ritesh%20Kumar%20Singh/.m2/repository/com/aventstack/extentreports/5.1.2/extentreports-5.1.2.jar!/com/aventstack/extentreports/templates/spark/partials/standard-content.ftl"
2025-09-23 17:59:00 DEBUG cache - Couldn't find template in cache for "spark/partials/exception.ftl"("en_IN", UTF-8, parsed); will try to load it.
2025-09-23 17:59:00 DEBUG cache - TemplateLoader.findTemplateSource("spark/partials/exception_en_IN.ftl"): Not found
2025-09-23 17:59:00 DEBUG cache - TemplateLoader.findTemplateSource("spark/partials/exception_en.ftl"): Not found
2025-09-23 17:59:00 DEBUG cache - TemplateLoader.findTemplateSource("spark/partials/exception.ftl"): Found
2025-09-23 17:59:00 DEBUG cache - Loading template for "spark/partials/exception.ftl"("en_IN", UTF-8, parsed) from "jar:file:/C:/Users/Ritesh%20Kumar%20Singh/.m2/repository/com/aventstack/extentreports/5.1.2/extentreports-5.1.2.jar!/com/aventstack/extentreports/templates/spark/partials/exception.ftl"
2025-09-23 17:59:00 DEBUG cache - Couldn't find template in cache for "spark/partials/category.ftl"("en_IN", UTF-8, parsed); will try to load it.
2025-09-23 17:59:00 DEBUG cache - TemplateLoader.findTemplateSource("spark/partials/category_en_IN.ftl"): Not found
2025-09-23 17:59:00 DEBUG cache - TemplateLoader.findTemplateSource("spark/partials/category_en.ftl"): Not found
2025-09-23 17:59:00 DEBUG cache - TemplateLoader.findTemplateSource("spark/partials/category.ftl"): Found
2025-09-23 17:59:00 DEBUG cache - Loading template for "spark/partials/category.ftl"("en_IN", UTF-8, parsed) from "jar:file:/C:/Users/Ritesh%20Kumar%20Singh/.m2/repository/com/aventstack/extentreports/5.1.2/extentreports-5.1.2.jar!/com/aventstack/extentreports/templates/spark/partials/category.ftl"
2025-09-23 17:59:00 DEBUG cache - Couldn't find template in cache for "spark/partials/device.ftl"("en_IN", UTF-8, parsed); will try to load it.
2025-09-23 17:59:00 DEBUG cache - TemplateLoader.findTemplateSource("spark/partials/device_en_IN.ftl"): Not found
2025-09-23 17:59:00 DEBUG cache - TemplateLoader.findTemplateSource("spark/partials/device_en.ftl"): Not found
2025-09-23 17:59:00 DEBUG cache - TemplateLoader.findTemplateSource("spark/partials/device.ftl"): Found
2025-09-23 17:59:00 DEBUG cache - Loading template for "spark/partials/device.ftl"("en_IN", UTF-8, parsed) from "jar:file:/C:/Users/Ritesh%20Kumar%20Singh/.m2/repository/com/aventstack/extentreports/5.1.2/extentreports-5.1.2.jar!/com/aventstack/extentreports/templates/spark/partials/device.ftl"
2025-09-23 17:59:00 DEBUG cache - Couldn't find template in cache for "spark/partials/author.ftl"("en_IN", UTF-8, parsed); will try to load it.
2025-09-23 17:59:00 DEBUG cache - TemplateLoader.findTemplateSource("spark/partials/author_en_IN.ftl"): Not found
2025-09-23 17:59:00 DEBUG cache - TemplateLoader.findTemplateSource("spark/partials/author_en.ftl"): Not found
2025-09-23 17:59:00 DEBUG cache - TemplateLoader.findTemplateSource("spark/partials/author.ftl"): Found
2025-09-23 17:59:00 DEBUG cache - Loading template for "spark/partials/author.ftl"("en_IN", UTF-8, parsed) from "jar:file:/C:/Users/Ritesh%20Kumar%20Singh/.m2/repository/com/aventstack/extentreports/5.1.2/extentreports-5.1.2.jar!/com/aventstack/extentreports/templates/spark/partials/author.ftl"
2025-09-23 17:59:00 DEBUG cache - Couldn't find template in cache for "spark/partials/log.ftl"("en_IN", UTF-8, parsed); will try to load it.
2025-09-23 17:59:00 DEBUG cache - TemplateLoader.findTemplateSource("spark/partials/log_en_IN.ftl"): Not found
2025-09-23 17:59:00 DEBUG cache - TemplateLoader.findTemplateSource("spark/partials/log_en.ftl"): Not found
2025-09-23 17:59:00 DEBUG cache - TemplateLoader.findTemplateSource("spark/partials/log.ftl"): Found
2025-09-23 17:59:00 DEBUG cache - Loading template for "spark/partials/log.ftl"("en_IN", UTF-8, parsed) from "jar:file:/C:/Users/Ritesh%20Kumar%20Singh/.m2/repository/com/aventstack/extentreports/5.1.2/extentreports-5.1.2.jar!/com/aventstack/extentreports/templates/spark/partials/log.ftl"
2025-09-23 17:59:00 DEBUG cache - Couldn't find template in cache for "spark/partials/dashboard.ftl"("en_IN", UTF-8, parsed); will try to load it.
2025-09-23 17:59:00 DEBUG cache - TemplateLoader.findTemplateSource("spark/partials/dashboard_en_IN.ftl"): Not found
2025-09-23 17:59:00 DEBUG cache - TemplateLoader.findTemplateSource("spark/partials/dashboard_en.ftl"): Not found
2025-09-23 17:59:00 DEBUG cache - TemplateLoader.findTemplateSource("spark/partials/dashboard.ftl"): Found
2025-09-23 17:59:00 DEBUG cache - Loading template for "spark/partials/dashboard.ftl"("en_IN", UTF-8, parsed) from "jar:file:/C:/Users/Ritesh%20Kumar%20Singh/.m2/repository/com/aventstack/extentreports/5.1.2/extentreports-5.1.2.jar!/com/aventstack/extentreports/templates/spark/partials/dashboard.ftl"
2025-09-23 17:59:00 DEBUG cache - Couldn't find template in cache for "spark/partials/scripts.ftl"("en_IN", UTF-8, parsed); will try to load it.
2025-09-23 17:59:00 DEBUG cache - TemplateLoader.findTemplateSource("spark/partials/scripts_en_IN.ftl"): Not found
2025-09-23 17:59:00 DEBUG cache - TemplateLoader.findTemplateSource("spark/partials/scripts_en.ftl"): Not found
2025-09-23 17:59:00 DEBUG cache - TemplateLoader.findTemplateSource("spark/partials/scripts.ftl"): Found
2025-09-23 17:59:00 DEBUG cache - Loading template for "spark/partials/scripts.ftl"("en_IN", UTF-8, parsed) from "jar:file:/C:/Users/Ritesh%20Kumar%20Singh/.m2/repository/com/aventstack/extentreports/5.1.2/extentreports-5.1.2.jar!/com/aventstack/extentreports/templates/spark/partials/scripts.ftl"
2025-09-23 17:59:00 DEBUG cache - Couldn't find template in cache for "commons/commons-inject-js.ftl"("en_IN", UTF-8, parsed); will try to load it.
2025-09-23 17:59:00 DEBUG cache - TemplateLoader.findTemplateSource("commons/commons-inject-js_en_IN.ftl"): Not found
2025-09-23 17:59:00 DEBUG cache - TemplateLoader.findTemplateSource("commons/commons-inject-js_en.ftl"): Not found
2025-09-23 17:59:00 DEBUG cache - TemplateLoader.findTemplateSource("commons/commons-inject-js.ftl"): Found
2025-09-23 17:59:00 DEBUG cache - Loading template for "commons/commons-inject-js.ftl"("en_IN", UTF-8, parsed) from "jar:file:/C:/Users/Ritesh%20Kumar%20Singh/.m2/repository/com/aventstack/extentreports/5.1.2/extentreports-5.1.2.jar!/com/aventstack/extentreports/templates/commons/commons-inject-js.ftl"
2025-09-24 11:56:56 INFO  BaseTest - Driver initialized
2025-09-24 11:56:58 INFO  Listeners - basicActionOnGeneralStoreAppStarted
2025-09-24 11:58:17 ERROR Listeners - basicActionOnGeneralStoreAppFailed
2025-09-24 11:58:21 DEBUG cache - Couldn't find template in cache for "spark/spark.spa.ftl"("en_IN", UTF-8, parsed); will try to load it.
2025-09-24 11:58:21 DEBUG cache - TemplateLoader.findTemplateSource("spark/spark.spa_en_IN.ftl"): Not found
2025-09-24 11:58:21 DEBUG cache - TemplateLoader.findTemplateSource("spark/spark.spa_en.ftl"): Not found
2025-09-24 11:58:21 DEBUG cache - TemplateLoader.findTemplateSource("spark/spark.spa.ftl"): Found
2025-09-24 11:58:21 DEBUG cache - Loading template for "spark/spark.spa.ftl"("en_IN", UTF-8, parsed) from "jar:file:/C:/Users/Ritesh%20Kumar%20Singh/.m2/repository/com/aventstack/extentreports/5.1.2/extentreports-5.1.2.jar!/com/aventstack/extentreports/templates/spark/spark.spa.ftl"
2025-09-24 11:58:21 DEBUG cache - Couldn't find template in cache for "commons/commons-variables.ftl"("en_IN", UTF-8, parsed); will try to load it.
2025-09-24 11:58:21 DEBUG cache - TemplateLoader.findTemplateSource("commons/commons-variables_en_IN.ftl"): Not found
2025-09-24 11:58:21 DEBUG cache - TemplateLoader.findTemplateSource("commons/commons-variables_en.ftl"): Not found
2025-09-24 11:58:21 DEBUG cache - TemplateLoader.findTemplateSource("commons/commons-variables.ftl"): Found
2025-09-24 11:58:21 DEBUG cache - Loading template for "commons/commons-variables.ftl"("en_IN", UTF-8, parsed) from "jar:file:/C:/Users/Ritesh%20Kumar%20Singh/.m2/repository/com/aventstack/extentreports/5.1.2/extentreports-5.1.2.jar!/com/aventstack/extentreports/templates/commons/commons-variables.ftl"
2025-09-24 11:58:21 DEBUG cache - Couldn't find template in cache for "commons/commons-macros.ftl"("en_IN", UTF-8, parsed); will try to load it.
2025-09-24 11:58:21 DEBUG cache - TemplateLoader.findTemplateSource("commons/commons-macros_en_IN.ftl"): Not found
2025-09-24 11:58:21 DEBUG cache - TemplateLoader.findTemplateSource("commons/commons-macros_en.ftl"): Not found
2025-09-24 11:58:21 DEBUG cache - TemplateLoader.findTemplateSource("commons/commons-macros.ftl"): Found
2025-09-24 11:58:21 DEBUG cache - Loading template for "commons/commons-macros.ftl"("en_IN", UTF-8, parsed) from "jar:file:/C:/Users/Ritesh%20Kumar%20Singh/.m2/repository/com/aventstack/extentreports/5.1.2/extentreports-5.1.2.jar!/com/aventstack/extentreports/templates/commons/commons-macros.ftl"
2025-09-24 11:58:21 DEBUG cache - Couldn't find template in cache for "spark/macros/attributes.ftl"("en_IN", UTF-8, parsed); will try to load it.
2025-09-24 11:58:21 DEBUG cache - TemplateLoader.findTemplateSource("spark/macros/attributes_en_IN.ftl"): Not found
2025-09-24 11:58:21 DEBUG cache - TemplateLoader.findTemplateSource("spark/macros/attributes_en.ftl"): Not found
2025-09-24 11:58:21 DEBUG cache - TemplateLoader.findTemplateSource("spark/macros/attributes.ftl"): Found
2025-09-24 11:58:21 DEBUG cache - Loading template for "spark/macros/attributes.ftl"("en_IN", UTF-8, parsed) from "jar:file:/C:/Users/Ritesh%20Kumar%20Singh/.m2/repository/com/aventstack/extentreports/5.1.2/extentreports-5.1.2.jar!/com/aventstack/extentreports/templates/spark/macros/attributes.ftl"
2025-09-24 11:58:21 DEBUG cache - Couldn't find template in cache for "spark/macros/log.ftl"("en_IN", UTF-8, parsed); will try to load it.
2025-09-24 11:58:21 DEBUG cache - TemplateLoader.findTemplateSource("spark/macros/log_en_IN.ftl"): Not found
2025-09-24 11:58:21 DEBUG cache - TemplateLoader.findTemplateSource("spark/macros/log_en.ftl"): Not found
2025-09-24 11:58:21 DEBUG cache - TemplateLoader.findTemplateSource("spark/macros/log.ftl"): Found
2025-09-24 11:58:21 DEBUG cache - Loading template for "spark/macros/log.ftl"("en_IN", UTF-8, parsed) from "jar:file:/C:/Users/Ritesh%20Kumar%20Singh/.m2/repository/com/aventstack/extentreports/5.1.2/extentreports-5.1.2.jar!/com/aventstack/extentreports/templates/spark/macros/log.ftl"
2025-09-24 11:58:21 DEBUG cache - Couldn't find template in cache for "spark/macros/recurse_nodes.ftl"("en_IN", UTF-8, parsed); will try to load it.
2025-09-24 11:58:21 DEBUG cache - TemplateLoader.findTemplateSource("spark/macros/recurse_nodes_en_IN.ftl"): Not found
2025-09-24 11:58:21 DEBUG cache - TemplateLoader.findTemplateSource("spark/macros/recurse_nodes_en.ftl"): Not found
2025-09-24 11:58:21 DEBUG cache - TemplateLoader.findTemplateSource("spark/macros/recurse_nodes.ftl"): Found
2025-09-24 11:58:21 DEBUG cache - Loading template for "spark/macros/recurse_nodes.ftl"("en_IN", UTF-8, parsed) from "jar:file:/C:/Users/Ritesh%20Kumar%20Singh/.m2/repository/com/aventstack/extentreports/5.1.2/extentreports-5.1.2.jar!/com/aventstack/extentreports/templates/spark/macros/recurse_nodes.ftl"
2025-09-24 11:58:21 DEBUG cache - "spark/macros/log.ftl"("en_IN", UTF-8, parsed) cached copy not yet stale; using cached.
2025-09-24 11:58:21 DEBUG cache - Couldn't find template in cache for "spark/macros/attr-common.ftl"("en_IN", UTF-8, parsed); will try to load it.
2025-09-24 11:58:21 DEBUG cache - TemplateLoader.findTemplateSource("spark/macros/attr-common_en_IN.ftl"): Not found
2025-09-24 11:58:21 DEBUG cache - TemplateLoader.findTemplateSource("spark/macros/attr-common_en.ftl"): Not found
2025-09-24 11:58:21 DEBUG cache - TemplateLoader.findTemplateSource("spark/macros/attr-common.ftl"): Found
2025-09-24 11:58:21 DEBUG cache - Loading template for "spark/macros/attr-common.ftl"("en_IN", UTF-8, parsed) from "jar:file:/C:/Users/Ritesh%20Kumar%20Singh/.m2/repository/com/aventstack/extentreports/5.1.2/extentreports-5.1.2.jar!/com/aventstack/extentreports/templates/spark/macros/attr-common.ftl"
2025-09-24 11:58:21 DEBUG cache - Couldn't find template in cache for "spark/partials/head.ftl"("en_IN", UTF-8, parsed); will try to load it.
2025-09-24 11:58:21 DEBUG cache - TemplateLoader.findTemplateSource("spark/partials/head_en_IN.ftl"): Not found
2025-09-24 11:58:21 DEBUG cache - TemplateLoader.findTemplateSource("spark/partials/head_en.ftl"): Not found
2025-09-24 11:58:21 DEBUG cache - TemplateLoader.findTemplateSource("spark/partials/head.ftl"): Found
2025-09-24 11:58:21 DEBUG cache - Loading template for "spark/partials/head.ftl"("en_IN", UTF-8, parsed) from "jar:file:/C:/Users/Ritesh%20Kumar%20Singh/.m2/repository/com/aventstack/extentreports/5.1.2/extentreports-5.1.2.jar!/com/aventstack/extentreports/templates/spark/partials/head.ftl"
2025-09-24 11:58:21 DEBUG cache - Couldn't find template in cache for "commons/commons-inject-css.ftl"("en_IN", UTF-8, parsed); will try to load it.
2025-09-24 11:58:21 DEBUG cache - TemplateLoader.findTemplateSource("commons/commons-inject-css_en_IN.ftl"): Not found
2025-09-24 11:58:21 DEBUG cache - TemplateLoader.findTemplateSource("commons/commons-inject-css_en.ftl"): Not found
2025-09-24 11:58:21 DEBUG cache - TemplateLoader.findTemplateSource("commons/commons-inject-css.ftl"): Found
2025-09-24 11:58:21 DEBUG cache - Loading template for "commons/commons-inject-css.ftl"("en_IN", UTF-8, parsed) from "jar:file:/C:/Users/Ritesh%20Kumar%20Singh/.m2/repository/com/aventstack/extentreports/5.1.2/extentreports-5.1.2.jar!/com/aventstack/extentreports/templates/commons/commons-inject-css.ftl"
2025-09-24 11:58:21 DEBUG cache - Couldn't find template in cache for "spark/partials/navbar.ftl"("en_IN", UTF-8, parsed); will try to load it.
2025-09-24 11:58:21 DEBUG cache - TemplateLoader.findTemplateSource("spark/partials/navbar_en_IN.ftl"): Not found
2025-09-24 11:58:21 DEBUG cache - TemplateLoader.findTemplateSource("spark/partials/navbar_en.ftl"): Not found
2025-09-24 11:58:21 DEBUG cache - TemplateLoader.findTemplateSource("spark/partials/navbar.ftl"): Found
2025-09-24 11:58:21 DEBUG cache - Loading template for "spark/partials/navbar.ftl"("en_IN", UTF-8, parsed) from "jar:file:/C:/Users/Ritesh%20Kumar%20Singh/.m2/repository/com/aventstack/extentreports/5.1.2/extentreports-5.1.2.jar!/com/aventstack/extentreports/templates/spark/partials/navbar.ftl"
2025-09-24 11:58:21 DEBUG cache - Couldn't find template in cache for "spark/partials/sidenav.ftl"("en_IN", UTF-8, parsed); will try to load it.
2025-09-24 11:58:21 DEBUG cache - TemplateLoader.findTemplateSource("spark/partials/sidenav_en_IN.ftl"): Not found
2025-09-24 11:58:21 DEBUG cache - TemplateLoader.findTemplateSource("spark/partials/sidenav_en.ftl"): Not found
2025-09-24 11:58:21 DEBUG cache - TemplateLoader.findTemplateSource("spark/partials/sidenav.ftl"): Found
2025-09-24 11:58:21 DEBUG cache - Loading template for "spark/partials/sidenav.ftl"("en_IN", UTF-8, parsed) from "jar:file:/C:/Users/Ritesh%20Kumar%20Singh/.m2/repository/com/aventstack/extentreports/5.1.2/extentreports-5.1.2.jar!/com/aventstack/extentreports/templates/spark/partials/sidenav.ftl"
2025-09-24 11:58:21 DEBUG cache - Couldn't find template in cache for "spark/partials/test.ftl"("en_IN", UTF-8, parsed); will try to load it.
2025-09-24 11:58:21 DEBUG cache - TemplateLoader.findTemplateSource("spark/partials/test_en_IN.ftl"): Not found
2025-09-24 11:58:21 DEBUG cache - TemplateLoader.findTemplateSource("spark/partials/test_en.ftl"): Not found
2025-09-24 11:58:21 DEBUG cache - TemplateLoader.findTemplateSource("spark/partials/test.ftl"): Found
2025-09-24 11:58:21 DEBUG cache - Loading template for "spark/partials/test.ftl"("en_IN", UTF-8, parsed) from "jar:file:/C:/Users/Ritesh%20Kumar%20Singh/.m2/repository/com/aventstack/extentreports/5.1.2/extentreports-5.1.2.jar!/com/aventstack/extentreports/templates/spark/partials/test.ftl"
2025-09-24 11:58:21 DEBUG cache - Couldn't find template in cache for "spark/partials/standard-content.ftl"("en_IN", UTF-8, parsed); will try to load it.
2025-09-24 11:58:21 DEBUG cache - TemplateLoader.findTemplateSource("spark/partials/standard-content_en_IN.ftl"): Not found
2025-09-24 11:58:21 DEBUG cache - TemplateLoader.findTemplateSource("spark/partials/standard-content_en.ftl"): Not found
2025-09-24 11:58:21 DEBUG cache - TemplateLoader.findTemplateSource("spark/partials/standard-content.ftl"): Found
2025-09-24 11:58:21 DEBUG cache - Loading template for "spark/partials/standard-content.ftl"("en_IN", UTF-8, parsed) from "jar:file:/C:/Users/Ritesh%20Kumar%20Singh/.m2/repository/com/aventstack/extentreports/5.1.2/extentreports-5.1.2.jar!/com/aventstack/extentreports/templates/spark/partials/standard-content.ftl"
2025-09-24 11:58:21 DEBUG cache - Couldn't find template in cache for "spark/partials/exception.ftl"("en_IN", UTF-8, parsed); will try to load it.
2025-09-24 11:58:21 DEBUG cache - TemplateLoader.findTemplateSource("spark/partials/exception_en_IN.ftl"): Not found
2025-09-24 11:58:21 DEBUG cache - TemplateLoader.findTemplateSource("spark/partials/exception_en.ftl"): Not found
2025-09-24 11:58:21 DEBUG cache - TemplateLoader.findTemplateSource("spark/partials/exception.ftl"): Found
2025-09-24 11:58:21 DEBUG cache - Loading template for "spark/partials/exception.ftl"("en_IN", UTF-8, parsed) from "jar:file:/C:/Users/Ritesh%20Kumar%20Singh/.m2/repository/com/aventstack/extentreports/5.1.2/extentreports-5.1.2.jar!/com/aventstack/extentreports/templates/spark/partials/exception.ftl"
2025-09-24 11:58:21 DEBUG cache - Couldn't find template in cache for "spark/partials/category.ftl"("en_IN", UTF-8, parsed); will try to load it.
2025-09-24 11:58:21 DEBUG cache - TemplateLoader.findTemplateSource("spark/partials/category_en_IN.ftl"): Not found
2025-09-24 11:58:21 DEBUG cache - TemplateLoader.findTemplateSource("spark/partials/category_en.ftl"): Not found
2025-09-24 11:58:21 DEBUG cache - TemplateLoader.findTemplateSource("spark/partials/category.ftl"): Found
2025-09-24 11:58:21 DEBUG cache - Loading template for "spark/partials/category.ftl"("en_IN", UTF-8, parsed) from "jar:file:/C:/Users/Ritesh%20Kumar%20Singh/.m2/repository/com/aventstack/extentreports/5.1.2/extentreports-5.1.2.jar!/com/aventstack/extentreports/templates/spark/partials/category.ftl"
2025-09-24 11:58:21 DEBUG cache - Couldn't find template in cache for "spark/partials/device.ftl"("en_IN", UTF-8, parsed); will try to load it.
2025-09-24 11:58:21 DEBUG cache - TemplateLoader.findTemplateSource("spark/partials/device_en_IN.ftl"): Not found
2025-09-24 11:58:21 DEBUG cache - TemplateLoader.findTemplateSource("spark/partials/device_en.ftl"): Not found
2025-09-24 11:58:21 DEBUG cache - TemplateLoader.findTemplateSource("spark/partials/device.ftl"): Found
2025-09-24 11:58:21 DEBUG cache - Loading template for "spark/partials/device.ftl"("en_IN", UTF-8, parsed) from "jar:file:/C:/Users/Ritesh%20Kumar%20Singh/.m2/repository/com/aventstack/extentreports/5.1.2/extentreports-5.1.2.jar!/com/aventstack/extentreports/templates/spark/partials/device.ftl"
2025-09-24 11:58:21 DEBUG cache - Couldn't find template in cache for "spark/partials/author.ftl"("en_IN", UTF-8, parsed); will try to load it.
2025-09-24 11:58:21 DEBUG cache - TemplateLoader.findTemplateSource("spark/partials/author_en_IN.ftl"): Not found
2025-09-24 11:58:21 DEBUG cache - TemplateLoader.findTemplateSource("spark/partials/author_en.ftl"): Not found
2025-09-24 11:58:21 DEBUG cache - TemplateLoader.findTemplateSource("spark/partials/author.ftl"): Found
2025-09-24 11:58:21 DEBUG cache - Loading template for "spark/partials/author.ftl"("en_IN", UTF-8, parsed) from "jar:file:/C:/Users/Ritesh%20Kumar%20Singh/.m2/repository/com/aventstack/extentreports/5.1.2/extentreports-5.1.2.jar!/com/aventstack/extentreports/templates/spark/partials/author.ftl"
2025-09-24 11:58:21 DEBUG cache - Couldn't find template in cache for "spark/partials/log.ftl"("en_IN", UTF-8, parsed); will try to load it.
2025-09-24 11:58:21 DEBUG cache - TemplateLoader.findTemplateSource("spark/partials/log_en_IN.ftl"): Not found
2025-09-24 11:58:21 DEBUG cache - TemplateLoader.findTemplateSource("spark/partials/log_en.ftl"): Not found
2025-09-24 11:58:21 DEBUG cache - TemplateLoader.findTemplateSource("spark/partials/log.ftl"): Found
2025-09-24 11:58:21 DEBUG cache - Loading template for "spark/partials/log.ftl"("en_IN", UTF-8, parsed) from "jar:file:/C:/Users/Ritesh%20Kumar%20Singh/.m2/repository/com/aventstack/extentreports/5.1.2/extentreports-5.1.2.jar!/com/aventstack/extentreports/templates/spark/partials/log.ftl"
2025-09-24 11:58:21 DEBUG cache - Couldn't find template in cache for "spark/partials/dashboard.ftl"("en_IN", UTF-8, parsed); will try to load it.
2025-09-24 11:58:21 DEBUG cache - TemplateLoader.findTemplateSource("spark/partials/dashboard_en_IN.ftl"): Not found
2025-09-24 11:58:21 DEBUG cache - TemplateLoader.findTemplateSource("spark/partials/dashboard_en.ftl"): Not found
2025-09-24 11:58:21 DEBUG cache - TemplateLoader.findTemplateSource("spark/partials/dashboard.ftl"): Found
2025-09-24 11:58:21 DEBUG cache - Loading template for "spark/partials/dashboard.ftl"("en_IN", UTF-8, parsed) from "jar:file:/C:/Users/Ritesh%20Kumar%20Singh/.m2/repository/com/aventstack/extentreports/5.1.2/extentreports-5.1.2.jar!/com/aventstack/extentreports/templates/spark/partials/dashboard.ftl"
2025-09-24 11:58:21 DEBUG cache - Couldn't find template in cache for "spark/partials/scripts.ftl"("en_IN", UTF-8, parsed); will try to load it.
2025-09-24 11:58:21 DEBUG cache - TemplateLoader.findTemplateSource("spark/partials/scripts_en_IN.ftl"): Not found
2025-09-24 11:58:21 DEBUG cache - TemplateLoader.findTemplateSource("spark/partials/scripts_en.ftl"): Not found
2025-09-24 11:58:21 DEBUG cache - TemplateLoader.findTemplateSource("spark/partials/scripts.ftl"): Found
2025-09-24 11:58:21 DEBUG cache - Loading template for "spark/partials/scripts.ftl"("en_IN", UTF-8, parsed) from "jar:file:/C:/Users/Ritesh%20Kumar%20Singh/.m2/repository/com/aventstack/extentreports/5.1.2/extentreports-5.1.2.jar!/com/aventstack/extentreports/templates/spark/partials/scripts.ftl"
2025-09-24 11:58:21 DEBUG cache - Couldn't find template in cache for "commons/commons-inject-js.ftl"("en_IN", UTF-8, parsed); will try to load it.
2025-09-24 11:58:21 DEBUG cache - TemplateLoader.findTemplateSource("commons/commons-inject-js_en_IN.ftl"): Not found
2025-09-24 11:58:21 DEBUG cache - TemplateLoader.findTemplateSource("commons/commons-inject-js_en.ftl"): Not found
2025-09-24 11:58:21 DEBUG cache - TemplateLoader.findTemplateSource("commons/commons-inject-js.ftl"): Found
2025-09-24 11:58:21 DEBUG cache - Loading template for "commons/commons-inject-js.ftl"("en_IN", UTF-8, parsed) from "jar:file:/C:/Users/Ritesh%20Kumar%20Singh/.m2/repository/com/aventstack/extentreports/5.1.2/extentreports-5.1.2.jar!/com/aventstack/extentreports/templates/commons/commons-inject-js.ftl"
2025-09-24 11:59:52 INFO  BaseTest - Driver initialized
2025-09-24 11:59:53 INFO  Listeners - demoRegisterTestStarted
2025-09-24 11:59:55 ERROR Listeners - demoRegisterTestFailed
2025-09-24 11:59:58 INFO  Listeners - alertsDemoStarted
2025-09-24 11:59:59 ERROR Listeners - alertsDemoFailed
2025-09-24 12:00:01 INFO  Listeners - performBrowserActionStarted
2025-09-24 12:00:02 ERROR Listeners - performBrowserActionFailed
2025-09-24 12:00:03 DEBUG cache - Couldn't find template in cache for "spark/spark.spa.ftl"("en_IN", UTF-8, parsed); will try to load it.
2025-09-24 12:00:03 DEBUG cache - TemplateLoader.findTemplateSource("spark/spark.spa_en_IN.ftl"): Not found
2025-09-24 12:00:03 DEBUG cache - TemplateLoader.findTemplateSource("spark/spark.spa_en.ftl"): Not found
2025-09-24 12:00:03 DEBUG cache - TemplateLoader.findTemplateSource("spark/spark.spa.ftl"): Found
2025-09-24 12:00:03 DEBUG cache - Loading template for "spark/spark.spa.ftl"("en_IN", UTF-8, parsed) from "jar:file:/C:/Users/Ritesh%20Kumar%20Singh/.m2/repository/com/aventstack/extentreports/5.1.2/extentreports-5.1.2.jar!/com/aventstack/extentreports/templates/spark/spark.spa.ftl"
2025-09-24 12:00:03 DEBUG cache - Couldn't find template in cache for "commons/commons-variables.ftl"("en_IN", UTF-8, parsed); will try to load it.
2025-09-24 12:00:04 DEBUG cache - TemplateLoader.findTemplateSource("commons/commons-variables_en_IN.ftl"): Not found
2025-09-24 12:00:04 DEBUG cache - TemplateLoader.findTemplateSource("commons/commons-variables_en.ftl"): Not found
2025-09-24 12:00:04 DEBUG cache - TemplateLoader.findTemplateSource("commons/commons-variables.ftl"): Found
2025-09-24 12:00:04 DEBUG cache - Loading template for "commons/commons-variables.ftl"("en_IN", UTF-8, parsed) from "jar:file:/C:/Users/Ritesh%20Kumar%20Singh/.m2/repository/com/aventstack/extentreports/5.1.2/extentreports-5.1.2.jar!/com/aventstack/extentreports/templates/commons/commons-variables.ftl"
2025-09-24 12:00:04 DEBUG cache - Couldn't find template in cache for "commons/commons-macros.ftl"("en_IN", UTF-8, parsed); will try to load it.
2025-09-24 12:00:04 DEBUG cache - TemplateLoader.findTemplateSource("commons/commons-macros_en_IN.ftl"): Not found
2025-09-24 12:00:04 DEBUG cache - TemplateLoader.findTemplateSource("commons/commons-macros_en.ftl"): Not found
2025-09-24 12:00:04 DEBUG cache - TemplateLoader.findTemplateSource("commons/commons-macros.ftl"): Found
2025-09-24 12:00:04 DEBUG cache - Loading template for "commons/commons-macros.ftl"("en_IN", UTF-8, parsed) from "jar:file:/C:/Users/Ritesh%20Kumar%20Singh/.m2/repository/com/aventstack/extentreports/5.1.2/extentreports-5.1.2.jar!/com/aventstack/extentreports/templates/commons/commons-macros.ftl"
2025-09-24 12:00:04 DEBUG cache - Couldn't find template in cache for "spark/macros/attributes.ftl"("en_IN", UTF-8, parsed); will try to load it.
2025-09-24 12:00:04 DEBUG cache - TemplateLoader.findTemplateSource("spark/macros/attributes_en_IN.ftl"): Not found
2025-09-24 12:00:04 DEBUG cache - TemplateLoader.findTemplateSource("spark/macros/attributes_en.ftl"): Not found
2025-09-24 12:00:04 DEBUG cache - TemplateLoader.findTemplateSource("spark/macros/attributes.ftl"): Found
2025-09-24 12:00:04 DEBUG cache - Loading template for "spark/macros/attributes.ftl"("en_IN", UTF-8, parsed) from "jar:file:/C:/Users/Ritesh%20Kumar%20Singh/.m2/repository/com/aventstack/extentreports/5.1.2/extentreports-5.1.2.jar!/com/aventstack/extentreports/templates/spark/macros/attributes.ftl"
2025-09-24 12:00:04 DEBUG cache - Couldn't find template in cache for "spark/macros/log.ftl"("en_IN", UTF-8, parsed); will try to load it.
2025-09-24 12:00:04 DEBUG cache - TemplateLoader.findTemplateSource("spark/macros/log_en_IN.ftl"): Not found
2025-09-24 12:00:04 DEBUG cache - TemplateLoader.findTemplateSource("spark/macros/log_en.ftl"): Not found
2025-09-24 12:00:04 DEBUG cache - TemplateLoader.findTemplateSource("spark/macros/log.ftl"): Found
2025-09-24 12:00:04 DEBUG cache - Loading template for "spark/macros/log.ftl"("en_IN", UTF-8, parsed) from "jar:file:/C:/Users/Ritesh%20Kumar%20Singh/.m2/repository/com/aventstack/extentreports/5.1.2/extentreports-5.1.2.jar!/com/aventstack/extentreports/templates/spark/macros/log.ftl"
2025-09-24 12:00:04 DEBUG cache - Couldn't find template in cache for "spark/macros/recurse_nodes.ftl"("en_IN", UTF-8, parsed); will try to load it.
2025-09-24 12:00:04 DEBUG cache - TemplateLoader.findTemplateSource("spark/macros/recurse_nodes_en_IN.ftl"): Not found
2025-09-24 12:00:04 DEBUG cache - TemplateLoader.findTemplateSource("spark/macros/recurse_nodes_en.ftl"): Not found
2025-09-24 12:00:04 DEBUG cache - TemplateLoader.findTemplateSource("spark/macros/recurse_nodes.ftl"): Found
2025-09-24 12:00:04 DEBUG cache - Loading template for "spark/macros/recurse_nodes.ftl"("en_IN", UTF-8, parsed) from "jar:file:/C:/Users/Ritesh%20Kumar%20Singh/.m2/repository/com/aventstack/extentreports/5.1.2/extentreports-5.1.2.jar!/com/aventstack/extentreports/templates/spark/macros/recurse_nodes.ftl"
2025-09-24 12:00:04 DEBUG cache - "spark/macros/log.ftl"("en_IN", UTF-8, parsed) cached copy not yet stale; using cached.
2025-09-24 12:00:04 DEBUG cache - Couldn't find template in cache for "spark/macros/attr-common.ftl"("en_IN", UTF-8, parsed); will try to load it.
2025-09-24 12:00:04 DEBUG cache - TemplateLoader.findTemplateSource("spark/macros/attr-common_en_IN.ftl"): Not found
2025-09-24 12:00:04 DEBUG cache - TemplateLoader.findTemplateSource("spark/macros/attr-common_en.ftl"): Not found
2025-09-24 12:00:04 DEBUG cache - TemplateLoader.findTemplateSource("spark/macros/attr-common.ftl"): Found
2025-09-24 12:00:04 DEBUG cache - Loading template for "spark/macros/attr-common.ftl"("en_IN", UTF-8, parsed) from "jar:file:/C:/Users/Ritesh%20Kumar%20Singh/.m2/repository/com/aventstack/extentreports/5.1.2/extentreports-5.1.2.jar!/com/aventstack/extentreports/templates/spark/macros/attr-common.ftl"
2025-09-24 12:00:04 DEBUG cache - Couldn't find template in cache for "spark/partials/head.ftl"("en_IN", UTF-8, parsed); will try to load it.
2025-09-24 12:00:04 DEBUG cache - TemplateLoader.findTemplateSource("spark/partials/head_en_IN.ftl"): Not found
2025-09-24 12:00:04 DEBUG cache - TemplateLoader.findTemplateSource("spark/partials/head_en.ftl"): Not found
2025-09-24 12:00:04 DEBUG cache - TemplateLoader.findTemplateSource("spark/partials/head.ftl"): Found
2025-09-24 12:00:04 DEBUG cache - Loading template for "spark/partials/head.ftl"("en_IN", UTF-8, parsed) from "jar:file:/C:/Users/Ritesh%20Kumar%20Singh/.m2/repository/com/aventstack/extentreports/5.1.2/extentreports-5.1.2.jar!/com/aventstack/extentreports/templates/spark/partials/head.ftl"
2025-09-24 12:00:04 DEBUG cache - Couldn't find template in cache for "commons/commons-inject-css.ftl"("en_IN", UTF-8, parsed); will try to load it.
2025-09-24 12:00:04 DEBUG cache - TemplateLoader.findTemplateSource("commons/commons-inject-css_en_IN.ftl"): Not found
2025-09-24 12:00:04 DEBUG cache - TemplateLoader.findTemplateSource("commons/commons-inject-css_en.ftl"): Not found
2025-09-24 12:00:04 DEBUG cache - TemplateLoader.findTemplateSource("commons/commons-inject-css.ftl"): Found
2025-09-24 12:00:04 DEBUG cache - Loading template for "commons/commons-inject-css.ftl"("en_IN", UTF-8, parsed) from "jar:file:/C:/Users/Ritesh%20Kumar%20Singh/.m2/repository/com/aventstack/extentreports/5.1.2/extentreports-5.1.2.jar!/com/aventstack/extentreports/templates/commons/commons-inject-css.ftl"
2025-09-24 12:00:04 DEBUG cache - Couldn't find template in cache for "spark/partials/navbar.ftl"("en_IN", UTF-8, parsed); will try to load it.
2025-09-24 12:00:04 DEBUG cache - TemplateLoader.findTemplateSource("spark/partials/navbar_en_IN.ftl"): Not found
2025-09-24 12:00:04 DEBUG cache - TemplateLoader.findTemplateSource("spark/partials/navbar_en.ftl"): Not found
2025-09-24 12:00:04 DEBUG cache - TemplateLoader.findTemplateSource("spark/partials/navbar.ftl"): Found
2025-09-24 12:00:04 DEBUG cache - Loading template for "spark/partials/navbar.ftl"("en_IN", UTF-8, parsed) from "jar:file:/C:/Users/Ritesh%20Kumar%20Singh/.m2/repository/com/aventstack/extentreports/5.1.2/extentreports-5.1.2.jar!/com/aventstack/extentreports/templates/spark/partials/navbar.ftl"
2025-09-24 12:00:04 DEBUG cache - Couldn't find template in cache for "spark/partials/sidenav.ftl"("en_IN", UTF-8, parsed); will try to load it.
2025-09-24 12:00:04 DEBUG cache - TemplateLoader.findTemplateSource("spark/partials/sidenav_en_IN.ftl"): Not found
2025-09-24 12:00:04 DEBUG cache - TemplateLoader.findTemplateSource("spark/partials/sidenav_en.ftl"): Not found
2025-09-24 12:00:04 DEBUG cache - TemplateLoader.findTemplateSource("spark/partials/sidenav.ftl"): Found
2025-09-24 12:00:04 DEBUG cache - Loading template for "spark/partials/sidenav.ftl"("en_IN", UTF-8, parsed) from "jar:file:/C:/Users/Ritesh%20Kumar%20Singh/.m2/repository/com/aventstack/extentreports/5.1.2/extentreports-5.1.2.jar!/com/aventstack/extentreports/templates/spark/partials/sidenav.ftl"
2025-09-24 12:00:04 DEBUG cache - Couldn't find template in cache for "spark/partials/test.ftl"("en_IN", UTF-8, parsed); will try to load it.
2025-09-24 12:00:04 DEBUG cache - TemplateLoader.findTemplateSource("spark/partials/test_en_IN.ftl"): Not found
2025-09-24 12:00:04 DEBUG cache - TemplateLoader.findTemplateSource("spark/partials/test_en.ftl"): Not found
2025-09-24 12:00:04 DEBUG cache - TemplateLoader.findTemplateSource("spark/partials/test.ftl"): Found
2025-09-24 12:00:04 DEBUG cache - Loading template for "spark/partials/test.ftl"("en_IN", UTF-8, parsed) from "jar:file:/C:/Users/Ritesh%20Kumar%20Singh/.m2/repository/com/aventstack/extentreports/5.1.2/extentreports-5.1.2.jar!/com/aventstack/extentreports/templates/spark/partials/test.ftl"
2025-09-24 12:00:04 DEBUG cache - Couldn't find template in cache for "spark/partials/standard-content.ftl"("en_IN", UTF-8, parsed); will try to load it.
2025-09-24 12:00:04 DEBUG cache - TemplateLoader.findTemplateSource("spark/partials/standard-content_en_IN.ftl"): Not found
2025-09-24 12:00:04 DEBUG cache - TemplateLoader.findTemplateSource("spark/partials/standard-content_en.ftl"): Not found
2025-09-24 12:00:04 DEBUG cache - TemplateLoader.findTemplateSource("spark/partials/standard-content.ftl"): Found
2025-09-24 12:00:04 DEBUG cache - Loading template for "spark/partials/standard-content.ftl"("en_IN", UTF-8, parsed) from "jar:file:/C:/Users/Ritesh%20Kumar%20Singh/.m2/repository/com/aventstack/extentreports/5.1.2/extentreports-5.1.2.jar!/com/aventstack/extentreports/templates/spark/partials/standard-content.ftl"
2025-09-24 12:00:04 DEBUG cache - "spark/partials/standard-content.ftl"("en_IN", UTF-8, parsed) cached copy not yet stale; using cached.
2025-09-24 12:00:04 DEBUG cache - "spark/partials/standard-content.ftl"("en_IN", UTF-8, parsed) cached copy not yet stale; using cached.
2025-09-24 12:00:04 DEBUG cache - Couldn't find template in cache for "spark/partials/exception.ftl"("en_IN", UTF-8, parsed); will try to load it.
2025-09-24 12:00:04 DEBUG cache - TemplateLoader.findTemplateSource("spark/partials/exception_en_IN.ftl"): Not found
2025-09-24 12:00:04 DEBUG cache - TemplateLoader.findTemplateSource("spark/partials/exception_en.ftl"): Not found
2025-09-24 12:00:04 DEBUG cache - TemplateLoader.findTemplateSource("spark/partials/exception.ftl"): Found
2025-09-24 12:00:04 DEBUG cache - Loading template for "spark/partials/exception.ftl"("en_IN", UTF-8, parsed) from "jar:file:/C:/Users/Ritesh%20Kumar%20Singh/.m2/repository/com/aventstack/extentreports/5.1.2/extentreports-5.1.2.jar!/com/aventstack/extentreports/templates/spark/partials/exception.ftl"
2025-09-24 12:00:04 DEBUG cache - Couldn't find template in cache for "spark/partials/category.ftl"("en_IN", UTF-8, parsed); will try to load it.
2025-09-24 12:00:04 DEBUG cache - TemplateLoader.findTemplateSource("spark/partials/category_en_IN.ftl"): Not found
2025-09-24 12:00:04 DEBUG cache - TemplateLoader.findTemplateSource("spark/partials/category_en.ftl"): Not found
2025-09-24 12:00:04 DEBUG cache - TemplateLoader.findTemplateSource("spark/partials/category.ftl"): Found
2025-09-24 12:00:04 DEBUG cache - Loading template for "spark/partials/category.ftl"("en_IN", UTF-8, parsed) from "jar:file:/C:/Users/Ritesh%20Kumar%20Singh/.m2/repository/com/aventstack/extentreports/5.1.2/extentreports-5.1.2.jar!/com/aventstack/extentreports/templates/spark/partials/category.ftl"
2025-09-24 12:00:04 DEBUG cache - Couldn't find template in cache for "spark/partials/device.ftl"("en_IN", UTF-8, parsed); will try to load it.
2025-09-24 12:00:04 DEBUG cache - TemplateLoader.findTemplateSource("spark/partials/device_en_IN.ftl"): Not found
2025-09-24 12:00:04 DEBUG cache - TemplateLoader.findTemplateSource("spark/partials/device_en.ftl"): Not found
2025-09-24 12:00:04 DEBUG cache - TemplateLoader.findTemplateSource("spark/partials/device.ftl"): Found
2025-09-24 12:00:04 DEBUG cache - Loading template for "spark/partials/device.ftl"("en_IN", UTF-8, parsed) from "jar:file:/C:/Users/Ritesh%20Kumar%20Singh/.m2/repository/com/aventstack/extentreports/5.1.2/extentreports-5.1.2.jar!/com/aventstack/extentreports/templates/spark/partials/device.ftl"
2025-09-24 12:00:04 DEBUG cache - Couldn't find template in cache for "spark/partials/author.ftl"("en_IN", UTF-8, parsed); will try to load it.
2025-09-24 12:00:04 DEBUG cache - TemplateLoader.findTemplateSource("spark/partials/author_en_IN.ftl"): Not found
2025-09-24 12:00:04 DEBUG cache - TemplateLoader.findTemplateSource("spark/partials/author_en.ftl"): Not found
2025-09-24 12:00:04 DEBUG cache - TemplateLoader.findTemplateSource("spark/partials/author.ftl"): Found
2025-09-24 12:00:04 DEBUG cache - Loading template for "spark/partials/author.ftl"("en_IN", UTF-8, parsed) from "jar:file:/C:/Users/Ritesh%20Kumar%20Singh/.m2/repository/com/aventstack/extentreports/5.1.2/extentreports-5.1.2.jar!/com/aventstack/extentreports/templates/spark/partials/author.ftl"
2025-09-24 12:00:04 DEBUG cache - Couldn't find template in cache for "spark/partials/log.ftl"("en_IN", UTF-8, parsed); will try to load it.
2025-09-24 12:00:04 DEBUG cache - TemplateLoader.findTemplateSource("spark/partials/log_en_IN.ftl"): Not found
2025-09-24 12:00:04 DEBUG cache - TemplateLoader.findTemplateSource("spark/partials/log_en.ftl"): Not found
2025-09-24 12:00:04 DEBUG cache - TemplateLoader.findTemplateSource("spark/partials/log.ftl"): Found
2025-09-24 12:00:04 DEBUG cache - Loading template for "spark/partials/log.ftl"("en_IN", UTF-8, parsed) from "jar:file:/C:/Users/Ritesh%20Kumar%20Singh/.m2/repository/com/aventstack/extentreports/5.1.2/extentreports-5.1.2.jar!/com/aventstack/extentreports/templates/spark/partials/log.ftl"
2025-09-24 12:00:04 DEBUG cache - Couldn't find template in cache for "spark/partials/dashboard.ftl"("en_IN", UTF-8, parsed); will try to load it.
2025-09-24 12:00:04 DEBUG cache - TemplateLoader.findTemplateSource("spark/partials/dashboard_en_IN.ftl"): Not found
2025-09-24 12:00:04 DEBUG cache - TemplateLoader.findTemplateSource("spark/partials/dashboard_en.ftl"): Not found
2025-09-24 12:00:04 DEBUG cache - TemplateLoader.findTemplateSource("spark/partials/dashboard.ftl"): Found
2025-09-24 12:00:04 DEBUG cache - Loading template for "spark/partials/dashboard.ftl"("en_IN", UTF-8, parsed) from "jar:file:/C:/Users/Ritesh%20Kumar%20Singh/.m2/repository/com/aventstack/extentreports/5.1.2/extentreports-5.1.2.jar!/com/aventstack/extentreports/templates/spark/partials/dashboard.ftl"
2025-09-24 12:00:04 DEBUG cache - Couldn't find template in cache for "spark/partials/scripts.ftl"("en_IN", UTF-8, parsed); will try to load it.
2025-09-24 12:00:04 DEBUG cache - TemplateLoader.findTemplateSource("spark/partials/scripts_en_IN.ftl"): Not found
2025-09-24 12:00:04 DEBUG cache - TemplateLoader.findTemplateSource("spark/partials/scripts_en.ftl"): Not found
2025-09-24 12:00:04 DEBUG cache - TemplateLoader.findTemplateSource("spark/partials/scripts.ftl"): Found
2025-09-24 12:00:04 DEBUG cache - Loading template for "spark/partials/scripts.ftl"("en_IN", UTF-8, parsed) from "jar:file:/C:/Users/Ritesh%20Kumar%20Singh/.m2/repository/com/aventstack/extentreports/5.1.2/extentreports-5.1.2.jar!/com/aventstack/extentreports/templates/spark/partials/scripts.ftl"
2025-09-24 12:00:04 DEBUG cache - Couldn't find template in cache for "commons/commons-inject-js.ftl"("en_IN", UTF-8, parsed); will try to load it.
2025-09-24 12:00:04 DEBUG cache - TemplateLoader.findTemplateSource("commons/commons-inject-js_en_IN.ftl"): Not found
2025-09-24 12:00:04 DEBUG cache - TemplateLoader.findTemplateSource("commons/commons-inject-js_en.ftl"): Not found
2025-09-24 12:00:04 DEBUG cache - TemplateLoader.findTemplateSource("commons/commons-inject-js.ftl"): Found
2025-09-24 12:00:04 DEBUG cache - Loading template for "commons/commons-inject-js.ftl"("en_IN", UTF-8, parsed) from "jar:file:/C:/Users/Ritesh%20Kumar%20Singh/.m2/repository/com/aventstack/extentreports/5.1.2/extentreports-5.1.2.jar!/com/aventstack/extentreports/templates/commons/commons-inject-js.ftl"
2025-09-26 12:39:48 INFO  BaseTest - Driver initialized
2025-09-26 12:39:49 INFO  Listeners - demoRegisterTestStarted
2025-09-26 12:40:02 ERROR Listeners - demoRegisterTestFailed
2025-09-26 12:40:05 INFO  Listeners - alertsDemoStarted
2025-09-26 12:40:06 ERROR Listeners - alertsDemoFailed
2025-09-26 12:40:08 INFO  Listeners - performBrowserActionStarted
2025-09-26 12:40:20 ERROR Listeners - performBrowserActionFailed
2025-09-26 12:40:21 DEBUG cache - Couldn't find template in cache for "spark/spark.spa.ftl"("en_IN", UTF-8, parsed); will try to load it.
2025-09-26 12:40:21 DEBUG cache - TemplateLoader.findTemplateSource("spark/spark.spa_en_IN.ftl"): Not found
2025-09-26 12:40:21 DEBUG cache - TemplateLoader.findTemplateSource("spark/spark.spa_en.ftl"): Not found
2025-09-26 12:40:21 DEBUG cache - TemplateLoader.findTemplateSource("spark/spark.spa.ftl"): Found
2025-09-26 12:40:21 DEBUG cache - Loading template for "spark/spark.spa.ftl"("en_IN", UTF-8, parsed) from "jar:file:/C:/Users/Ritesh%20Kumar%20Singh/.m2/repository/com/aventstack/extentreports/5.1.2/extentreports-5.1.2.jar!/com/aventstack/extentreports/templates/spark/spark.spa.ftl"
2025-09-26 12:40:21 DEBUG cache - Couldn't find template in cache for "commons/commons-variables.ftl"("en_IN", UTF-8, parsed); will try to load it.
2025-09-26 12:40:21 DEBUG cache - TemplateLoader.findTemplateSource("commons/commons-variables_en_IN.ftl"): Not found
2025-09-26 12:40:21 DEBUG cache - TemplateLoader.findTemplateSource("commons/commons-variables_en.ftl"): Not found
2025-09-26 12:40:21 DEBUG cache - TemplateLoader.findTemplateSource("commons/commons-variables.ftl"): Found
2025-09-26 12:40:21 DEBUG cache - Loading template for "commons/commons-variables.ftl"("en_IN", UTF-8, parsed) from "jar:file:/C:/Users/Ritesh%20Kumar%20Singh/.m2/repository/com/aventstack/extentreports/5.1.2/extentreports-5.1.2.jar!/com/aventstack/extentreports/templates/commons/commons-variables.ftl"
2025-09-26 12:40:21 DEBUG cache - Couldn't find template in cache for "commons/commons-macros.ftl"("en_IN", UTF-8, parsed); will try to load it.
2025-09-26 12:40:21 DEBUG cache - TemplateLoader.findTemplateSource("commons/commons-macros_en_IN.ftl"): Not found
2025-09-26 12:40:21 DEBUG cache - TemplateLoader.findTemplateSource("commons/commons-macros_en.ftl"): Not found
2025-09-26 12:40:21 DEBUG cache - TemplateLoader.findTemplateSource("commons/commons-macros.ftl"): Found
2025-09-26 12:40:21 DEBUG cache - Loading template for "commons/commons-macros.ftl"("en_IN", UTF-8, parsed) from "jar:file:/C:/Users/Ritesh%20Kumar%20Singh/.m2/repository/com/aventstack/extentreports/5.1.2/extentreports-5.1.2.jar!/com/aventstack/extentreports/templates/commons/commons-macros.ftl"
2025-09-26 12:40:21 DEBUG cache - Couldn't find template in cache for "spark/macros/attributes.ftl"("en_IN", UTF-8, parsed); will try to load it.
2025-09-26 12:40:21 DEBUG cache - TemplateLoader.findTemplateSource("spark/macros/attributes_en_IN.ftl"): Not found
2025-09-26 12:40:21 DEBUG cache - TemplateLoader.findTemplateSource("spark/macros/attributes_en.ftl"): Not found
2025-09-26 12:40:21 DEBUG cache - TemplateLoader.findTemplateSource("spark/macros/attributes.ftl"): Found
2025-09-26 12:40:21 DEBUG cache - Loading template for "spark/macros/attributes.ftl"("en_IN", UTF-8, parsed) from "jar:file:/C:/Users/Ritesh%20Kumar%20Singh/.m2/repository/com/aventstack/extentreports/5.1.2/extentreports-5.1.2.jar!/com/aventstack/extentreports/templates/spark/macros/attributes.ftl"
2025-09-26 12:40:21 DEBUG cache - Couldn't find template in cache for "spark/macros/log.ftl"("en_IN", UTF-8, parsed); will try to load it.
2025-09-26 12:40:21 DEBUG cache - TemplateLoader.findTemplateSource("spark/macros/log_en_IN.ftl"): Not found
2025-09-26 12:40:21 DEBUG cache - TemplateLoader.findTemplateSource("spark/macros/log_en.ftl"): Not found
2025-09-26 12:40:21 DEBUG cache - TemplateLoader.findTemplateSource("spark/macros/log.ftl"): Found
2025-09-26 12:40:21 DEBUG cache - Loading template for "spark/macros/log.ftl"("en_IN", UTF-8, parsed) from "jar:file:/C:/Users/Ritesh%20Kumar%20Singh/.m2/repository/com/aventstack/extentreports/5.1.2/extentreports-5.1.2.jar!/com/aventstack/extentreports/templates/spark/macros/log.ftl"
2025-09-26 12:40:21 DEBUG cache - Couldn't find template in cache for "spark/macros/recurse_nodes.ftl"("en_IN", UTF-8, parsed); will try to load it.
2025-09-26 12:40:21 DEBUG cache - TemplateLoader.findTemplateSource("spark/macros/recurse_nodes_en_IN.ftl"): Not found
2025-09-26 12:40:21 DEBUG cache - TemplateLoader.findTemplateSource("spark/macros/recurse_nodes_en.ftl"): Not found
2025-09-26 12:40:21 DEBUG cache - TemplateLoader.findTemplateSource("spark/macros/recurse_nodes.ftl"): Found
2025-09-26 12:40:21 DEBUG cache - Loading template for "spark/macros/recurse_nodes.ftl"("en_IN", UTF-8, parsed) from "jar:file:/C:/Users/Ritesh%20Kumar%20Singh/.m2/repository/com/aventstack/extentreports/5.1.2/extentreports-5.1.2.jar!/com/aventstack/extentreports/templates/spark/macros/recurse_nodes.ftl"
2025-09-26 12:40:21 DEBUG cache - "spark/macros/log.ftl"("en_IN", UTF-8, parsed) cached copy not yet stale; using cached.
2025-09-26 12:40:21 DEBUG cache - Couldn't find template in cache for "spark/macros/attr-common.ftl"("en_IN", UTF-8, parsed); will try to load it.
2025-09-26 12:40:21 DEBUG cache - TemplateLoader.findTemplateSource("spark/macros/attr-common_en_IN.ftl"): Not found
2025-09-26 12:40:21 DEBUG cache - TemplateLoader.findTemplateSource("spark/macros/attr-common_en.ftl"): Not found
2025-09-26 12:40:21 DEBUG cache - TemplateLoader.findTemplateSource("spark/macros/attr-common.ftl"): Found
2025-09-26 12:40:21 DEBUG cache - Loading template for "spark/macros/attr-common.ftl"("en_IN", UTF-8, parsed) from "jar:file:/C:/Users/Ritesh%20Kumar%20Singh/.m2/repository/com/aventstack/extentreports/5.1.2/extentreports-5.1.2.jar!/com/aventstack/extentreports/templates/spark/macros/attr-common.ftl"
2025-09-26 12:40:21 DEBUG cache - Couldn't find template in cache for "spark/partials/head.ftl"("en_IN", UTF-8, parsed); will try to load it.
2025-09-26 12:40:21 DEBUG cache - TemplateLoader.findTemplateSource("spark/partials/head_en_IN.ftl"): Not found
2025-09-26 12:40:21 DEBUG cache - TemplateLoader.findTemplateSource("spark/partials/head_en.ftl"): Not found
2025-09-26 12:40:21 DEBUG cache - TemplateLoader.findTemplateSource("spark/partials/head.ftl"): Found
2025-09-26 12:40:21 DEBUG cache - Loading template for "spark/partials/head.ftl"("en_IN", UTF-8, parsed) from "jar:file:/C:/Users/Ritesh%20Kumar%20Singh/.m2/repository/com/aventstack/extentreports/5.1.2/extentreports-5.1.2.jar!/com/aventstack/extentreports/templates/spark/partials/head.ftl"
2025-09-26 12:40:21 DEBUG cache - Couldn't find template in cache for "commons/commons-inject-css.ftl"("en_IN", UTF-8, parsed); will try to load it.
2025-09-26 12:40:21 DEBUG cache - TemplateLoader.findTemplateSource("commons/commons-inject-css_en_IN.ftl"): Not found
2025-09-26 12:40:21 DEBUG cache - TemplateLoader.findTemplateSource("commons/commons-inject-css_en.ftl"): Not found
2025-09-26 12:40:21 DEBUG cache - TemplateLoader.findTemplateSource("commons/commons-inject-css.ftl"): Found
2025-09-26 12:40:21 DEBUG cache - Loading template for "commons/commons-inject-css.ftl"("en_IN", UTF-8, parsed) from "jar:file:/C:/Users/Ritesh%20Kumar%20Singh/.m2/repository/com/aventstack/extentreports/5.1.2/extentreports-5.1.2.jar!/com/aventstack/extentreports/templates/commons/commons-inject-css.ftl"
2025-09-26 12:40:21 DEBUG cache - Couldn't find template in cache for "spark/partials/navbar.ftl"("en_IN", UTF-8, parsed); will try to load it.
2025-09-26 12:40:21 DEBUG cache - TemplateLoader.findTemplateSource("spark/partials/navbar_en_IN.ftl"): Not found
2025-09-26 12:40:21 DEBUG cache - TemplateLoader.findTemplateSource("spark/partials/navbar_en.ftl"): Not found
2025-09-26 12:40:21 DEBUG cache - TemplateLoader.findTemplateSource("spark/partials/navbar.ftl"): Found
2025-09-26 12:40:21 DEBUG cache - Loading template for "spark/partials/navbar.ftl"("en_IN", UTF-8, parsed) from "jar:file:/C:/Users/Ritesh%20Kumar%20Singh/.m2/repository/com/aventstack/extentreports/5.1.2/extentreports-5.1.2.jar!/com/aventstack/extentreports/templates/spark/partials/navbar.ftl"
2025-09-26 12:40:21 DEBUG cache - Couldn't find template in cache for "spark/partials/sidenav.ftl"("en_IN", UTF-8, parsed); will try to load it.
2025-09-26 12:40:21 DEBUG cache - TemplateLoader.findTemplateSource("spark/partials/sidenav_en_IN.ftl"): Not found
2025-09-26 12:40:21 DEBUG cache - TemplateLoader.findTemplateSource("spark/partials/sidenav_en.ftl"): Not found
2025-09-26 12:40:21 DEBUG cache - TemplateLoader.findTemplateSource("spark/partials/sidenav.ftl"): Found
2025-09-26 12:40:21 DEBUG cache - Loading template for "spark/partials/sidenav.ftl"("en_IN", UTF-8, parsed) from "jar:file:/C:/Users/Ritesh%20Kumar%20Singh/.m2/repository/com/aventstack/extentreports/5.1.2/extentreports-5.1.2.jar!/com/aventstack/extentreports/templates/spark/partials/sidenav.ftl"
2025-09-26 12:40:21 DEBUG cache - Couldn't find template in cache for "spark/partials/test.ftl"("en_IN", UTF-8, parsed); will try to load it.
2025-09-26 12:40:21 DEBUG cache - TemplateLoader.findTemplateSource("spark/partials/test_en_IN.ftl"): Not found
2025-09-26 12:40:21 DEBUG cache - TemplateLoader.findTemplateSource("spark/partials/test_en.ftl"): Not found
2025-09-26 12:40:21 DEBUG cache - TemplateLoader.findTemplateSource("spark/partials/test.ftl"): Found
2025-09-26 12:40:21 DEBUG cache - Loading template for "spark/partials/test.ftl"("en_IN", UTF-8, parsed) from "jar:file:/C:/Users/Ritesh%20Kumar%20Singh/.m2/repository/com/aventstack/extentreports/5.1.2/extentreports-5.1.2.jar!/com/aventstack/extentreports/templates/spark/partials/test.ftl"
2025-09-26 12:40:22 DEBUG cache - Couldn't find template in cache for "spark/partials/standard-content.ftl"("en_IN", UTF-8, parsed); will try to load it.
2025-09-26 12:40:22 DEBUG cache - TemplateLoader.findTemplateSource("spark/partials/standard-content_en_IN.ftl"): Not found
2025-09-26 12:40:22 DEBUG cache - TemplateLoader.findTemplateSource("spark/partials/standard-content_en.ftl"): Not found
2025-09-26 12:40:22 DEBUG cache - TemplateLoader.findTemplateSource("spark/partials/standard-content.ftl"): Found
2025-09-26 12:40:22 DEBUG cache - Loading template for "spark/partials/standard-content.ftl"("en_IN", UTF-8, parsed) from "jar:file:/C:/Users/Ritesh%20Kumar%20Singh/.m2/repository/com/aventstack/extentreports/5.1.2/extentreports-5.1.2.jar!/com/aventstack/extentreports/templates/spark/partials/standard-content.ftl"
2025-09-26 12:40:22 DEBUG cache - "spark/partials/standard-content.ftl"("en_IN", UTF-8, parsed) cached copy not yet stale; using cached.
2025-09-26 12:40:22 DEBUG cache - "spark/partials/standard-content.ftl"("en_IN", UTF-8, parsed) cached copy not yet stale; using cached.
2025-09-26 12:40:22 DEBUG cache - Couldn't find template in cache for "spark/partials/exception.ftl"("en_IN", UTF-8, parsed); will try to load it.
2025-09-26 12:40:22 DEBUG cache - TemplateLoader.findTemplateSource("spark/partials/exception_en_IN.ftl"): Not found
2025-09-26 12:40:22 DEBUG cache - TemplateLoader.findTemplateSource("spark/partials/exception_en.ftl"): Not found
2025-09-26 12:40:22 DEBUG cache - TemplateLoader.findTemplateSource("spark/partials/exception.ftl"): Found
2025-09-26 12:40:22 DEBUG cache - Loading template for "spark/partials/exception.ftl"("en_IN", UTF-8, parsed) from "jar:file:/C:/Users/Ritesh%20Kumar%20Singh/.m2/repository/com/aventstack/extentreports/5.1.2/extentreports-5.1.2.jar!/com/aventstack/extentreports/templates/spark/partials/exception.ftl"
2025-09-26 12:40:22 DEBUG cache - Couldn't find template in cache for "spark/partials/category.ftl"("en_IN", UTF-8, parsed); will try to load it.
2025-09-26 12:40:22 DEBUG cache - TemplateLoader.findTemplateSource("spark/partials/category_en_IN.ftl"): Not found
2025-09-26 12:40:22 DEBUG cache - TemplateLoader.findTemplateSource("spark/partials/category_en.ftl"): Not found
2025-09-26 12:40:22 DEBUG cache - TemplateLoader.findTemplateSource("spark/partials/category.ftl"): Found
2025-09-26 12:40:22 DEBUG cache - Loading template for "spark/partials/category.ftl"("en_IN", UTF-8, parsed) from "jar:file:/C:/Users/Ritesh%20Kumar%20Singh/.m2/repository/com/aventstack/extentreports/5.1.2/extentreports-5.1.2.jar!/com/aventstack/extentreports/templates/spark/partials/category.ftl"
2025-09-26 12:40:22 DEBUG cache - Couldn't find template in cache for "spark/partials/device.ftl"("en_IN", UTF-8, parsed); will try to load it.
2025-09-26 12:40:22 DEBUG cache - TemplateLoader.findTemplateSource("spark/partials/device_en_IN.ftl"): Not found
2025-09-26 12:40:22 DEBUG cache - TemplateLoader.findTemplateSource("spark/partials/device_en.ftl"): Not found
2025-09-26 12:40:22 DEBUG cache - TemplateLoader.findTemplateSource("spark/partials/device.ftl"): Found
2025-09-26 12:40:22 DEBUG cache - Loading template for "spark/partials/device.ftl"("en_IN", UTF-8, parsed) from "jar:file:/C:/Users/Ritesh%20Kumar%20Singh/.m2/repository/com/aventstack/extentreports/5.1.2/extentreports-5.1.2.jar!/com/aventstack/extentreports/templates/spark/partials/device.ftl"
2025-09-26 12:40:22 DEBUG cache - Couldn't find template in cache for "spark/partials/author.ftl"("en_IN", UTF-8, parsed); will try to load it.
2025-09-26 12:40:22 DEBUG cache - TemplateLoader.findTemplateSource("spark/partials/author_en_IN.ftl"): Not found
2025-09-26 12:40:22 DEBUG cache - TemplateLoader.findTemplateSource("spark/partials/author_en.ftl"): Not found
2025-09-26 12:40:22 DEBUG cache - TemplateLoader.findTemplateSource("spark/partials/author.ftl"): Found
2025-09-26 12:40:22 DEBUG cache - Loading template for "spark/partials/author.ftl"("en_IN", UTF-8, parsed) from "jar:file:/C:/Users/Ritesh%20Kumar%20Singh/.m2/repository/com/aventstack/extentreports/5.1.2/extentreports-5.1.2.jar!/com/aventstack/extentreports/templates/spark/partials/author.ftl"
2025-09-26 12:40:22 DEBUG cache - Couldn't find template in cache for "spark/partials/log.ftl"("en_IN", UTF-8, parsed); will try to load it.
2025-09-26 12:40:22 DEBUG cache - TemplateLoader.findTemplateSource("spark/partials/log_en_IN.ftl"): Not found
2025-09-26 12:40:22 DEBUG cache - TemplateLoader.findTemplateSource("spark/partials/log_en.ftl"): Not found
2025-09-26 12:40:22 DEBUG cache - TemplateLoader.findTemplateSource("spark/partials/log.ftl"): Found
2025-09-26 12:40:22 DEBUG cache - Loading template for "spark/partials/log.ftl"("en_IN", UTF-8, parsed) from "jar:file:/C:/Users/Ritesh%20Kumar%20Singh/.m2/repository/com/aventstack/extentreports/5.1.2/extentreports-5.1.2.jar!/com/aventstack/extentreports/templates/spark/partials/log.ftl"
2025-09-26 12:40:22 DEBUG cache - Couldn't find template in cache for "spark/partials/dashboard.ftl"("en_IN", UTF-8, parsed); will try to load it.
2025-09-26 12:40:22 DEBUG cache - TemplateLoader.findTemplateSource("spark/partials/dashboard_en_IN.ftl"): Not found
2025-09-26 12:40:22 DEBUG cache - TemplateLoader.findTemplateSource("spark/partials/dashboard_en.ftl"): Not found
2025-09-26 12:40:22 DEBUG cache - TemplateLoader.findTemplateSource("spark/partials/dashboard.ftl"): Found
2025-09-26 12:40:22 DEBUG cache - Loading template for "spark/partials/dashboard.ftl"("en_IN", UTF-8, parsed) from "jar:file:/C:/Users/Ritesh%20Kumar%20Singh/.m2/repository/com/aventstack/extentreports/5.1.2/extentreports-5.1.2.jar!/com/aventstack/extentreports/templates/spark/partials/dashboard.ftl"
2025-09-26 12:40:22 DEBUG cache - Couldn't find template in cache for "spark/partials/scripts.ftl"("en_IN", UTF-8, parsed); will try to load it.
2025-09-26 12:40:22 DEBUG cache - TemplateLoader.findTemplateSource("spark/partials/scripts_en_IN.ftl"): Not found
2025-09-26 12:40:22 DEBUG cache - TemplateLoader.findTemplateSource("spark/partials/scripts_en.ftl"): Not found
2025-09-26 12:40:22 DEBUG cache - TemplateLoader.findTemplateSource("spark/partials/scripts.ftl"): Found
2025-09-26 12:40:22 DEBUG cache - Loading template for "spark/partials/scripts.ftl"("en_IN", UTF-8, parsed) from "jar:file:/C:/Users/Ritesh%20Kumar%20Singh/.m2/repository/com/aventstack/extentreports/5.1.2/extentreports-5.1.2.jar!/com/aventstack/extentreports/templates/spark/partials/scripts.ftl"
2025-09-26 12:40:22 DEBUG cache - Couldn't find template in cache for "commons/commons-inject-js.ftl"("en_IN", UTF-8, parsed); will try to load it.
2025-09-26 12:40:22 DEBUG cache - TemplateLoader.findTemplateSource("commons/commons-inject-js_en_IN.ftl"): Not found
2025-09-26 12:40:22 DEBUG cache - TemplateLoader.findTemplateSource("commons/commons-inject-js_en.ftl"): Not found
2025-09-26 12:40:22 DEBUG cache - TemplateLoader.findTemplateSource("commons/commons-inject-js.ftl"): Found
2025-09-26 12:40:22 DEBUG cache - Loading template for "commons/commons-inject-js.ftl"("en_IN", UTF-8, parsed) from "jar:file:/C:/Users/Ritesh%20Kumar%20Singh/.m2/repository/com/aventstack/extentreports/5.1.2/extentreports-5.1.2.jar!/com/aventstack/extentreports/templates/commons/commons-inject-js.ftl"
2025-09-26 12:46:32 INFO  BaseTest - Driver initialized
2025-09-26 12:46:33 INFO  Listeners - demoRegisterTestStarted
2025-09-26 12:47:11 INFO  Listeners - demoRegisterTestPassed
2025-09-26 12:47:12 INFO  Listeners - alertsDemoStarted
2025-09-26 12:47:14 ERROR Listeners - alertsDemoFailed
2025-09-26 12:47:16 INFO  Listeners - performBrowserActionStarted
2025-09-26 12:47:36 INFO  Listeners - performBrowserActionPassed
2025-09-26 12:47:36 DEBUG cache - Couldn't find template in cache for "spark/spark.spa.ftl"("en_IN", UTF-8, parsed); will try to load it.
2025-09-26 12:47:36 DEBUG cache - TemplateLoader.findTemplateSource("spark/spark.spa_en_IN.ftl"): Not found
2025-09-26 12:47:36 DEBUG cache - TemplateLoader.findTemplateSource("spark/spark.spa_en.ftl"): Not found
2025-09-26 12:47:36 DEBUG cache - TemplateLoader.findTemplateSource("spark/spark.spa.ftl"): Found
2025-09-26 12:47:36 DEBUG cache - Loading template for "spark/spark.spa.ftl"("en_IN", UTF-8, parsed) from "jar:file:/C:/Users/Ritesh%20Kumar%20Singh/.m2/repository/com/aventstack/extentreports/5.1.2/extentreports-5.1.2.jar!/com/aventstack/extentreports/templates/spark/spark.spa.ftl"
2025-09-26 12:47:36 DEBUG cache - Couldn't find template in cache for "commons/commons-variables.ftl"("en_IN", UTF-8, parsed); will try to load it.
2025-09-26 12:47:36 DEBUG cache - TemplateLoader.findTemplateSource("commons/commons-variables_en_IN.ftl"): Not found
2025-09-26 12:47:36 DEBUG cache - TemplateLoader.findTemplateSource("commons/commons-variables_en.ftl"): Not found
2025-09-26 12:47:36 DEBUG cache - TemplateLoader.findTemplateSource("commons/commons-variables.ftl"): Found
2025-09-26 12:47:36 DEBUG cache - Loading template for "commons/commons-variables.ftl"("en_IN", UTF-8, parsed) from "jar:file:/C:/Users/Ritesh%20Kumar%20Singh/.m2/repository/com/aventstack/extentreports/5.1.2/extentreports-5.1.2.jar!/com/aventstack/extentreports/templates/commons/commons-variables.ftl"
2025-09-26 12:47:36 DEBUG cache - Couldn't find template in cache for "commons/commons-macros.ftl"("en_IN", UTF-8, parsed); will try to load it.
2025-09-26 12:47:36 DEBUG cache - TemplateLoader.findTemplateSource("commons/commons-macros_en_IN.ftl"): Not found
2025-09-26 12:47:36 DEBUG cache - TemplateLoader.findTemplateSource("commons/commons-macros_en.ftl"): Not found
2025-09-26 12:47:36 DEBUG cache - TemplateLoader.findTemplateSource("commons/commons-macros.ftl"): Found
2025-09-26 12:47:36 DEBUG cache - Loading template for "commons/commons-macros.ftl"("en_IN", UTF-8, parsed) from "jar:file:/C:/Users/Ritesh%20Kumar%20Singh/.m2/repository/com/aventstack/extentreports/5.1.2/extentreports-5.1.2.jar!/com/aventstack/extentreports/templates/commons/commons-macros.ftl"
2025-09-26 12:47:36 DEBUG cache - Couldn't find template in cache for "spark/macros/attributes.ftl"("en_IN", UTF-8, parsed); will try to load it.
2025-09-26 12:47:36 DEBUG cache - TemplateLoader.findTemplateSource("spark/macros/attributes_en_IN.ftl"): Not found
2025-09-26 12:47:36 DEBUG cache - TemplateLoader.findTemplateSource("spark/macros/attributes_en.ftl"): Not found
2025-09-26 12:47:36 DEBUG cache - TemplateLoader.findTemplateSource("spark/macros/attributes.ftl"): Found
2025-09-26 12:47:36 DEBUG cache - Loading template for "spark/macros/attributes.ftl"("en_IN", UTF-8, parsed) from "jar:file:/C:/Users/Ritesh%20Kumar%20Singh/.m2/repository/com/aventstack/extentreports/5.1.2/extentreports-5.1.2.jar!/com/aventstack/extentreports/templates/spark/macros/attributes.ftl"
2025-09-26 12:47:36 DEBUG cache - Couldn't find template in cache for "spark/macros/log.ftl"("en_IN", UTF-8, parsed); will try to load it.
2025-09-26 12:47:36 DEBUG cache - TemplateLoader.findTemplateSource("spark/macros/log_en_IN.ftl"): Not found
2025-09-26 12:47:36 DEBUG cache - TemplateLoader.findTemplateSource("spark/macros/log_en.ftl"): Not found
2025-09-26 12:47:36 DEBUG cache - TemplateLoader.findTemplateSource("spark/macros/log.ftl"): Found
2025-09-26 12:47:36 DEBUG cache - Loading template for "spark/macros/log.ftl"("en_IN", UTF-8, parsed) from "jar:file:/C:/Users/Ritesh%20Kumar%20Singh/.m2/repository/com/aventstack/extentreports/5.1.2/extentreports-5.1.2.jar!/com/aventstack/extentreports/templates/spark/macros/log.ftl"
2025-09-26 12:47:36 DEBUG cache - Couldn't find template in cache for "spark/macros/recurse_nodes.ftl"("en_IN", UTF-8, parsed); will try to load it.
2025-09-26 12:47:36 DEBUG cache - TemplateLoader.findTemplateSource("spark/macros/recurse_nodes_en_IN.ftl"): Not found
2025-09-26 12:47:36 DEBUG cache - TemplateLoader.findTemplateSource("spark/macros/recurse_nodes_en.ftl"): Not found
2025-09-26 12:47:36 DEBUG cache - TemplateLoader.findTemplateSource("spark/macros/recurse_nodes.ftl"): Found
2025-09-26 12:47:36 DEBUG cache - Loading template for "spark/macros/recurse_nodes.ftl"("en_IN", UTF-8, parsed) from "jar:file:/C:/Users/Ritesh%20Kumar%20Singh/.m2/repository/com/aventstack/extentreports/5.1.2/extentreports-5.1.2.jar!/com/aventstack/extentreports/templates/spark/macros/recurse_nodes.ftl"
2025-09-26 12:47:36 DEBUG cache - "spark/macros/log.ftl"("en_IN", UTF-8, parsed) cached copy not yet stale; using cached.
2025-09-26 12:47:36 DEBUG cache - Couldn't find template in cache for "spark/macros/attr-common.ftl"("en_IN", UTF-8, parsed); will try to load it.
2025-09-26 12:47:36 DEBUG cache - TemplateLoader.findTemplateSource("spark/macros/attr-common_en_IN.ftl"): Not found
2025-09-26 12:47:36 DEBUG cache - TemplateLoader.findTemplateSource("spark/macros/attr-common_en.ftl"): Not found
2025-09-26 12:47:36 DEBUG cache - TemplateLoader.findTemplateSource("spark/macros/attr-common.ftl"): Found
2025-09-26 12:47:36 DEBUG cache - Loading template for "spark/macros/attr-common.ftl"("en_IN", UTF-8, parsed) from "jar:file:/C:/Users/Ritesh%20Kumar%20Singh/.m2/repository/com/aventstack/extentreports/5.1.2/extentreports-5.1.2.jar!/com/aventstack/extentreports/templates/spark/macros/attr-common.ftl"
2025-09-26 12:47:36 DEBUG cache - Couldn't find template in cache for "spark/partials/head.ftl"("en_IN", UTF-8, parsed); will try to load it.
2025-09-26 12:47:36 DEBUG cache - TemplateLoader.findTemplateSource("spark/partials/head_en_IN.ftl"): Not found
2025-09-26 12:47:36 DEBUG cache - TemplateLoader.findTemplateSource("spark/partials/head_en.ftl"): Not found
2025-09-26 12:47:36 DEBUG cache - TemplateLoader.findTemplateSource("spark/partials/head.ftl"): Found
2025-09-26 12:47:36 DEBUG cache - Loading template for "spark/partials/head.ftl"("en_IN", UTF-8, parsed) from "jar:file:/C:/Users/Ritesh%20Kumar%20Singh/.m2/repository/com/aventstack/extentreports/5.1.2/extentreports-5.1.2.jar!/com/aventstack/extentreports/templates/spark/partials/head.ftl"
2025-09-26 12:47:36 DEBUG cache - Couldn't find template in cache for "commons/commons-inject-css.ftl"("en_IN", UTF-8, parsed); will try to load it.
2025-09-26 12:47:36 DEBUG cache - TemplateLoader.findTemplateSource("commons/commons-inject-css_en_IN.ftl"): Not found
2025-09-26 12:47:36 DEBUG cache - TemplateLoader.findTemplateSource("commons/commons-inject-css_en.ftl"): Not found
2025-09-26 12:47:36 DEBUG cache - TemplateLoader.findTemplateSource("commons/commons-inject-css.ftl"): Found
2025-09-26 12:47:36 DEBUG cache - Loading template for "commons/commons-inject-css.ftl"("en_IN", UTF-8, parsed) from "jar:file:/C:/Users/Ritesh%20Kumar%20Singh/.m2/repository/com/aventstack/extentreports/5.1.2/extentreports-5.1.2.jar!/com/aventstack/extentreports/templates/commons/commons-inject-css.ftl"
2025-09-26 12:47:36 DEBUG cache - Couldn't find template in cache for "spark/partials/navbar.ftl"("en_IN", UTF-8, parsed); will try to load it.
2025-09-26 12:47:36 DEBUG cache - TemplateLoader.findTemplateSource("spark/partials/navbar_en_IN.ftl"): Not found
2025-09-26 12:47:36 DEBUG cache - TemplateLoader.findTemplateSource("spark/partials/navbar_en.ftl"): Not found
2025-09-26 12:47:36 DEBUG cache - TemplateLoader.findTemplateSource("spark/partials/navbar.ftl"): Found
2025-09-26 12:47:36 DEBUG cache - Loading template for "spark/partials/navbar.ftl"("en_IN", UTF-8, parsed) from "jar:file:/C:/Users/Ritesh%20Kumar%20Singh/.m2/repository/com/aventstack/extentreports/5.1.2/extentreports-5.1.2.jar!/com/aventstack/extentreports/templates/spark/partials/navbar.ftl"
2025-09-26 12:47:36 DEBUG cache - Couldn't find template in cache for "spark/partials/sidenav.ftl"("en_IN", UTF-8, parsed); will try to load it.
2025-09-26 12:47:36 DEBUG cache - TemplateLoader.findTemplateSource("spark/partials/sidenav_en_IN.ftl"): Not found
2025-09-26 12:47:36 DEBUG cache - TemplateLoader.findTemplateSource("spark/partials/sidenav_en.ftl"): Not found
2025-09-26 12:47:36 DEBUG cache - TemplateLoader.findTemplateSource("spark/partials/sidenav.ftl"): Found
2025-09-26 12:47:36 DEBUG cache - Loading template for "spark/partials/sidenav.ftl"("en_IN", UTF-8, parsed) from "jar:file:/C:/Users/Ritesh%20Kumar%20Singh/.m2/repository/com/aventstack/extentreports/5.1.2/extentreports-5.1.2.jar!/com/aventstack/extentreports/templates/spark/partials/sidenav.ftl"
2025-09-26 12:47:36 DEBUG cache - Couldn't find template in cache for "spark/partials/test.ftl"("en_IN", UTF-8, parsed); will try to load it.
2025-09-26 12:47:36 DEBUG cache - TemplateLoader.findTemplateSource("spark/partials/test_en_IN.ftl"): Not found
2025-09-26 12:47:36 DEBUG cache - TemplateLoader.findTemplateSource("spark/partials/test_en.ftl"): Not found
2025-09-26 12:47:36 DEBUG cache - TemplateLoader.findTemplateSource("spark/partials/test.ftl"): Found
2025-09-26 12:47:36 DEBUG cache - Loading template for "spark/partials/test.ftl"("en_IN", UTF-8, parsed) from "jar:file:/C:/Users/Ritesh%20Kumar%20Singh/.m2/repository/com/aventstack/extentreports/5.1.2/extentreports-5.1.2.jar!/com/aventstack/extentreports/templates/spark/partials/test.ftl"
2025-09-26 12:47:36 DEBUG cache - Couldn't find template in cache for "spark/partials/standard-content.ftl"("en_IN", UTF-8, parsed); will try to load it.
2025-09-26 12:47:36 DEBUG cache - TemplateLoader.findTemplateSource("spark/partials/standard-content_en_IN.ftl"): Not found
2025-09-26 12:47:36 DEBUG cache - TemplateLoader.findTemplateSource("spark/partials/standard-content_en.ftl"): Not found
2025-09-26 12:47:36 DEBUG cache - TemplateLoader.findTemplateSource("spark/partials/standard-content.ftl"): Found
2025-09-26 12:47:36 DEBUG cache - Loading template for "spark/partials/standard-content.ftl"("en_IN", UTF-8, parsed) from "jar:file:/C:/Users/Ritesh%20Kumar%20Singh/.m2/repository/com/aventstack/extentreports/5.1.2/extentreports-5.1.2.jar!/com/aventstack/extentreports/templates/spark/partials/standard-content.ftl"
2025-09-26 12:47:36 DEBUG cache - "spark/partials/standard-content.ftl"("en_IN", UTF-8, parsed) cached copy not yet stale; using cached.
2025-09-26 12:47:36 DEBUG cache - "spark/partials/standard-content.ftl"("en_IN", UTF-8, parsed) cached copy not yet stale; using cached.
2025-09-26 12:47:36 DEBUG cache - Couldn't find template in cache for "spark/partials/exception.ftl"("en_IN", UTF-8, parsed); will try to load it.
2025-09-26 12:47:36 DEBUG cache - TemplateLoader.findTemplateSource("spark/partials/exception_en_IN.ftl"): Not found
2025-09-26 12:47:36 DEBUG cache - TemplateLoader.findTemplateSource("spark/partials/exception_en.ftl"): Not found
2025-09-26 12:47:36 DEBUG cache - TemplateLoader.findTemplateSource("spark/partials/exception.ftl"): Found
2025-09-26 12:47:36 DEBUG cache - Loading template for "spark/partials/exception.ftl"("en_IN", UTF-8, parsed) from "jar:file:/C:/Users/Ritesh%20Kumar%20Singh/.m2/repository/com/aventstack/extentreports/5.1.2/extentreports-5.1.2.jar!/com/aventstack/extentreports/templates/spark/partials/exception.ftl"
2025-09-26 12:47:36 DEBUG cache - Couldn't find template in cache for "spark/partials/category.ftl"("en_IN", UTF-8, parsed); will try to load it.
2025-09-26 12:47:36 DEBUG cache - TemplateLoader.findTemplateSource("spark/partials/category_en_IN.ftl"): Not found
2025-09-26 12:47:36 DEBUG cache - TemplateLoader.findTemplateSource("spark/partials/category_en.ftl"): Not found
2025-09-26 12:47:36 DEBUG cache - TemplateLoader.findTemplateSource("spark/partials/category.ftl"): Found
2025-09-26 12:47:36 DEBUG cache - Loading template for "spark/partials/category.ftl"("en_IN", UTF-8, parsed) from "jar:file:/C:/Users/Ritesh%20Kumar%20Singh/.m2/repository/com/aventstack/extentreports/5.1.2/extentreports-5.1.2.jar!/com/aventstack/extentreports/templates/spark/partials/category.ftl"
2025-09-26 12:47:36 DEBUG cache - Couldn't find template in cache for "spark/partials/device.ftl"("en_IN", UTF-8, parsed); will try to load it.
2025-09-26 12:47:36 DEBUG cache - TemplateLoader.findTemplateSource("spark/partials/device_en_IN.ftl"): Not found
2025-09-26 12:47:36 DEBUG cache - TemplateLoader.findTemplateSource("spark/partials/device_en.ftl"): Not found
2025-09-26 12:47:36 DEBUG cache - TemplateLoader.findTemplateSource("spark/partials/device.ftl"): Found
2025-09-26 12:47:36 DEBUG cache - Loading template for "spark/partials/device.ftl"("en_IN", UTF-8, parsed) from "jar:file:/C:/Users/Ritesh%20Kumar%20Singh/.m2/repository/com/aventstack/extentreports/5.1.2/extentreports-5.1.2.jar!/com/aventstack/extentreports/templates/spark/partials/device.ftl"
2025-09-26 12:47:36 DEBUG cache - Couldn't find template in cache for "spark/partials/author.ftl"("en_IN", UTF-8, parsed); will try to load it.
2025-09-26 12:47:36 DEBUG cache - TemplateLoader.findTemplateSource("spark/partials/author_en_IN.ftl"): Not found
2025-09-26 12:47:36 DEBUG cache - TemplateLoader.findTemplateSource("spark/partials/author_en.ftl"): Not found
2025-09-26 12:47:36 DEBUG cache - TemplateLoader.findTemplateSource("spark/partials/author.ftl"): Found
2025-09-26 12:47:36 DEBUG cache - Loading template for "spark/partials/author.ftl"("en_IN", UTF-8, parsed) from "jar:file:/C:/Users/Ritesh%20Kumar%20Singh/.m2/repository/com/aventstack/extentreports/5.1.2/extentreports-5.1.2.jar!/com/aventstack/extentreports/templates/spark/partials/author.ftl"
2025-09-26 12:47:36 DEBUG cache - Couldn't find template in cache for "spark/partials/log.ftl"("en_IN", UTF-8, parsed); will try to load it.
2025-09-26 12:47:36 DEBUG cache - TemplateLoader.findTemplateSource("spark/partials/log_en_IN.ftl"): Not found
2025-09-26 12:47:36 DEBUG cache - TemplateLoader.findTemplateSource("spark/partials/log_en.ftl"): Not found
2025-09-26 12:47:36 DEBUG cache - TemplateLoader.findTemplateSource("spark/partials/log.ftl"): Found
2025-09-26 12:47:36 DEBUG cache - Loading template for "spark/partials/log.ftl"("en_IN", UTF-8, parsed) from "jar:file:/C:/Users/Ritesh%20Kumar%20Singh/.m2/repository/com/aventstack/extentreports/5.1.2/extentreports-5.1.2.jar!/com/aventstack/extentreports/templates/spark/partials/log.ftl"
2025-09-26 12:47:36 DEBUG cache - Couldn't find template in cache for "spark/partials/dashboard.ftl"("en_IN", UTF-8, parsed); will try to load it.
2025-09-26 12:47:36 DEBUG cache - TemplateLoader.findTemplateSource("spark/partials/dashboard_en_IN.ftl"): Not found
2025-09-26 12:47:36 DEBUG cache - TemplateLoader.findTemplateSource("spark/partials/dashboard_en.ftl"): Not found
2025-09-26 12:47:36 DEBUG cache - TemplateLoader.findTemplateSource("spark/partials/dashboard.ftl"): Found
2025-09-26 12:47:36 DEBUG cache - Loading template for "spark/partials/dashboard.ftl"("en_IN", UTF-8, parsed) from "jar:file:/C:/Users/Ritesh%20Kumar%20Singh/.m2/repository/com/aventstack/extentreports/5.1.2/extentreports-5.1.2.jar!/com/aventstack/extentreports/templates/spark/partials/dashboard.ftl"
2025-09-26 12:47:36 DEBUG cache - Couldn't find template in cache for "spark/partials/scripts.ftl"("en_IN", UTF-8, parsed); will try to load it.
2025-09-26 12:47:36 DEBUG cache - TemplateLoader.findTemplateSource("spark/partials/scripts_en_IN.ftl"): Not found
2025-09-26 12:47:36 DEBUG cache - TemplateLoader.findTemplateSource("spark/partials/scripts_en.ftl"): Not found
2025-09-26 12:47:36 DEBUG cache - TemplateLoader.findTemplateSource("spark/partials/scripts.ftl"): Found
2025-09-26 12:47:36 DEBUG cache - Loading template for "spark/partials/scripts.ftl"("en_IN", UTF-8, parsed) from "jar:file:/C:/Users/Ritesh%20Kumar%20Singh/.m2/repository/com/aventstack/extentreports/5.1.2/extentreports-5.1.2.jar!/com/aventstack/extentreports/templates/spark/partials/scripts.ftl"
2025-09-26 12:47:36 DEBUG cache - Couldn't find template in cache for "commons/commons-inject-js.ftl"("en_IN", UTF-8, parsed); will try to load it.
2025-09-26 12:47:36 DEBUG cache - TemplateLoader.findTemplateSource("commons/commons-inject-js_en_IN.ftl"): Not found
2025-09-26 12:47:36 DEBUG cache - TemplateLoader.findTemplateSource("commons/commons-inject-js_en.ftl"): Not found
2025-09-26 12:47:36 DEBUG cache - TemplateLoader.findTemplateSource("commons/commons-inject-js.ftl"): Found
2025-09-26 12:47:36 DEBUG cache - Loading template for "commons/commons-inject-js.ftl"("en_IN", UTF-8, parsed) from "jar:file:/C:/Users/Ritesh%20Kumar%20Singh/.m2/repository/com/aventstack/extentreports/5.1.2/extentreports-5.1.2.jar!/com/aventstack/extentreports/templates/commons/commons-inject-js.ftl"
2025-09-26 12:49:06 INFO  BaseTest - Driver initialized
2025-09-26 12:49:07 INFO  Listeners - demoRegisterTestStarted
2025-09-26 12:49:20 ERROR Listeners - demoRegisterTestFailed
2025-09-26 12:49:23 INFO  Listeners - performBrowserActionStarted
2025-09-26 12:49:44 INFO  Listeners - performBrowserActionPassed
2025-09-26 12:49:44 DEBUG cache - Couldn't find template in cache for "spark/spark.spa.ftl"("en_IN", UTF-8, parsed); will try to load it.
2025-09-26 12:49:44 DEBUG cache - TemplateLoader.findTemplateSource("spark/spark.spa_en_IN.ftl"): Not found
2025-09-26 12:49:44 DEBUG cache - TemplateLoader.findTemplateSource("spark/spark.spa_en.ftl"): Not found
2025-09-26 12:49:44 DEBUG cache - TemplateLoader.findTemplateSource("spark/spark.spa.ftl"): Found
2025-09-26 12:49:44 DEBUG cache - Loading template for "spark/spark.spa.ftl"("en_IN", UTF-8, parsed) from "jar:file:/C:/Users/Ritesh%20Kumar%20Singh/.m2/repository/com/aventstack/extentreports/5.1.2/extentreports-5.1.2.jar!/com/aventstack/extentreports/templates/spark/spark.spa.ftl"
2025-09-26 12:49:44 DEBUG cache - Couldn't find template in cache for "commons/commons-variables.ftl"("en_IN", UTF-8, parsed); will try to load it.
2025-09-26 12:49:44 DEBUG cache - TemplateLoader.findTemplateSource("commons/commons-variables_en_IN.ftl"): Not found
2025-09-26 12:49:44 DEBUG cache - TemplateLoader.findTemplateSource("commons/commons-variables_en.ftl"): Not found
2025-09-26 12:49:44 DEBUG cache - TemplateLoader.findTemplateSource("commons/commons-variables.ftl"): Found
2025-09-26 12:49:44 DEBUG cache - Loading template for "commons/commons-variables.ftl"("en_IN", UTF-8, parsed) from "jar:file:/C:/Users/Ritesh%20Kumar%20Singh/.m2/repository/com/aventstack/extentreports/5.1.2/extentreports-5.1.2.jar!/com/aventstack/extentreports/templates/commons/commons-variables.ftl"
2025-09-26 12:49:44 DEBUG cache - Couldn't find template in cache for "commons/commons-macros.ftl"("en_IN", UTF-8, parsed); will try to load it.
2025-09-26 12:49:44 DEBUG cache - TemplateLoader.findTemplateSource("commons/commons-macros_en_IN.ftl"): Not found
2025-09-26 12:49:44 DEBUG cache - TemplateLoader.findTemplateSource("commons/commons-macros_en.ftl"): Not found
2025-09-26 12:49:44 DEBUG cache - TemplateLoader.findTemplateSource("commons/commons-macros.ftl"): Found
2025-09-26 12:49:44 DEBUG cache - Loading template for "commons/commons-macros.ftl"("en_IN", UTF-8, parsed) from "jar:file:/C:/Users/Ritesh%20Kumar%20Singh/.m2/repository/com/aventstack/extentreports/5.1.2/extentreports-5.1.2.jar!/com/aventstack/extentreports/templates/commons/commons-macros.ftl"
2025-09-26 12:49:44 DEBUG cache - Couldn't find template in cache for "spark/macros/attributes.ftl"("en_IN", UTF-8, parsed); will try to load it.
2025-09-26 12:49:44 DEBUG cache - TemplateLoader.findTemplateSource("spark/macros/attributes_en_IN.ftl"): Not found
2025-09-26 12:49:44 DEBUG cache - TemplateLoader.findTemplateSource("spark/macros/attributes_en.ftl"): Not found
2025-09-26 12:49:44 DEBUG cache - TemplateLoader.findTemplateSource("spark/macros/attributes.ftl"): Found
2025-09-26 12:49:44 DEBUG cache - Loading template for "spark/macros/attributes.ftl"("en_IN", UTF-8, parsed) from "jar:file:/C:/Users/Ritesh%20Kumar%20Singh/.m2/repository/com/aventstack/extentreports/5.1.2/extentreports-5.1.2.jar!/com/aventstack/extentreports/templates/spark/macros/attributes.ftl"
2025-09-26 12:49:44 DEBUG cache - Couldn't find template in cache for "spark/macros/log.ftl"("en_IN", UTF-8, parsed); will try to load it.
2025-09-26 12:49:44 DEBUG cache - TemplateLoader.findTemplateSource("spark/macros/log_en_IN.ftl"): Not found
2025-09-26 12:49:44 DEBUG cache - TemplateLoader.findTemplateSource("spark/macros/log_en.ftl"): Not found
2025-09-26 12:49:44 DEBUG cache - TemplateLoader.findTemplateSource("spark/macros/log.ftl"): Found
2025-09-26 12:49:44 DEBUG cache - Loading template for "spark/macros/log.ftl"("en_IN", UTF-8, parsed) from "jar:file:/C:/Users/Ritesh%20Kumar%20Singh/.m2/repository/com/aventstack/extentreports/5.1.2/extentreports-5.1.2.jar!/com/aventstack/extentreports/templates/spark/macros/log.ftl"
2025-09-26 12:49:44 DEBUG cache - Couldn't find template in cache for "spark/macros/recurse_nodes.ftl"("en_IN", UTF-8, parsed); will try to load it.
2025-09-26 12:49:44 DEBUG cache - TemplateLoader.findTemplateSource("spark/macros/recurse_nodes_en_IN.ftl"): Not found
2025-09-26 12:49:44 DEBUG cache - TemplateLoader.findTemplateSource("spark/macros/recurse_nodes_en.ftl"): Not found
2025-09-26 12:49:44 DEBUG cache - TemplateLoader.findTemplateSource("spark/macros/recurse_nodes.ftl"): Found
2025-09-26 12:49:44 DEBUG cache - Loading template for "spark/macros/recurse_nodes.ftl"("en_IN", UTF-8, parsed) from "jar:file:/C:/Users/Ritesh%20Kumar%20Singh/.m2/repository/com/aventstack/extentreports/5.1.2/extentreports-5.1.2.jar!/com/aventstack/extentreports/templates/spark/macros/recurse_nodes.ftl"
2025-09-26 12:49:44 DEBUG cache - "spark/macros/log.ftl"("en_IN", UTF-8, parsed) cached copy not yet stale; using cached.
2025-09-26 12:49:44 DEBUG cache - Couldn't find template in cache for "spark/macros/attr-common.ftl"("en_IN", UTF-8, parsed); will try to load it.
2025-09-26 12:49:44 DEBUG cache - TemplateLoader.findTemplateSource("spark/macros/attr-common_en_IN.ftl"): Not found
2025-09-26 12:49:44 DEBUG cache - TemplateLoader.findTemplateSource("spark/macros/attr-common_en.ftl"): Not found
2025-09-26 12:49:44 DEBUG cache - TemplateLoader.findTemplateSource("spark/macros/attr-common.ftl"): Found
2025-09-26 12:49:44 DEBUG cache - Loading template for "spark/macros/attr-common.ftl"("en_IN", UTF-8, parsed) from "jar:file:/C:/Users/Ritesh%20Kumar%20Singh/.m2/repository/com/aventstack/extentreports/5.1.2/extentreports-5.1.2.jar!/com/aventstack/extentreports/templates/spark/macros/attr-common.ftl"
2025-09-26 12:49:44 DEBUG cache - Couldn't find template in cache for "spark/partials/head.ftl"("en_IN", UTF-8, parsed); will try to load it.
2025-09-26 12:49:44 DEBUG cache - TemplateLoader.findTemplateSource("spark/partials/head_en_IN.ftl"): Not found
2025-09-26 12:49:44 DEBUG cache - TemplateLoader.findTemplateSource("spark/partials/head_en.ftl"): Not found
2025-09-26 12:49:44 DEBUG cache - TemplateLoader.findTemplateSource("spark/partials/head.ftl"): Found
2025-09-26 12:49:44 DEBUG cache - Loading template for "spark/partials/head.ftl"("en_IN", UTF-8, parsed) from "jar:file:/C:/Users/Ritesh%20Kumar%20Singh/.m2/repository/com/aventstack/extentreports/5.1.2/extentreports-5.1.2.jar!/com/aventstack/extentreports/templates/spark/partials/head.ftl"
2025-09-26 12:49:44 DEBUG cache - Couldn't find template in cache for "commons/commons-inject-css.ftl"("en_IN", UTF-8, parsed); will try to load it.
2025-09-26 12:49:44 DEBUG cache - TemplateLoader.findTemplateSource("commons/commons-inject-css_en_IN.ftl"): Not found
2025-09-26 12:49:44 DEBUG cache - TemplateLoader.findTemplateSource("commons/commons-inject-css_en.ftl"): Not found
2025-09-26 12:49:44 DEBUG cache - TemplateLoader.findTemplateSource("commons/commons-inject-css.ftl"): Found
2025-09-26 12:49:44 DEBUG cache - Loading template for "commons/commons-inject-css.ftl"("en_IN", UTF-8, parsed) from "jar:file:/C:/Users/Ritesh%20Kumar%20Singh/.m2/repository/com/aventstack/extentreports/5.1.2/extentreports-5.1.2.jar!/com/aventstack/extentreports/templates/commons/commons-inject-css.ftl"
2025-09-26 12:49:44 DEBUG cache - Couldn't find template in cache for "spark/partials/navbar.ftl"("en_IN", UTF-8, parsed); will try to load it.
2025-09-26 12:49:44 DEBUG cache - TemplateLoader.findTemplateSource("spark/partials/navbar_en_IN.ftl"): Not found
2025-09-26 12:49:44 DEBUG cache - TemplateLoader.findTemplateSource("spark/partials/navbar_en.ftl"): Not found
2025-09-26 12:49:44 DEBUG cache - TemplateLoader.findTemplateSource("spark/partials/navbar.ftl"): Found
2025-09-26 12:49:44 DEBUG cache - Loading template for "spark/partials/navbar.ftl"("en_IN", UTF-8, parsed) from "jar:file:/C:/Users/Ritesh%20Kumar%20Singh/.m2/repository/com/aventstack/extentreports/5.1.2/extentreports-5.1.2.jar!/com/aventstack/extentreports/templates/spark/partials/navbar.ftl"
2025-09-26 12:49:44 DEBUG cache - Couldn't find template in cache for "spark/partials/sidenav.ftl"("en_IN", UTF-8, parsed); will try to load it.
2025-09-26 12:49:44 DEBUG cache - TemplateLoader.findTemplateSource("spark/partials/sidenav_en_IN.ftl"): Not found
2025-09-26 12:49:44 DEBUG cache - TemplateLoader.findTemplateSource("spark/partials/sidenav_en.ftl"): Not found
2025-09-26 12:49:44 DEBUG cache - TemplateLoader.findTemplateSource("spark/partials/sidenav.ftl"): Found
2025-09-26 12:49:44 DEBUG cache - Loading template for "spark/partials/sidenav.ftl"("en_IN", UTF-8, parsed) from "jar:file:/C:/Users/Ritesh%20Kumar%20Singh/.m2/repository/com/aventstack/extentreports/5.1.2/extentreports-5.1.2.jar!/com/aventstack/extentreports/templates/spark/partials/sidenav.ftl"
2025-09-26 12:49:44 DEBUG cache - Couldn't find template in cache for "spark/partials/test.ftl"("en_IN", UTF-8, parsed); will try to load it.
2025-09-26 12:49:44 DEBUG cache - TemplateLoader.findTemplateSource("spark/partials/test_en_IN.ftl"): Not found
2025-09-26 12:49:44 DEBUG cache - TemplateLoader.findTemplateSource("spark/partials/test_en.ftl"): Not found
2025-09-26 12:49:44 DEBUG cache - TemplateLoader.findTemplateSource("spark/partials/test.ftl"): Found
2025-09-26 12:49:44 DEBUG cache - Loading template for "spark/partials/test.ftl"("en_IN", UTF-8, parsed) from "jar:file:/C:/Users/Ritesh%20Kumar%20Singh/.m2/repository/com/aventstack/extentreports/5.1.2/extentreports-5.1.2.jar!/com/aventstack/extentreports/templates/spark/partials/test.ftl"
2025-09-26 12:49:44 DEBUG cache - Couldn't find template in cache for "spark/partials/standard-content.ftl"("en_IN", UTF-8, parsed); will try to load it.
2025-09-26 12:49:44 DEBUG cache - TemplateLoader.findTemplateSource("spark/partials/standard-content_en_IN.ftl"): Not found
2025-09-26 12:49:44 DEBUG cache - TemplateLoader.findTemplateSource("spark/partials/standard-content_en.ftl"): Not found
2025-09-26 12:49:44 DEBUG cache - TemplateLoader.findTemplateSource("spark/partials/standard-content.ftl"): Found
2025-09-26 12:49:44 DEBUG cache - Loading template for "spark/partials/standard-content.ftl"("en_IN", UTF-8, parsed) from "jar:file:/C:/Users/Ritesh%20Kumar%20Singh/.m2/repository/com/aventstack/extentreports/5.1.2/extentreports-5.1.2.jar!/com/aventstack/extentreports/templates/spark/partials/standard-content.ftl"
2025-09-26 12:49:44 DEBUG cache - "spark/partials/standard-content.ftl"("en_IN", UTF-8, parsed) cached copy not yet stale; using cached.
2025-09-26 12:49:44 DEBUG cache - Couldn't find template in cache for "spark/partials/exception.ftl"("en_IN", UTF-8, parsed); will try to load it.
2025-09-26 12:49:44 DEBUG cache - TemplateLoader.findTemplateSource("spark/partials/exception_en_IN.ftl"): Not found
2025-09-26 12:49:44 DEBUG cache - TemplateLoader.findTemplateSource("spark/partials/exception_en.ftl"): Not found
2025-09-26 12:49:44 DEBUG cache - TemplateLoader.findTemplateSource("spark/partials/exception.ftl"): Found
2025-09-26 12:49:44 DEBUG cache - Loading template for "spark/partials/exception.ftl"("en_IN", UTF-8, parsed) from "jar:file:/C:/Users/Ritesh%20Kumar%20Singh/.m2/repository/com/aventstack/extentreports/5.1.2/extentreports-5.1.2.jar!/com/aventstack/extentreports/templates/spark/partials/exception.ftl"
2025-09-26 12:49:44 DEBUG cache - Couldn't find template in cache for "spark/partials/category.ftl"("en_IN", UTF-8, parsed); will try to load it.
2025-09-26 12:49:44 DEBUG cache - TemplateLoader.findTemplateSource("spark/partials/category_en_IN.ftl"): Not found
2025-09-26 12:49:44 DEBUG cache - TemplateLoader.findTemplateSource("spark/partials/category_en.ftl"): Not found
2025-09-26 12:49:44 DEBUG cache - TemplateLoader.findTemplateSource("spark/partials/category.ftl"): Found
2025-09-26 12:49:44 DEBUG cache - Loading template for "spark/partials/category.ftl"("en_IN", UTF-8, parsed) from "jar:file:/C:/Users/Ritesh%20Kumar%20Singh/.m2/repository/com/aventstack/extentreports/5.1.2/extentreports-5.1.2.jar!/com/aventstack/extentreports/templates/spark/partials/category.ftl"
2025-09-26 12:49:44 DEBUG cache - Couldn't find template in cache for "spark/partials/device.ftl"("en_IN", UTF-8, parsed); will try to load it.
2025-09-26 12:49:44 DEBUG cache - TemplateLoader.findTemplateSource("spark/partials/device_en_IN.ftl"): Not found
2025-09-26 12:49:44 DEBUG cache - TemplateLoader.findTemplateSource("spark/partials/device_en.ftl"): Not found
2025-09-26 12:49:44 DEBUG cache - TemplateLoader.findTemplateSource("spark/partials/device.ftl"): Found
2025-09-26 12:49:44 DEBUG cache - Loading template for "spark/partials/device.ftl"("en_IN", UTF-8, parsed) from "jar:file:/C:/Users/Ritesh%20Kumar%20Singh/.m2/repository/com/aventstack/extentreports/5.1.2/extentreports-5.1.2.jar!/com/aventstack/extentreports/templates/spark/partials/device.ftl"
2025-09-26 12:49:44 DEBUG cache - Couldn't find template in cache for "spark/partials/author.ftl"("en_IN", UTF-8, parsed); will try to load it.
2025-09-26 12:49:44 DEBUG cache - TemplateLoader.findTemplateSource("spark/partials/author_en_IN.ftl"): Not found
2025-09-26 12:49:44 DEBUG cache - TemplateLoader.findTemplateSource("spark/partials/author_en.ftl"): Not found
2025-09-26 12:49:44 DEBUG cache - TemplateLoader.findTemplateSource("spark/partials/author.ftl"): Found
2025-09-26 12:49:44 DEBUG cache - Loading template for "spark/partials/author.ftl"("en_IN", UTF-8, parsed) from "jar:file:/C:/Users/Ritesh%20Kumar%20Singh/.m2/repository/com/aventstack/extentreports/5.1.2/extentreports-5.1.2.jar!/com/aventstack/extentreports/templates/spark/partials/author.ftl"
2025-09-26 12:49:44 DEBUG cache - Couldn't find template in cache for "spark/partials/log.ftl"("en_IN", UTF-8, parsed); will try to load it.
2025-09-26 12:49:44 DEBUG cache - TemplateLoader.findTemplateSource("spark/partials/log_en_IN.ftl"): Not found
2025-09-26 12:49:44 DEBUG cache - TemplateLoader.findTemplateSource("spark/partials/log_en.ftl"): Not found
2025-09-26 12:49:44 DEBUG cache - TemplateLoader.findTemplateSource("spark/partials/log.ftl"): Found
2025-09-26 12:49:44 DEBUG cache - Loading template for "spark/partials/log.ftl"("en_IN", UTF-8, parsed) from "jar:file:/C:/Users/Ritesh%20Kumar%20Singh/.m2/repository/com/aventstack/extentreports/5.1.2/extentreports-5.1.2.jar!/com/aventstack/extentreports/templates/spark/partials/log.ftl"
2025-09-26 12:49:44 DEBUG cache - Couldn't find template in cache for "spark/partials/dashboard.ftl"("en_IN", UTF-8, parsed); will try to load it.
2025-09-26 12:49:44 DEBUG cache - TemplateLoader.findTemplateSource("spark/partials/dashboard_en_IN.ftl"): Not found
2025-09-26 12:49:44 DEBUG cache - TemplateLoader.findTemplateSource("spark/partials/dashboard_en.ftl"): Not found
2025-09-26 12:49:44 DEBUG cache - TemplateLoader.findTemplateSource("spark/partials/dashboard.ftl"): Found
2025-09-26 12:49:44 DEBUG cache - Loading template for "spark/partials/dashboard.ftl"("en_IN", UTF-8, parsed) from "jar:file:/C:/Users/Ritesh%20Kumar%20Singh/.m2/repository/com/aventstack/extentreports/5.1.2/extentreports-5.1.2.jar!/com/aventstack/extentreports/templates/spark/partials/dashboard.ftl"
2025-09-26 12:49:44 DEBUG cache - Couldn't find template in cache for "spark/partials/scripts.ftl"("en_IN", UTF-8, parsed); will try to load it.
2025-09-26 12:49:44 DEBUG cache - TemplateLoader.findTemplateSource("spark/partials/scripts_en_IN.ftl"): Not found
2025-09-26 12:49:44 DEBUG cache - TemplateLoader.findTemplateSource("spark/partials/scripts_en.ftl"): Not found
2025-09-26 12:49:44 DEBUG cache - TemplateLoader.findTemplateSource("spark/partials/scripts.ftl"): Found
2025-09-26 12:49:44 DEBUG cache - Loading template for "spark/partials/scripts.ftl"("en_IN", UTF-8, parsed) from "jar:file:/C:/Users/Ritesh%20Kumar%20Singh/.m2/repository/com/aventstack/extentreports/5.1.2/extentreports-5.1.2.jar!/com/aventstack/extentreports/templates/spark/partials/scripts.ftl"
2025-09-26 12:49:44 DEBUG cache - Couldn't find template in cache for "commons/commons-inject-js.ftl"("en_IN", UTF-8, parsed); will try to load it.
2025-09-26 12:49:44 DEBUG cache - TemplateLoader.findTemplateSource("commons/commons-inject-js_en_IN.ftl"): Not found
2025-09-26 12:49:44 DEBUG cache - TemplateLoader.findTemplateSource("commons/commons-inject-js_en.ftl"): Not found
2025-09-26 12:49:44 DEBUG cache - TemplateLoader.findTemplateSource("commons/commons-inject-js.ftl"): Found
2025-09-26 12:49:44 DEBUG cache - Loading template for "commons/commons-inject-js.ftl"("en_IN", UTF-8, parsed) from "jar:file:/C:/Users/Ritesh%20Kumar%20Singh/.m2/repository/com/aventstack/extentreports/5.1.2/extentreports-5.1.2.jar!/com/aventstack/extentreports/templates/commons/commons-inject-js.ftl"
